2026-09-06 10:52:22,628 [INFO] Activator:176 - 


2026-09-06 10:52:22,635 [INFO] Activator:177 - !SESSION log4j initialized
2026-09-06 10:52:31,570 [INFO] LogOutputStream:77 - [STDOUT_REDIRECT] 
2026-09-06 10:52:34,388 [INFO] ApplicationProperties:184 - Using Application install path: D:\ST\STM32CubeIDE_1.16.0\STM32CubeIDE\plugins\com.st.stm32cube.common.mx_6.12.0.202406281431
2026-09-06 10:52:34,416 [INFO] DbMcusXml:78 - Set database path to: D:\ST\STM32CubeIDE_1.16.0\STM32CubeIDE\plugins\com.st.stm32cube.common.mx_6.12.0.202406281431\\db\/mcu/
2026-09-06 10:52:34,416 [INFO] ApiDb:274 - Set plugin database path to: D:\ST\STM32CubeIDE_1.16.0\STM32CubeIDE\plugins\com.st.stm32cube.common.mx_6.12.0.202406281431\\db\/plugins/boardmanager/
2026-09-06 10:52:34,417 [WARN] ApiDb:259 - Overriding images path with different value:  => D:\ST\STM32CubeIDE_1.16.0\STM32CubeIDE\plugins\com.st.stm32cube.common.mx_6.12.0.202406281431\\db\/plugins/mcufinder/images/
2026-09-06 10:52:34,433 [INFO] ApiDb:250 - Set database path to: C:\Users\user\.stmcufinder\plugins\mcufinder//mcu/
2026-09-06 10:52:34,434 [INFO] DbMcusAds:125 - Set database path to: C:\Users\user\.stmcufinder\plugins\mcufinder//mcu/
2026-09-06 10:52:34,438 [INFO] CrossReferenceDbSqlite:203 - Set database path to: C:\Users\user\.stmcufinder\plugins\mcufinder//mcu/cs/
2026-09-06 10:52:34,590 [INFO] RulesReader:64 - Compatibility file has been processed (297 Rules)
2026-09-06 10:52:34,750 [INFO] DbMcusXml:78 - Set database path to: D:\ST\STM32CubeIDE_1.16.0\STM32CubeIDE\plugins\com.st.stm32cube.common.mx_6.12.0.202406281431\\db\/mcu/
2026-09-06 10:52:34,750 [INFO] ApiDb:274 - Set plugin database path to: D:\ST\STM32CubeIDE_1.16.0\STM32CubeIDE\plugins\com.st.stm32cube.common.mx_6.12.0.202406281431\\db\/plugins/boardmanager/
2026-09-06 10:52:34,750 [INFO] ApiDb:261 - Set plugin images path to: D:\ST\STM32CubeIDE_1.16.0\STM32CubeIDE\plugins\com.st.stm32cube.common.mx_6.12.0.202406281431\\db\/plugins/mcufinder/images/
2026-09-06 10:52:34,751 [WARN] DbFile:41 - Overriding database path with different value: C:\Users\user\.stmcufinder\plugins\mcufinder/ => C:\Users\user\.stmcufinder\plugins\mcufinder
2026-09-06 10:52:34,751 [INFO] ApiDb:250 - Set database path to: C:\Users\user\.stmcufinder\plugins\mcufinder//mcu/
2026-09-06 10:52:34,751 [WARN] DbFile:41 - Overriding database path with different value: C:\Users\user\.stmcufinder\plugins\mcufinder/ => C:\Users\user\.stmcufinder\plugins\mcufinder
2026-09-06 10:52:34,751 [INFO] DbMcusAds:125 - Set database path to: C:\Users\user\.stmcufinder\plugins\mcufinder//mcu/
2026-09-06 10:52:34,751 [WARN] DbFile:41 - Overriding database path with different value: C:\Users\user\.stmcufinder\plugins\mcufinder/ => C:\Users\user\.stmcufinder\plugins\mcufinder
2026-09-06 10:52:34,752 [WARN] DbFile:41 - Overriding database path with different value: C:\Users\user\.stmcufinder\plugins\mcufinder/ => C:\Users\user\.stmcufinder\plugins\mcufinder
2026-09-06 10:52:34,752 [INFO] CrossReferenceDbSqlite:203 - Set database path to: C:\Users\user\.stmcufinder\plugins\mcufinder//mcu/cs/
2026-09-06 10:52:34,887 [INFO] MainPanel:268 - HeapMemory: 268435456
2026-09-06 10:52:35,099 [INFO] DbMcusXml:78 - Set database path to: D:\ST\STM32CubeIDE_1.16.0\STM32CubeIDE\plugins\com.st.stm32cube.common.mx_6.12.0.202406281431\\db\/mcu/
2026-09-06 10:52:35,099 [INFO] ApiDb:274 - Set plugin database path to: D:\ST\STM32CubeIDE_1.16.0\STM32CubeIDE\plugins\com.st.stm32cube.common.mx_6.12.0.202406281431\\db\/plugins/boardmanager/
2026-09-06 10:52:35,099 [INFO] ApiDb:261 - Set plugin images path to: D:\ST\STM32CubeIDE_1.16.0\STM32CubeIDE\plugins\com.st.stm32cube.common.mx_6.12.0.202406281431\\db\/plugins/mcufinder/images/
2026-09-06 10:52:35,100 [WARN] DbFile:41 - Overriding database path with different value: C:\Users\user\.stmcufinder\plugins\mcufinder/ => C:\Users\user\.stmcufinder\plugins\mcufinder
2026-09-06 10:52:35,100 [INFO] ApiDb:250 - Set database path to: C:\Users\user\.stmcufinder\plugins\mcufinder//mcu/
2026-09-06 10:52:35,100 [WARN] DbFile:41 - Overriding database path with different value: C:\Users\user\.stmcufinder\plugins\mcufinder/ => C:\Users\user\.stmcufinder\plugins\mcufinder
2026-09-06 10:52:35,101 [INFO] DbMcusAds:125 - Set database path to: C:\Users\user\.stmcufinder\plugins\mcufinder//mcu/
2026-09-06 10:52:35,101 [WARN] DbFile:41 - Overriding database path with different value: C:\Users\user\.stmcufinder\plugins\mcufinder/ => C:\Users\user\.stmcufinder\plugins\mcufinder
2026-09-06 10:52:35,101 [WARN] DbFile:41 - Overriding database path with different value: C:\Users\user\.stmcufinder\plugins\mcufinder/ => C:\Users\user\.stmcufinder\plugins\mcufinder
2026-09-06 10:52:35,101 [INFO] CrossReferenceDbSqlite:203 - Set database path to: C:\Users\user\.stmcufinder\plugins\mcufinder//mcu/cs/
2026-09-06 10:52:35,137 [INFO] ApplicationProperties:184 - Using Application install path: D:\ST\STM32CubeIDE_1.16.0\STM32CubeIDE\plugins\com.st.stm32cube.common.mx_6.12.0.202406281431
2026-09-06 10:52:35,139 [INFO] PluginManage:196 - Search for loadable plugins [exclusion list=, ]
2026-09-06 10:52:35,142 [INFO] PluginManage:310 - Check plugin analytics
2026-09-06 10:52:35,491 [INFO] AnalyticsPlugin:253 - Accepted Software Licenses: 
2026-09-06 10:52:35,491 [INFO] AnalyticsPlugin:255 - Accepted CMSIS Pack Licenses: 
2026-09-06 10:52:35,492 [INFO] AnalyticsPlugin:257 - Accepted Firmware Licenses: FW.L4.1.18.0,FW.F4.1.28.0
2026-09-06 10:52:35,499 [INFO] PluginManage:359 - Loaded plugin analytics (category:tool,tabindex:-1)
2026-09-06 10:52:35,500 [INFO] PluginManage:310 - Check plugin cadmodel
2026-09-06 10:52:35,525 [INFO] CADModel:105 - Init CAD model plugin
2026-09-06 10:52:35,525 [INFO] PluginManage:359 - Loaded plugin cadmodel (category:power,tabindex:5)
2026-09-06 10:52:35,525 [INFO] PluginManage:310 - Check plugin clock
2026-09-06 10:52:35,560 [INFO] PluginManage:359 - Loaded plugin clock (category:base,tabindex:2)
2026-09-06 10:52:35,560 [INFO] PluginManage:310 - Check plugin ddr
2026-09-06 10:52:35,565 [INFO] PluginManage:359 - Loaded plugin ddr (category:tool,tabindex:6)
2026-09-06 10:52:35,565 [INFO] PluginManage:310 - Check plugin filemanager
2026-09-06 10:52:35,793 [INFO] PluginManage:359 - Loaded plugin filemanager (category:base,tabindex:10)
2026-09-06 10:52:35,794 [INFO] PluginManage:310 - Check plugin ipmanager
2026-09-06 10:52:35,808 [INFO] PluginManage:359 - Loaded plugin ipmanager (category:base,tabindex:5)
2026-09-06 10:52:35,809 [INFO] PluginManage:310 - Check plugin lpbam
2026-09-06 10:52:35,833 [INFO] PluginManage:359 - Loaded plugin lpbam (category:base,tabindex:0)
2026-09-06 10:52:35,833 [INFO] PluginManage:310 - Check plugin memorymap
2026-09-06 10:52:35,863 [INFO] PluginManage:359 - Loaded plugin memorymap (category:base,tabindex:4)
2026-09-06 10:52:35,863 [INFO] PluginManage:310 - Check plugin pinoutandconfiguration
2026-09-06 10:52:35,890 [INFO] PluginManage:359 - Loaded plugin pinoutandconfiguration (category:base,tabindex:1)
2026-09-06 10:52:35,890 [INFO] PluginManage:310 - Check plugin pinoutconfig
2026-09-06 10:52:36,025 [WARN] SupportedApi:132 - Cannot load RTOS API schema: s4s-elt-must-match.1: The content of 'definitions' must match (annotation?, (simpleType | complexType)?, (unique | key | keyref)*)). A problem was found starting at: attribute.
2026-09-06 10:52:36,227 [INFO] PluginManage:359 - Loaded plugin pinoutconfig (category:base,tabindex:0)
2026-09-06 10:52:36,227 [INFO] PluginManage:310 - Check plugin power
2026-09-06 10:52:36,256 [INFO] PluginManage:359 - Loaded plugin power (category:power,tabindex:4)
2026-09-06 10:52:36,256 [INFO] PluginManage:310 - Check plugin projectmanager
2026-09-06 10:52:36,278 [INFO] PluginManage:359 - Loaded plugin projectmanager (category:projectmanager,tabindex:4)
2026-09-06 10:52:36,278 [INFO] PluginManage:310 - Check plugin rif
2026-09-06 10:52:36,298 [INFO] PluginManage:359 - Loaded plugin rif (category:base,tabindex:3)
2026-09-06 10:52:36,298 [INFO] PluginManage:310 - Check plugin thirdparty
2026-09-06 10:52:36,763 [INFO] PluginManage:359 - Loaded plugin thirdparty (category:base,tabindex:-1)
2026-09-06 10:52:36,763 [WARN] IntegrityCheckThread:84 - waiting for thirdparty lock release [integrity check]
2026-09-06 10:52:36,764 [INFO] IntegrityCheckThread:86 - entering critical section [integrity check]
2026-09-06 10:52:36,764 [INFO] PluginManage:310 - Check plugin tools
2026-09-06 10:52:36,765 [INFO] ThirdPartyUpdaterWithRetryManager:70 - Updater plugin not ready yet. [1/15]
2026-09-06 10:52:36,827 [INFO] PluginManage:359 - Loaded plugin tools (category:base,tabindex:7)
2026-09-06 10:52:36,827 [INFO] PluginManage:310 - Check plugin tutovideos
2026-09-06 10:52:37,194 [INFO] PluginManage:359 - Loaded plugin tutovideos (category:base,tabindex:-1)
2026-09-06 10:52:37,194 [INFO] PluginManage:310 - Check plugin updater
2026-09-06 10:52:37,228 [INFO] PluginManage:359 - Loaded plugin updater (category:base,tabindex:12)
2026-09-06 10:52:37,229 [INFO] PluginManage:310 - Check plugin userauth
2026-09-06 10:52:37,239 [INFO] UserAuth:113 - Init User Auth plugin
2026-09-06 10:52:37,240 [INFO] PluginManage:359 - Loaded plugin userauth (category:base,tabindex:14)
2026-09-06 10:52:37,242 [INFO] PluginManage:283 - PluginManage : Loaded plugins [18]
2026-09-06 10:52:37,629 [INFO] PinOutPanel:1561 - setPackage(No Configuration,No Configuration)
2026-09-06 10:52:37,784 [INFO] CADModel:165 - CPN selected for project level
2026-09-06 10:52:37,785 [INFO] CADModel:114 - Register for checkConnection events
2026-09-06 10:52:37,824 [INFO] IPUIPlugin:80 - create IPUIPlugin
2026-09-06 10:52:37,824 [INFO] PluginManager:220 - loadIPPluginJar : add adc
2026-09-06 10:52:37,875 [INFO] IPUIPlugin:80 - create IPUIPlugin
2026-09-06 10:52:37,875 [INFO] PluginManager:220 - loadIPPluginJar : add aes
2026-09-06 10:52:37,928 [INFO] IPUIPlugin:80 - create IPUIPlugin
2026-09-06 10:52:37,929 [INFO] PluginManager:220 - loadIPPluginJar : add can
2026-09-06 10:52:37,968 [INFO] IPUIPlugin:80 - create IPUIPlugin
2026-09-06 10:52:37,968 [INFO] PluginManager:220 - loadIPPluginJar : add comp
2026-09-06 10:52:38,010 [INFO] IPUIPlugin:80 - create IPUIPlugin
2026-09-06 10:52:38,010 [INFO] PluginManager:220 - loadIPPluginJar : add cryp
2026-09-06 10:52:38,026 [INFO] IPUIPlugin:80 - create IPUIPlugin
2026-09-06 10:52:38,026 [INFO] PluginManager:220 - loadIPPluginJar : add ddr_ctrl_phy
2026-09-06 10:52:38,070 [INFO] IPUIPlugin:80 - create IPUIPlugin
2026-09-06 10:52:38,070 [INFO] PluginManager:220 - loadIPPluginJar : add dfsdm
2026-09-06 10:52:38,088 [INFO] IPUIPlugin:80 - create IPUIPlugin
2026-09-06 10:52:38,089 [INFO] PluginManager:220 - loadIPPluginJar : add dma
2026-09-06 10:52:38,152 [INFO] IPUIPlugin:80 - create IPUIPlugin
2026-09-06 10:52:38,153 [INFO] PluginManager:220 - loadIPPluginJar : add dma3
2026-09-06 10:52:38,212 [INFO] IPUIPlugin:80 - create IPUIPlugin
2026-09-06 10:52:38,212 [INFO] PluginManager:220 - loadIPPluginJar : add extmemmanager
2026-09-06 10:52:38,248 [INFO] IPUIPlugin:80 - create IPUIPlugin
2026-09-06 10:52:38,248 [INFO] PluginManager:220 - loadIPPluginJar : add fatfs
2026-09-06 10:52:38,317 [INFO] IPUIPlugin:80 - create IPUIPlugin
2026-09-06 10:52:38,317 [INFO] PluginManager:220 - loadIPPluginJar : add fmc
2026-09-06 10:52:38,341 [INFO] IPUIPlugin:80 - create IPUIPlugin
2026-09-06 10:52:38,341 [INFO] PluginManager:220 - loadIPPluginJar : add freertos
2026-09-06 10:52:38,367 [INFO] IPUIPlugin:80 - create IPUIPlugin
2026-09-06 10:52:38,367 [INFO] PluginManager:220 - loadIPPluginJar : add genericplugin
2026-09-06 10:52:38,498 [INFO] IPUIPlugin:80 - create IPUIPlugin
2026-09-06 10:52:38,498 [INFO] PluginManager:220 - loadIPPluginJar : add gfxmmu
2026-09-06 10:52:38,682 [INFO] IPUIPlugin:80 - create IPUIPlugin
2026-09-06 10:52:38,682 [INFO] PluginManager:220 - loadIPPluginJar : add gic
2026-09-06 10:52:38,700 [INFO] IPUIPlugin:80 - create IPUIPlugin
2026-09-06 10:52:38,700 [INFO] PluginManager:220 - loadIPPluginJar : add gpio
2026-09-06 10:52:38,829 [INFO] IPUIPlugin:80 - create IPUIPlugin
2026-09-06 10:52:38,829 [INFO] PluginManager:220 - loadIPPluginJar : add gtzc
2026-09-06 10:52:38,874 [INFO] IPUIPlugin:80 - create IPUIPlugin
2026-09-06 10:52:38,874 [INFO] PluginManager:220 - loadIPPluginJar : add hash
2026-09-06 10:52:38,942 [INFO] IPUIPlugin:80 - create IPUIPlugin
2026-09-06 10:52:38,942 [INFO] PluginManager:220 - loadIPPluginJar : add i2c
2026-09-06 10:52:38,997 [INFO] IPUIPlugin:80 - create IPUIPlugin
2026-09-06 10:52:38,998 [INFO] PluginManager:220 - loadIPPluginJar : add i2s
2026-09-06 10:52:39,046 [INFO] IPUIPlugin:80 - create IPUIPlugin
2026-09-06 10:52:39,046 [INFO] PluginManager:220 - loadIPPluginJar : add i3c
2026-09-06 10:52:39,182 [INFO] IPUIPlugin:80 - create IPUIPlugin
2026-09-06 10:52:39,183 [INFO] PluginManager:220 - loadIPPluginJar : add ipddr
2026-09-06 10:52:39,307 [INFO] IPUIPlugin:80 - create IPUIPlugin
2026-09-06 10:52:39,308 [INFO] PluginManager:220 - loadIPPluginJar : add linkedlist
2026-09-06 10:52:39,357 [INFO] IPUIPlugin:80 - create IPUIPlugin
2026-09-06 10:52:39,357 [INFO] PluginManager:220 - loadIPPluginJar : add lorawan
2026-09-06 10:52:39,406 [INFO] IPUIPlugin:80 - create IPUIPlugin
2026-09-06 10:52:39,406 [INFO] PluginManager:220 - loadIPPluginJar : add ltdc
2026-09-06 10:52:39,426 [INFO] IPUIPlugin:80 - create IPUIPlugin
2026-09-06 10:52:39,426 [INFO] PluginManager:220 - loadIPPluginJar : add mdma
2026-09-06 10:52:39,442 [INFO] IPUIPlugin:80 - create IPUIPlugin
2026-09-06 10:52:39,442 [INFO] PluginManager:220 - loadIPPluginJar : add nvic
2026-09-06 10:52:39,491 [INFO] IPUIPlugin:80 - create IPUIPlugin
2026-09-06 10:52:39,491 [INFO] PluginManager:220 - loadIPPluginJar : add opamp
2026-09-06 10:52:39,563 [INFO] IPUIPlugin:80 - create IPUIPlugin
2026-09-06 10:52:39,564 [INFO] PluginManager:220 - loadIPPluginJar : add openamp
2026-09-06 10:52:39,612 [INFO] IPUIPlugin:80 - create IPUIPlugin
2026-09-06 10:52:39,612 [INFO] PluginManager:220 - loadIPPluginJar : add pdm2pcm
2026-09-06 10:52:39,629 [INFO] IPUIPlugin:80 - create IPUIPlugin
2026-09-06 10:52:39,631 [INFO] PluginManager:220 - loadIPPluginJar : add plateformsettings
2026-09-06 10:52:39,655 [INFO] IPUIPlugin:80 - create IPUIPlugin
2026-09-06 10:52:39,655 [INFO] PluginManager:220 - loadIPPluginJar : add quadspi
2026-09-06 10:52:39,686 [INFO] IPUIPlugin:80 - create IPUIPlugin
2026-09-06 10:52:39,687 [INFO] PluginManager:220 - loadIPPluginJar : add radio
2026-09-06 10:52:39,706 [INFO] IPUIPlugin:80 - create IPUIPlugin
2026-09-06 10:52:39,706 [INFO] PluginManager:220 - loadIPPluginJar : add resmgrutility
2026-09-06 10:52:39,772 [INFO] ThirdPartyUpdaterWithRetryManager:70 - Updater plugin not ready yet. [2/15]
2026-09-06 10:52:39,782 [INFO] IPUIPlugin:80 - create IPUIPlugin
2026-09-06 10:52:39,783 [INFO] PluginManager:220 - loadIPPluginJar : add sai
2026-09-06 10:52:39,853 [INFO] IPUIPlugin:80 - create IPUIPlugin
2026-09-06 10:52:39,853 [INFO] PluginManager:220 - loadIPPluginJar : add spi
2026-09-06 10:52:39,976 [INFO] IPUIPlugin:80 - create IPUIPlugin
2026-09-06 10:52:39,976 [INFO] PluginManager:220 - loadIPPluginJar : add stm32_wpan
2026-09-06 10:52:40,006 [INFO] IPUIPlugin:80 - create IPUIPlugin
2026-09-06 10:52:40,006 [INFO] PluginManager:220 - loadIPPluginJar : add tim
2026-09-06 10:52:40,082 [INFO] IPUIPlugin:80 - create IPUIPlugin
2026-09-06 10:52:40,082 [INFO] PluginManager:220 - loadIPPluginJar : add touchsensing
2026-09-06 10:52:40,114 [INFO] IPUIPlugin:80 - create IPUIPlugin
2026-09-06 10:52:40,114 [INFO] PluginManager:220 - loadIPPluginJar : add tracer_emb
2026-09-06 10:52:40,140 [INFO] IPUIPlugin:80 - create IPUIPlugin
2026-09-06 10:52:40,140 [INFO] PluginManager:220 - loadIPPluginJar : add ts
2026-09-06 10:52:40,165 [INFO] IPUIPlugin:80 - create IPUIPlugin
2026-09-06 10:52:40,165 [INFO] PluginManager:220 - loadIPPluginJar : add tsc
2026-09-06 10:52:40,190 [INFO] IPUIPlugin:80 - create IPUIPlugin
2026-09-06 10:52:40,190 [INFO] PluginManager:220 - loadIPPluginJar : add ucpd
2026-09-06 10:52:40,241 [INFO] IPUIPlugin:80 - create IPUIPlugin
2026-09-06 10:52:40,241 [INFO] PluginManager:220 - loadIPPluginJar : add usart
2026-09-06 10:52:40,290 [INFO] IPUIPlugin:80 - create IPUIPlugin
2026-09-06 10:52:40,290 [INFO] PluginManager:220 - loadIPPluginJar : add usbx
2026-09-06 10:52:40,430 [INFO] CADModel:165 - CPN selected for project level
2026-09-06 10:52:40,430 [INFO] CADModel:114 - Register for checkConnection events
2026-09-06 10:52:40,430 [FATAL] Updater:334 - Updater called before beeing initialized
2026-09-06 10:52:40,430 [ERROR] CADModel:125 - Updater not yet initialized, retry later 
2026-09-06 10:52:40,628 [INFO] CADModel:165 - CPN selected for project level
2026-09-06 10:52:40,629 [INFO] CADModel:114 - Register for checkConnection events
2026-09-06 10:52:40,629 [FATAL] Updater:334 - Updater called before beeing initialized
2026-09-06 10:52:40,629 [ERROR] CADModel:125 - Updater not yet initialized, retry later 
2026-09-06 10:52:40,634 [FATAL] Updater:334 - Updater called before beeing initialized
2026-09-06 10:52:40,769 [FATAL] Updater:334 - Updater called before beeing initialized
2026-09-06 10:52:40,779 [INFO] DbMcusAds:53 - JSON generation date=Wed Jul 15 15:14:54 IST 2026 (1784108694001)
2026-09-06 10:52:40,779 [FATAL] Updater:334 - Updater called before beeing initialized
2026-09-06 10:52:40,872 [WARN] DetailPanel:346 - Failed to get advertising image, set to default
2026-09-06 10:52:40,953 [FATAL] Updater:334 - Updater called before beeing initialized
2026-09-06 10:52:40,957 [FATAL] Updater:334 - Updater called before beeing initialized
2026-09-06 10:52:40,958 [FATAL] Updater:334 - Updater called before beeing initialized
2026-09-06 10:52:40,958 [WARN] DetailPanel:346 - Failed to get advertising image, set to default
2026-09-06 10:52:40,958 [FATAL] Updater:334 - Updater called before beeing initialized
2026-09-06 10:52:41,043 [ERROR] Updater:1164 - MainUpdater not yet initialized. External WinMGr cannot be set.
2026-09-06 10:52:41,057 [INFO] Updater:1100 - Updater Version found : 6.12.0
2026-09-06 10:52:41,082 [INFO] ApplicationProperties:184 - Using Application install path: D:\ST\STM32CubeIDE_1.16.0\STM32CubeIDE\plugins\com.st.stm32cube.common.mx_6.12.0.202406281431
2026-09-06 10:52:42,727 [ERROR] LogOutputStream:75 - [STDERR_REDIRECT] Sep 06, 2026 10:52:42 AM java.util.prefs.WindowsPreferences <init>
2026-09-06 10:52:42,728 [ERROR] LogOutputStream:75 - [STDERR_REDIRECT] WARNING: Could not open/create prefs root node Software\JavaSoft\Prefs at root 0xffffffff80000002. Windows RegCreateKeyEx(...) returned error code 5.
2026-09-06 10:52:42,728 [ERROR] LogOutputStream:75 - [STDERR_REDIRECT] 
2026-09-06 10:52:42,786 [INFO] ThirdPartyUpdaterWithRetryManager:70 - Updater plugin not ready yet. [3/15]
2026-09-06 10:52:43,689 [INFO] MainUpdater:2873 - connection check result : 10
2026-09-06 10:52:43,691 [INFO] MainUpdater:290 - Updater Check For Update Now.
2026-09-06 10:52:43,691 [INFO] MicroXplorer:498 - Change Database Version : DB.6.0.120
2026-09-06 10:52:43,714 [INFO] McuFinderGlobals:63 - Set McuFinder mode to 2 (CubeIDE integrated)
2026-09-06 10:52:43,723 [INFO] UserAuth:417 - Internet connection configuration mode: 1
2026-09-06 10:52:43,774 [INFO] JxBrowserEngine:152 - Initiate JxBrowser Engine with user profile folder
2026-09-06 10:52:43,957 [INFO] CheckServerUpdateThread:120 - End of CheckServer Thread
2026-09-06 10:52:46,199 [INFO] WebApp:167 - Instantiating new browser for Auth
2026-09-06 10:52:46,417 [WARN] PackLoader:240 - Cannot read IP mode file for STMicroelectronics.X-CUBE-AZRTOS-H7.3.5.0
2026-09-06 10:52:46,454 [WARN] PackLoader:240 - Cannot read IP mode file for STMicroelectronics.FP-SNS-MOTENVWB1.1.4.0
2026-09-06 10:52:46,477 [WARN] PackLoader:240 - Cannot read IP mode file for STMicroelectronics.FP-ATR-ASTRA1.2.0.3
2026-09-06 10:52:46,496 [WARN] PackLoader:240 - Cannot read IP mode file for STMicroelectronics.FP-ATR-ASTRA1.2.0.2
2026-09-06 10:52:46,523 [ERROR] Engine:466 - C:\Users\user\.stm32cubemx\thirdparties\pdsc\STMicroelectronics.X-CUBE-SMBUS.2.1.1.pdsc: PDSC version is not supported
2026-09-06 10:52:46,539 [WARN] PackLoader:240 - Cannot read IP mode file for STMicroelectronics.X-CUBE-SMBUS.2.1.0
2026-09-06 10:52:46,555 [ERROR] Engine:466 - C:\Users\user\.stm32cubemx\thirdparties\pdsc\STMicroelectronics.X-CUBE-ST60.1.0.0.pdsc: PDSC version is not supported
2026-09-06 10:52:46,599 [WARN] PackLoader:240 - Cannot read IP mode file for STMicroelectronics.X-CUBE-AZRTOS-F7.1.1.0
2026-09-06 10:52:46,622 [ERROR] Engine:466 - C:\Users\user\.stm32cubemx\thirdparties\pdsc\STMicroelectronics.X-CUBE-FREERTOS.1.6.0.pdsc: PDSC version is not supported
2026-09-06 10:52:46,634 [ERROR] Engine:466 - C:\Users\user\.stm32cubemx\thirdparties\pdsc\STMicroelectronics.FP-SNS-MOTENV1.5.1.0.pdsc: PDSC version is not supported
2026-09-06 10:52:46,668 [WARN] PackLoader:240 - Cannot read IP mode file for STMicroelectronics.X-CUBE-AZRTOS-H7RS.1.3.0
2026-09-06 10:52:46,720 [WARN] PackLoader:240 - Cannot read IP mode file for Infineon.AIROC-Wi-Fi-Bluetooth-STM32.1.7.0
2026-09-06 10:52:46,751 [WARN] PackLoader:240 - Cannot read IP mode file for STMicroelectronics.X-CUBE-DISPLAY.3.0.0
2026-09-06 10:52:46,782 [WARN] PackLoader:240 - Cannot read IP mode file for STMicroelectronics.X-CUBE-GNSS1.7.1.1
2026-09-06 10:52:46,799 [ERROR] Engine:466 - C:\Users\user\.stm32cubemx\thirdparties\pdsc\STMicroelectronics.FP-SNS-MOTENVWB1.1.5.0.pdsc: PDSC version is not supported
2026-09-06 10:52:46,820 [WARN] PackLoader:240 - Cannot read IP mode file for STMicroelectronics.X-CUBE-NFC10.1.0.0
2026-09-06 10:52:46,856 [WARN] PackLoader:240 - Cannot read IP mode file for STMicroelectronics.X-CUBE-BLEMGR.4.0.0
2026-09-06 10:52:46,875 [ERROR] Engine:466 - C:\Users\user\.stm32cubemx\thirdparties\pdsc\STMicroelectronics.X-CUBE-ST60.1.1.0.pdsc: PDSC version is not supported
2026-09-06 10:52:46,897 [WARN] PackLoader:240 - Cannot read IP mode file for emotas.I-CUBE-CANOPEN.1.3.0
2026-09-06 10:52:46,917 [ERROR] Engine:466 - C:\Users\user\.stm32cubemx\thirdparties\pdsc\STMicroelectronics.X-CUBE-WBA.1.1.0.pdsc: PDSC version is not supported
2026-09-06 10:52:46,937 [WARN] ConditionMgr:438 - getConditionDescription Invalid condition id : Cortex-A Device cause : null
2026-09-06 10:52:46,969 [WARN] ConditionMgr:1039 - genDependencies : Invalid condition id : Cortex-A Device cause : null
2026-09-06 10:52:46,969 [WARN] ConditionMgr:1039 - genDependencies : Invalid condition id : Cortex-A Device cause : null
2026-09-06 10:52:46,969 [WARN] ConditionMgr:1039 - genDependencies : Invalid condition id : Cortex-A Device cause : null
2026-09-06 10:52:46,992 [ERROR] Engine:466 - C:\Users\user\.stm32cubemx\thirdparties\pdsc\STMicroelectronics.FP-SNS-STBOX1.2.1.0.pdsc: PDSC version is not supported
2026-09-06 10:52:47,013 [WARN] PackLoader:240 - Cannot read IP mode file for STMicroelectronics.FP-SNS-SMARTAG2.1.2.0
2026-09-06 10:52:47,033 [ERROR] Engine:466 - C:\Users\user\.stm32cubemx\thirdparties\pdsc\STMicroelectronics.FP-SNS-FLIGHT1.5.1.0.pdsc: PDSC version is not supported
2026-09-06 10:52:47,066 [INFO] LogOutputStream:77 - [STDOUT_REDIRECT] 1 : Invalid condition id : UX_CORESTACK_Condition cause : null
2026-09-06 10:52:47,067 [INFO] LogOutputStream:77 - [STDOUT_REDIRECT] 1 : Invalid condition id : UX_CORESTACK_Condition cause : null
2026-09-06 10:52:47,069 [INFO] LogOutputStream:77 - [STDOUT_REDIRECT] 1 : Invalid condition id : UX_CORESTACK_Condition cause : null
2026-09-06 10:52:47,070 [INFO] LogOutputStream:77 - [STDOUT_REDIRECT] 1 : Invalid condition id : UX_CORESTACK_Condition cause : null
2026-09-06 10:52:47,072 [INFO] LogOutputStream:77 - [STDOUT_REDIRECT] 1 : Invalid condition id : UX_CORESTACK_Condition cause : null
2026-09-06 10:52:47,075 [WARN] PackLoader:240 - Cannot read IP mode file for STMicroelectronics.X-CUBE-AZRTOS-WL.2.0.0
2026-09-06 10:52:47,097 [WARN] PackLoader:240 - Cannot read IP mode file for STMicroelectronics.FP-SNS-MOTENV1.5.0.0
2026-09-06 10:52:47,122 [WARN] PackLoader:240 - Cannot read IP mode file for WES.I-CUBE-Cesium.1.3.0
2026-09-06 10:52:47,140 [WARN] PackLoader:240 - Cannot read IP mode file for STMicroelectronics.X-CUBE-BLE2.3.3.0
2026-09-06 10:52:47,153 [ERROR] Engine:466 - C:\Users\user\.stm32cubemx\thirdparties\pdsc\Avnet-IOTCONNECT.X-CUBE-iotc-st67-sdk.1.0.0.pdsc: PDSC version is not supported
2026-09-06 10:52:47,173 [WARN] PackLoader:240 - Cannot read IP mode file for STMicroelectronics.X-CUBE-NFC9.1.0.0
2026-09-06 10:52:47,193 [WARN] PackLoader:240 - Cannot read IP mode file for STMicroelectronics.X-CUBE-BLE1.7.1.0
2026-09-06 10:52:47,216 [WARN] PackLoader:240 - Cannot read IP mode file for wolfSSL.I-CUBE-wolfMQTT.1.19.2
2026-09-06 10:52:47,236 [WARN] PackLoader:240 - Cannot read IP mode file for STMicroelectronics.X-CUBE-EEPRMA1.5.2.0
2026-09-06 10:52:47,255 [WARN] PackLoader:240 - Cannot read IP mode file for STMicroelectronics.X-CUBE-AI.10.1.0
2026-09-06 10:52:47,288 [WARN] PackLoader:240 - Cannot read IP mode file for STMicroelectronics.X-CUBE-AZRTOS-G0.1.1.0
2026-09-06 10:52:47,311 [WARN] PackLoader:240 - Cannot read IP mode file for STMicroelectronics.X-CUBE-SAFEA1.1.2.2
2026-09-06 10:52:47,334 [WARN] PackLoader:240 - Cannot read IP mode file for STMicroelectronics.X-CUBE-NFC4.3.0.0
2026-09-06 10:52:47,385 [WARN] PackLoader:240 - Cannot read IP mode file for EmbeddedOffice.I-CUBE-FS-RTOS.1.0.1
2026-09-06 10:52:47,386 [ERROR] ConditionMgr:805 - Attr not supported : Dmpu
2026-09-06 10:52:47,386 [ERROR] ConditionMgr:805 - Attr not supported : Dmpu
2026-09-06 10:52:47,387 [ERROR] ConditionMgr:805 - Attr not supported : Dmpu
2026-09-06 10:52:47,387 [ERROR] ConditionMgr:805 - Attr not supported : Dmpu
2026-09-06 10:52:47,387 [ERROR] ConditionMgr:805 - Attr not supported : Dmpu
2026-09-06 10:52:47,387 [ERROR] ConditionMgr:805 - Attr not supported : Dmpu
2026-09-06 10:52:47,387 [ERROR] ConditionMgr:805 - Attr not supported : Dmpu
2026-09-06 10:52:47,387 [ERROR] ConditionMgr:805 - Attr not supported : Dmpu
2026-09-06 10:52:47,388 [ERROR] ConditionMgr:805 - Attr not supported : Dmpu
2026-09-06 10:52:47,388 [ERROR] ConditionMgr:805 - Attr not supported : Dmpu
2026-09-06 10:52:47,389 [ERROR] ConditionMgr:805 - Attr not supported : Dmpu
2026-09-06 10:52:47,390 [ERROR] ConditionMgr:805 - Attr not supported : Dmpu
2026-09-06 10:52:47,391 [ERROR] ConditionMgr:805 - Attr not supported : Dmpu
2026-09-06 10:52:47,391 [ERROR] ConditionMgr:805 - Attr not supported : Dmpu
2026-09-06 10:52:47,393 [ERROR] ConditionMgr:805 - Attr not supported : Dmpu
2026-09-06 10:52:47,394 [ERROR] ConditionMgr:805 - Attr not supported : Dmpu
2026-09-06 10:52:47,394 [ERROR] ConditionMgr:805 - Attr not supported : Dmpu
2026-09-06 10:52:47,394 [ERROR] ConditionMgr:805 - Attr not supported : Dmpu
2026-09-06 10:52:47,395 [ERROR] ConditionMgr:805 - Attr not supported : Dmpu
2026-09-06 10:52:47,395 [ERROR] ConditionMgr:805 - Attr not supported : Dmpu
2026-09-06 10:52:47,395 [ERROR] ConditionMgr:805 - Attr not supported : Dmpu
2026-09-06 10:52:47,395 [ERROR] ConditionMgr:805 - Attr not supported : Dmpu
2026-09-06 10:52:47,395 [ERROR] ConditionMgr:805 - Attr not supported : Dmpu
2026-09-06 10:52:47,395 [ERROR] ConditionMgr:805 - Attr not supported : Dmpu
2026-09-06 10:52:47,395 [ERROR] ConditionMgr:805 - Attr not supported : Dmpu
2026-09-06 10:52:47,396 [ERROR] ConditionMgr:805 - Attr not supported : Dmpu
2026-09-06 10:52:47,396 [ERROR] ConditionMgr:805 - Attr not supported : Dmpu
2026-09-06 10:52:47,396 [ERROR] ConditionMgr:805 - Attr not supported : Dmpu
2026-09-06 10:52:47,397 [ERROR] ConditionMgr:805 - Attr not supported : Dmpu
2026-09-06 10:52:47,397 [ERROR] ConditionMgr:805 - Attr not supported : Dmpu
2026-09-06 10:52:47,397 [ERROR] ConditionMgr:805 - Attr not supported : Dmpu
2026-09-06 10:52:47,398 [ERROR] ConditionMgr:805 - Attr not supported : Dmpu
2026-09-06 10:52:47,398 [ERROR] ConditionMgr:805 - Attr not supported : Dmpu
2026-09-06 10:52:47,398 [ERROR] ConditionMgr:805 - Attr not supported : Dmpu
2026-09-06 10:52:47,398 [ERROR] ConditionMgr:805 - Attr not supported : Dmpu
2026-09-06 10:52:47,399 [ERROR] ConditionMgr:805 - Attr not supported : Dmpu
2026-09-06 10:52:47,399 [ERROR] ConditionMgr:805 - Attr not supported : Dmpu
2026-09-06 10:52:47,399 [ERROR] ConditionMgr:805 - Attr not supported : Dmpu
2026-09-06 10:52:47,400 [ERROR] ConditionMgr:805 - Attr not supported : Dmpu
2026-09-06 10:52:47,400 [ERROR] ConditionMgr:805 - Attr not supported : Dmpu
2026-09-06 10:52:47,401 [ERROR] ConditionMgr:805 - Attr not supported : Dmpu
2026-09-06 10:52:47,401 [ERROR] ConditionMgr:805 - Attr not supported : Dmpu
2026-09-06 10:52:47,401 [ERROR] ConditionMgr:805 - Attr not supported : Dmpu
2026-09-06 10:52:47,401 [ERROR] ConditionMgr:805 - Attr not supported : Dmpu
2026-09-06 10:52:47,401 [ERROR] ConditionMgr:805 - Attr not supported : Dmpu
2026-09-06 10:52:47,401 [ERROR] ConditionMgr:805 - Attr not supported : Dmpu
2026-09-06 10:52:47,401 [ERROR] ConditionMgr:805 - Attr not supported : Dmpu
2026-09-06 10:52:47,401 [ERROR] ConditionMgr:805 - Attr not supported : Dmpu
2026-09-06 10:52:47,402 [ERROR] ConditionMgr:805 - Attr not supported : Dmpu
2026-09-06 10:52:47,402 [ERROR] ConditionMgr:805 - Attr not supported : Dmpu
2026-09-06 10:52:47,402 [ERROR] ConditionMgr:805 - Attr not supported : Dmpu
2026-09-06 10:52:47,402 [ERROR] ConditionMgr:805 - Attr not supported : Dmpu
2026-09-06 10:52:47,402 [ERROR] ConditionMgr:805 - Attr not supported : Dmpu
2026-09-06 10:52:47,402 [ERROR] ConditionMgr:805 - Attr not supported : Dmpu
2026-09-06 10:52:47,402 [ERROR] ConditionMgr:805 - Attr not supported : Dmpu
2026-09-06 10:52:47,402 [ERROR] ConditionMgr:805 - Attr not supported : Dmpu
2026-09-06 10:52:47,402 [ERROR] ConditionMgr:805 - Attr not supported : Dmpu
2026-09-06 10:52:47,403 [ERROR] ConditionMgr:805 - Attr not supported : Dmpu
2026-09-06 10:52:47,403 [ERROR] ConditionMgr:805 - Attr not supported : Dmpu
2026-09-06 10:52:47,403 [ERROR] ConditionMgr:805 - Attr not supported : Dmpu
2026-09-06 10:52:47,403 [ERROR] ConditionMgr:805 - Attr not supported : Dmpu
2026-09-06 10:52:47,403 [ERROR] ConditionMgr:805 - Attr not supported : Dmpu
2026-09-06 10:52:47,403 [ERROR] ConditionMgr:805 - Attr not supported : Dmpu
2026-09-06 10:52:47,403 [ERROR] ConditionMgr:805 - Attr not supported : Dmpu
2026-09-06 10:52:47,432 [WARN] PackLoader:240 - Cannot read IP mode file for STMicroelectronics.X-CUBE-WB05N.2.0.0
2026-09-06 10:52:47,460 [WARN] PackLoader:240 - Cannot read IP mode file for wolfSSL.I-CUBE-wolfTPM.3.8.0
2026-09-06 10:52:47,490 [ERROR] Engine:466 - C:\Users\user\.stm32cubemx\thirdparties\pdsc\STMicroelectronics.X-CUBE-TCPP.4.2.0.pdsc: PDSC version is not supported
2026-09-06 10:52:47,525 [WARN] PackLoader:240 - Cannot read IP mode file for RealThread.X-CUBE-RT-Thread_Nano.4.1.1
2026-09-06 10:52:47,549 [WARN] PackLoader:240 - Cannot read IP mode file for STMicroelectronics.FP-ATR-SIGFOX1.3.2.0
2026-09-06 10:52:47,573 [WARN] PackLoader:240 - Cannot read IP mode file for STMicroelectronics.X-CUBE-EEPRMA1.5.1.0
2026-09-06 10:52:47,606 [WARN] PackLoader:240 - Cannot read IP mode file for ITTIA_DB.I-CUBE-ITTIADB.8.9.0
2026-09-06 10:52:47,609 [INFO] WebApp:448 - Apply proxy settings
2026-09-06 10:52:47,619 [INFO] WebApp:493 - Chromium authenticates against Manually configured proxy
2026-09-06 10:52:47,634 [WARN] PackLoader:240 - Cannot read IP mode file for STMicroelectronics.X-CUBE-NFC6.3.2.0
2026-09-06 10:52:47,638 [INFO] WebApp:501 - Username used for proxy authentication: 
2026-09-06 10:52:47,656 [ERROR] Engine:466 - C:\Users\user\.stm32cubemx\thirdparties\pdsc\STMicroelectronics.X-CUBE-ST67W61.1.0.0.pdsc: PDSC version is not supported
2026-09-06 10:52:47,673 [WARN] PackLoader:240 - Cannot read IP mode file for STMicroelectronics.X-CUBE-AI.10.2.1
2026-09-06 10:52:47,713 [INFO] WebApp:869 - Register for checkConnection events
2026-09-06 10:52:47,713 [INFO] WebApp:448 - Apply proxy settings
2026-09-06 10:52:47,718 [WARN] PackLoader:240 - Cannot read IP mode file for SEGGER.I-CUBE-embOS.1.3.1
2026-09-06 10:52:47,719 [INFO] WebApp:493 - Chromium authenticates against Manually configured proxy
2026-09-06 10:52:47,720 [INFO] WebApp:501 - Username used for proxy authentication: 
2026-09-06 10:52:47,786 [WARN] PackLoader:240 - Cannot read IP mode file for STMicroelectronics.X-CUBE-ALGOBUILD.1.4.0
2026-09-06 10:52:47,913 [WARN] PackLoader:240 - Cannot read IP mode file for STMicroelectronics.X-CUBE-MEMS1.11.3.0
2026-09-06 10:52:48,140 [INFO] WebApp:186 - Connection restablished
2026-09-06 10:52:48,150 [ERROR] Engine:466 - C:\Users\user\.stm32cubemx\thirdparties\pdsc\STMicroelectronics.FP-SNS-STAIOTCFT.2.0.0.pdsc: PDSC version is not supported
2026-09-06 10:52:48,181 [WARN] PackLoader:240 - Cannot read IP mode file for STMicroelectronics.X-CUBE-NFC13.1.0.0
2026-09-06 10:52:48,210 [WARN] PackLoader:240 - Cannot read IP mode file for STMicroelectronics.X-CUBE-PM33A1.1.0.0
2026-09-06 10:52:48,254 [WARN] PackLoader:240 - Cannot read IP mode file for STMicroelectronics.X-CUBE-AZRTOS-F4.1.1.0
2026-09-06 10:52:48,283 [ERROR] Engine:466 - C:\Users\user\.stm32cubemx\thirdparties\pdsc\Avnet-IotConnect.X-CUBE-IoTC-DA16k-PMOD.1.0.0.pdsc: PDSC version is not supported
2026-09-06 10:52:48,308 [WARN] PackLoader:240 - Cannot read IP mode file for STMicroelectronics.X-CUBE-ISPU.2.1.0
2026-09-06 10:52:48,338 [ERROR] Engine:466 - C:\Users\user\.stm32cubemx\thirdparties\pdsc\STMicroelectronics.X-CUBE-IPS.3.2.0.pdsc: PDSC version is not supported
2026-09-06 10:52:48,356 [ERROR] Engine:466 - C:\Users\user\.stm32cubemx\thirdparties\pdsc\STMicroelectronics.eDS-WB_DPC_TT-BIDIR.2.1.1.pdsc: PDSC version is not supported
2026-09-06 10:52:48,385 [WARN] PackLoader:240 - Cannot read IP mode file for STMicroelectronics.X-CUBE-NFC12.1.0.0
2026-09-06 10:52:48,439 [WARN] PackLoader:240 - Cannot read IP mode file for STMicroelectronics.X-CUBE-AZRTOS-L5.2.0.0
2026-09-06 10:52:48,474 [WARN] PackLoader:240 - Cannot read IP mode file for STMicroelectronics.X-CUBE-NFC6.3.1.0
2026-09-06 10:52:48,489 [INFO] WebApp:220 - Starting web application
2026-09-06 10:52:48,489 [INFO] WebApp:578 - Web application path used D:\ST\STM32CubeIDE_1.16.0\STM32CubeIDE\plugins\com.st.stm32cube.common.mx_6.12.0.202406281431\db\plugins\mcufinder\reactClient1\index.html
2026-09-06 10:52:48,508 [WARN] PackLoader:240 - Cannot read IP mode file for STMicroelectronics.X-CUBE-ALGOBUILD.1.5.0
2026-09-06 10:52:48,538 [ERROR] Engine:466 - C:\Users\user\.stm32cubemx\thirdparties\pdsc\STMicroelectronics.eDS-WB_DPC_VIENNA.1.2.0.pdsc: PDSC version is not supported
2026-09-06 10:52:48,759 [WARN] PackLoader:240 - Cannot read IP mode file for STMicroelectronics.X-CUBE-MEMS1.13.0.0
2026-09-06 10:52:48,903 [INFO] UserAuth:417 - Internet connection configuration mode: 1
2026-09-06 10:52:48,933 [ERROR] Engine:466 - C:\Users\user\.stm32cubemx\thirdparties\pdsc\STMicroelectronics.eDS-WB_DPC_3PH2L-BIDIR.1.1.1.pdsc: PDSC version is not supported
2026-09-06 10:52:48,960 [ERROR] Engine:466 - C:\Users\user\.stm32cubemx\thirdparties\pdsc\STMicroelectronics.X-CUBE-ST67W61.1.3.0.pdsc: PDSC version is not supported
2026-09-06 10:52:49,001 [WARN] PackLoader:240 - Cannot read IP mode file for STMicroelectronics.X-CUBE-FREERTOS.1.3.1
2026-09-06 10:52:49,033 [WARN] PackLoader:240 - Cannot read IP mode file for STMicroelectronics.X-CUBE-TOUCHGFX.4.26.1
2026-09-06 10:52:49,055 [ERROR] Engine:466 - C:\Users\user\.stm32cubemx\thirdparties\pdsc\STMicroelectronics.FP-SNS-STAIOTCFT.1.0.0.pdsc: PDSC version is not supported
2026-09-06 10:52:49,105 [WARN] PackLoader:240 - Cannot read IP mode file for STMicroelectronics.X-CUBE-DPower.1.3.0
2026-09-06 10:52:49,206 [WARN] ConditionMgr:438 - getConditionDescription Invalid condition id : LAN8742 Phy interface Condition cause : null
2026-09-06 10:52:49,208 [WARN] PackLoader:240 - Cannot read IP mode file for STMicroelectronics.X-CUBE-AZRTOS-L4.2.0.0
2026-09-06 10:52:49,213 [WARN] ConditionMgr:1039 - genDependencies : Invalid condition id : LAN8742 Phy interface Condition cause : null
2026-09-06 10:52:49,214 [WARN] ConditionMgr:1039 - genDependencies : Invalid condition id : LAN8742 Phy interface Condition cause : null
2026-09-06 10:52:49,215 [WARN] ConditionMgr:1039 - genDependencies : Invalid condition id : LAN8742 Phy interface Condition cause : null
2026-09-06 10:52:49,261 [WARN] PackLoader:240 - Cannot read IP mode file for STMicroelectronics.X-CUBE-SFXS2LP1.4.0.0
2026-09-06 10:52:49,301 [WARN] PackLoader:240 - Cannot read IP mode file for STMicroelectronics.X-CUBE-WB05N.2.1.0
2026-09-06 10:52:49,383 [WARN] PackLoader:240 - Cannot read IP mode file for STMicroelectronics.X-CUBE-AZRTOS-H7.3.3.0
2026-09-06 10:52:49,437 [WARN] ConditionMgr:438 - getConditionDescription Invalid condition id : UX DEVICE CLASS RTOS Condition cause : null
2026-09-06 10:52:49,438 [WARN] ConditionMgr:438 - getConditionDescription Invalid condition id : UX DEVICE CLASS RTOS Condition cause : null
2026-09-06 10:52:49,441 [WARN] PackLoader:240 - Cannot read IP mode file for STMicroelectronics.X-CUBE-AZRTOS-WB.2.0.0
2026-09-06 10:52:49,442 [WARN] ConditionMgr:1039 - genDependencies : Invalid condition id : UX DEVICE CLASS RTOS Condition cause : null
2026-09-06 10:52:49,442 [WARN] ConditionMgr:1039 - genDependencies : Invalid condition id : UX DEVICE CLASS RTOS Condition cause : null
2026-09-06 10:52:49,444 [WARN] ConditionMgr:1039 - genDependencies : Invalid condition id : UX DEVICE CLASS RTOS Condition cause : null
2026-09-06 10:52:49,445 [WARN] ConditionMgr:1039 - genDependencies : Invalid condition id : UX DEVICE CLASS RTOS Condition cause : null
2026-09-06 10:52:49,446 [WARN] ConditionMgr:1039 - genDependencies : Invalid condition id : UX DEVICE CLASS RTOS Condition cause : null
2026-09-06 10:52:49,476 [WARN] PackLoader:240 - Cannot read IP mode file for STMicroelectronics.X-CUBE-GNSS1.7.0.1
2026-09-06 10:52:49,512 [WARN] PackLoader:240 - Cannot read IP mode file for STMicroelectronics.X-CUBE-TOUCHGFX.4.25.0
2026-09-06 10:52:49,553 [WARN] PackLoader:240 - Cannot read IP mode file for STMicroelectronics.FP-SNS-STBOX1.2.0.0
2026-09-06 10:52:49,595 [WARN] PackLoader:240 - Cannot read IP mode file for STMicroelectronics.X-CUBE-STSE01.2.0.0
2026-09-06 10:52:49,633 [WARN] PackLoader:240 - Cannot read IP mode file for STMicroelectronics.X-CUBE-SUBG2.5.0.0
2026-09-06 10:52:49,686 [WARN] PackLoader:240 - Cannot read IP mode file for STMicroelectronics.X-CUBE-AZRTOS-H7RS.1.1.0
2026-09-06 10:52:49,716 [WARN] PackLoader:240 - Cannot read IP mode file for Cesanta.I-CUBE-Mongoose.7.13.0
2026-09-06 10:52:49,757 [WARN] PackLoader:240 - Cannot read IP mode file for STMicroelectronics.X-CUBE-AZRTOS-G4.2.0.0
2026-09-06 10:52:49,781 [WARN] PackLoader:240 - Cannot read IP mode file for wolfSSL.I-CUBE-wolfSSH.1.4.20
2026-09-06 10:52:49,811 [WARN] PackLoader:240 - Cannot read IP mode file for STMicroelectronics.X-CUBE-NFC7.2.0.0
2026-09-06 10:52:49,835 [ERROR] Engine:466 - C:\Users\user\.stm32cubemx\thirdparties\pdsc\STMicroelectronics.X-CUBE-IPS.3.1.0.pdsc: PDSC version is not supported
2026-09-06 10:52:49,860 [ERROR] Engine:466 - C:\Users\user\.stm32cubemx\thirdparties\pdsc\STMicroelectronics.X-CUBE-BLEMGR.4.2.0.pdsc: PDSC version is not supported
2026-09-06 10:52:49,883 [WARN] PackLoader:240 - Cannot read IP mode file for STMicroelectronics.X-CUBE-ALS.1.0.2
2026-09-06 10:52:49,913 [WARN] PackLoader:240 - Cannot read IP mode file for portGmbH.I-Cube-SoM-uGOAL.1.1.0
2026-09-06 10:52:49,937 [ERROR] Engine:466 - C:\Users\user\.stm32cubemx\thirdparties\pdsc\STMicroelectronics.X-CUBE-TOF1.3.4.3.pdsc: PDSC version is not supported
2026-09-06 10:52:49,938 [INFO] ThirdParty:978 - Integrity check success = true
2026-09-06 10:52:49,938 [INFO] IntegrityCheckThread:100 - exiting critical section [integrity check]
2026-09-06 10:52:49,939 [INFO] IntegrityCheckThread:103 - End integrity checks thread
2026-09-06 10:54:59,044 [INFO] McuFinderGlobals:63 - Set McuFinder mode to 2 (CubeIDE integrated)
2026-09-06 10:54:59,073 [INFO] MainUpdater:2873 - connection check result : 10
2026-09-06 10:54:59,099 [INFO] McuFinderGlobals:76 - Set McuFinderConnectedMode to true
2026-09-06 10:54:59,599 [INFO] ServerAccessManage:473 - Download File mcusAds.json._tmp_
2026-09-06 10:54:59,716 [INFO] LoadUrlFilesThread:156 - End of LoadUrlFiles Thread
2026-09-06 10:55:00,129 [INFO] ServerAccessManage:473 - Download File cube-finder-db.zip
2026-09-06 10:55:15,881 [INFO] FileExtend:240 - Unzip File : cube-finder-db.zip
2026-09-06 10:55:15,882 [INFO] FileExtend:255 - Standard Zip Deflate
2026-09-06 10:55:16,846 [INFO] LoadUrlFilesThread:156 - End of LoadUrlFiles Thread
2026-09-06 10:55:38,135 [ERROR] ServerAccessManage:1172 - Problem during Server Connection :  IO error Connection timed out: getsockopt
2026-09-06 10:55:38,135 [ERROR] ServerAccessManage:651 - Problem during Server Connection :  : crdb.zip.
2026-09-06 10:55:43,681 [INFO] LoadUrlFilesThread:156 - End of LoadUrlFiles Thread
2026-09-06 10:55:45,843 [INFO] DbMcusAds:53 - JSON generation date=Wed Jul 15 15:14:54 IST 2026 (1784108694001)
2026-09-06 10:55:45,860 [ERROR] TargetSelectorAdapter:267 - Unable to refresh data
2026-09-06 10:55:46,473 [INFO] ApiDb:581 - Connected to CubeFinder SQLite database (C:\Users\user\.stmcufinder\plugins\mcufinder\mcu\cube-finder-db.db)
2026-09-06 10:55:46,559 [INFO] ApiDb:668 - CubeFinder database Data Model version=2.1
2026-09-06 10:55:46,559 [INFO] ApiDb:669 - CubeFinder database Configuration version=3.0.42
2026-09-06 10:55:46,560 [INFO] ApiDb:670 - CubeFinder database generation date=2026-08-04 (1785840812)
2026-09-06 10:55:46,560 [INFO] ApiDb:671 - CubeFinder database FW Pack versions=[FP-ATR-ASTRA1_V2.0.0, FP-SNS-FLIGHT1_V5.1.0, FP-SNS-MOTENV1_V5.1.0, FP-SNS-MOTENVWB1_V1.5.0, FP-SNS-SMARTAG2_V1.2.0, FP-SNS-STBOX1_V2.1.0, STM32Cube_FW_C0_V1.4.1, STM32Cube_FW_F4_V1.28.3, STM32Cube_FW_F7_V1.17.4, STM32Cube_FW_G0_V1.6.3, STM32Cube_FW_G4_V1.6.2, STM32Cube_FW_H5_V1.7.0, STM32Cube_FW_H7RS_V1.3.0, STM32Cube_FW_H7_V1.13.0, STM32Cube_FW_L0_V1.12.2, STM32Cube_FW_L4_V1.18.2, STM32Cube_FW_L5_V1.6.0, STM32Cube_FW_N6_V1.4.0, STM32Cube_FW_U0_V1.3.0, STM32Cube_FW_U3_V1.4.0, STM32Cube_FW_U5_V1.9.0, STM32Cube_FW_WB0_V1.5.0, STM32Cube_FW_WBA_V1.10.0, STM32Cube_FW_WB_V1.24.0, STM32Cube_FW_WL3_V1.5.0, STM32Cube_FW_WL_V1.6.0, X-CUBE-ALGOBUILD_V1.5.0, X-CUBE-ALS_V1.0.2, X-CUBE-AZRTOS-F4_V1.1.0, X-CUBE-AZRTOS-F7_V1.1.0, X-CUBE-AZRTOS-G0_V1.1.0, X-CUBE-AZRTOS-G4_V2.0.0, X-CUBE-AZRTOS-H7RS_V1.3.0, X-CUBE-AZRTOS-H7_V3.5.0, X-CUBE-AZRTOS-L4_V2.0.0, X-CUBE-AZRTOS-L5_V2.0.0, X-CUBE-AZRTOS-WB_V2.0.0, X-CUBE-AZRTOS-WL_V2.0.0, X-CUBE-BLE1_V7.1.0, X-CUBE-BLE2_V3.3.0, X-CUBE-BLEMGR_V4.2.0, X-CUBE-EEPRMA1_V5.2.0, X-CUBE-FREERTOS_V1.6.0, X-CUBE-GNSS1_V7.1.1, X-CUBE-MEMS1_V13.0.0, X-CUBE-NFC4_V3.0.0, X-CUBE-NFC7_V2.0.0, X-CUBE-SFXS2LP1_V4.0.0, X-CUBE-ST67W61_V1.3.0, X-CUBE-SUBG2_V5.0.0, X-CUBE-TOF1_V3.4.3]
2026-09-06 10:55:46,628 [INFO] DbBoardsSqlite:226 - include board P-NUCLEO-WB55-NUCLEO as a kit item of type 'Nucleo-64'
2026-09-06 10:55:46,628 [INFO] DbBoardsSqlite:226 - include board P-NUCLEO-WB55-USBDONGLE as a kit item of type 'Nucleo USB Dongle'
2026-09-06 10:55:46,629 [INFO] DbBoardsSqlite:226 - include board STEVAL-IDP005V1 as a kit item of type 'Evaluation Board'
2026-09-06 10:55:46,629 [INFO] DbBoardsSqlite:226 - include board STEVAL-IDP005V2 as a kit item of type 'Evaluation Board'
2026-09-06 10:55:46,709 [INFO] ApiDb:240 - Found 646 in-development CPN: [B-G473E-ZEST1S, B-WB1M-WPAN1, B-WL5M-SUBG1, NUCLEO-C031C6, NUCLEO-C071RB, NUCLEO-H503RB, NUCLEO-H533RE, NUCLEO-H563ZI, NUCLEO-H7S3L8, NUCLEO-U031R8, NUCLEO-U083RC, NUCLEO-U545RE-Q, NUCLEO-U5A5ZJ-Q, NUCLEO-WB05KZ, NUCLEO-WB07CC, NUCLEO-WB09KE, NUCLEO-WBA52CG, NUCLEO-WBA55CG, STEVAL-PROTEUS1, STEVAL-SMARTAG2, STEVAL-STWINBX1, STM320518-EVAL, STM32C0116-DK, STM32C011D6Y3TR, STM32C011D6Y6TR, STM32C011F4P3, STM32C011F4P6, STM32C011F4U3, STM32C011F4U6TR, STM32C011F6P3, STM32C011F6P6, STM32C011F6U3, STM32C011F6U6TR, STM32C011J4M3, STM32C011J4M6, STM32C011J6M3, STM32C011J6M6, STM32C0316-DK, STM32C031C4T3, STM32C031C4T6, STM32C031C4U3, STM32C031C4U6, STM32C031C6T3, STM32C031C6T6, STM32C031C6U3, STM32C031C6U6, STM32C031F4P3, STM32C031F4P6, STM32C031F6P3, STM32C031F6P6, STM32C031G4U3, STM32C031G4U6, STM32C031G6U3, STM32C031G6U6, STM32C031K4T3, STM32C031K4T6, STM32C031K4U3, STM32C031K4U6, STM32C031K6T3, STM32C031K6T6, STM32C031K6U3, STM32C031K6U6, STM32C071C8T6, STM32C071C8T6N, STM32C071C8U6, STM32C071C8U6N, STM32C071CBT6, STM32C071CBT6N, STM32C071CBU6, STM32C071CBU6N, STM32C071F8P6, STM32C071F8P6N, STM32C071FBP6, STM32C071FBP6N, STM32C071FBY6TR, STM32C071G8U6, STM32C071G8U6N, STM32C071GBU6, STM32C071GBU6N, STM32C071K8T6, STM32C071K8T6N, STM32C071K8U6, STM32C071K8U6N, STM32C071KBT6, STM32C071KBT6N, STM32C071KBU6, STM32C071KBU6N, STM32C071R8T6, STM32C071R8T6N, STM32C071RBI6N, STM32C071RBT6, STM32C071RBT6N, STM32G071K8TXN, STM32G071K8UXN, STM32G081GBU6N, STM32G081KBT6N, STM32G081KBUXN, STM32G0B1CCT6N, STM32G0B1KCT6, STM32G0B1NEY6TR, STM32G0B1RCT6N, STM32G0C1CCT6, STM32G0C1CCT6N, STM32G0C1CCU6N, STM32G0C1CET6N, STM32G0C1CEU6N, STM32G0C1KCT6, STM32G0C1NEY6TR, STM32G0C1RCI6N, STM32G0C1RCT6N, STM32G0C1REI6N, STM32G0C1RET6N, STM32G0C1VCI6, STM32G0C1VEI6, STM32G411C6T3, STM32G411C6T6, STM32G411C6U3, STM32G411C6U6, STM32G411C8T3, STM32G411C8T6, STM32G411C8U3, STM32G411C8U6, STM32G411CBT3, STM32G411CBT6, STM32G411CBU3, STM32G411CBU6, STM32G411K6T3, STM32G411K6T6, STM32G411K6U3, STM32G411K6U6, STM32G411K8T3, STM32G411K8T6, STM32G411K8U3, STM32G411K8U6, STM32G411KBT3, STM32G411KBT6, STM32G411KBU3, STM32G411KBU6, STM32G411M6T3, STM32G411M6T6, STM32G411M8T3, STM32G411M8T6, STM32G411MBT3, STM32G411MBT6, STM32G411R6T3, STM32G411R6T6, STM32G411R8T3, STM32G411R8T6, STM32G411RBT3, STM32G411RBT6, STM32G414CBT3, STM32G414CBT6, STM32G414CBU3, STM32G414CBU6, STM32G414CCT3, STM32G414CCT6, STM32G414CCU3, STM32G414CCU6, STM32G414MBT3, STM32G414MBT6, STM32G414MCT3, STM32G414MCT6, STM32G414RBT3, STM32G414RBT6, STM32G414RCT3, STM32G414RCT6, STM32G414VBT3, STM32G414VBT6, STM32G414VCT3, STM32G414VCT6, STM32G431CBT3Z, STM32G431RBT3Z, STM32G471CCT6, STM32G471CCU6, STM32G471CET3, STM32G471CET6, STM32G471CEU3, STM32G471CEU6, STM32G471MCT6, STM32G471MET3, STM32G471MET6, STM32G471MEY6TR, STM32G471QCT6, STM32G471QET3, STM32G471RCT6, STM32G471RET3, STM32G471RET6, STM32G471VCH6, STM32G471VCI6, STM32G471VCT6, STM32G471VEH3, STM32G471VEH6, STM32G471VEI3, STM32G471VEI6, STM32G471VET3, STM32G471VET6, STM32G473QET3Z, STM32G473RET3Z, STM32G474CCT6, STM32G491RET3Z, STM32H503CBT6, STM32H503CBU6, STM32H503EBY6TR, STM32H503KBU6, STM32H503RBT6, STM32H523CCT6, STM32H523CCU6, STM32H523CET6, STM32H523CEU6, STM32H523HEY6TR, STM32H523RCT6, STM32H523RET6, STM32H523VCI6, STM32H523VCT6, STM32H523VEI6, STM32H523VET6, STM32H523ZCJ6, STM32H523ZCT6, STM32H523ZEJ6, STM32H523ZET6, STM32H533CET6, STM32H533CEU6, STM32H533HEY6TR, STM32H533RET6, STM32H533VEI6, STM32H533VET6, STM32H533ZEJ6, STM32H533ZET6, STM32H562AGI6, STM32H562AII6, STM32H562IGK6, STM32H562IGT6, STM32H562IIK6, STM32H562IIT6, STM32H562RGT6, STM32H562RGV6, STM32H562RIT6, STM32H562RIV6, STM32H562VGT6, STM32H562VIT6, STM32H562ZGT6, STM32H562ZIT6, STM32H563AGI6, STM32H563AII3Q, STM32H563AII6, STM32H563IGK6, STM32H563IGT6, STM32H563IIK3Q, STM32H563IIK6, STM32H563IIT3Q, STM32H563IIT6, STM32H563MIY3QTR, STM32H563RGT6, STM32H563RGV6, STM32H563RIT6, STM32H563RIV6, STM32H563VGT6, STM32H563VIT3Q, STM32H563VIT6, STM32H563ZGT6, STM32H563ZIT3Q, STM32H563ZIT6, STM32H573AII3Q, STM32H573AII6, STM32H573I-DK, STM32H573IIK3Q, STM32H573IIK6, STM32H573IIT3Q, STM32H573IIT6, STM32H573MIY3QTR, STM32H573RIT6, STM32H573RIV6, STM32H573VIT3Q, STM32H573VIT6, STM32H573ZIT3Q, STM32H573ZIT6, STM32H7R3A8I6, STM32H7R3I8K6, STM32H7R3I8T6, STM32H7R3L8H6, STM32H7R3L8H6H, STM32H7R3R8V6, STM32H7R3V8H6, STM32H7R3V8T6, STM32H7R3V8Y6TR, STM32H7R3Z8J6, STM32H7R3Z8T6, STM32H7R7A8I6, STM32H7R7I8K6, STM32H7R7I8T6, STM32H7R7L8H6, STM32H7R7L8H6H, STM32H7R7Z8J6, STM32H7S3A8I6, STM32H7S3I8K6, STM32H7S3I8T6, STM32H7S3L8H6, STM32H7S3L8H6H, STM32H7S3R8V6, STM32H7S3V8H6, STM32H7S3V8T6, STM32H7S3V8Y6TR, STM32H7S3Z8J6, STM32H7S3Z8T6, STM32H7S78-DK, STM32H7S7A8I6, STM32H7S7I8K6, STM32H7S7I8T6, STM32H7S7L8H6, STM32H7S7L8H6H, STM32H7S7Z8J6, STM32L4R5QGI6STR, STM32MP131AAE3, STM32MP131AAF3, STM32MP131AAG3, STM32MP131CAE3, STM32MP131CAF3, STM32MP131CAG3, STM32MP131DAE7, STM32MP131DAF7, STM32MP131DAG7, STM32MP131FAE7, STM32MP131FAF7, STM32MP131FAG7, STM32MP133AAE3, STM32MP133AAF3, STM32MP133AAG3, STM32MP133CAE3, STM32MP133CAF3, STM32MP133CAG3, STM32MP133DAE7, STM32MP133DAF7, STM32MP133DAG7, STM32MP133FAE7, STM32MP133FAF7, STM32MP133FAG7, STM32MP135AAE3, STM32MP135AAF3, STM32MP135AAG3, STM32MP135CAE3, STM32MP135CAF3, STM32MP135CAG3, STM32MP135DAE7, STM32MP135DAF7, STM32MP135DAG7, STM32MP135F-DK, STM32MP135FAE7, STM32MP135FAF7, STM32MP135FAF7T, STM32MP135FAF7U, STM32MP135FAG7, STM32MP251AAI3, STM32MP251AAK3, STM32MP251AAL3, STM32MP251CAI3, STM32MP251CAK3, STM32MP251CAL3, STM32MP251DAI3, STM32MP251DAK3, STM32MP251DAL3, STM32MP251FAI3, STM32MP251FAK3, STM32MP251FAL3, STM32MP253AAI3, STM32MP253AAK3, STM32MP253AAL3, STM32MP253CAI3, STM32MP253CAK3, STM32MP253CAL3, STM32MP253DAI3, STM32MP253DAK3, STM32MP253DAL3, STM32MP253FAI3, STM32MP253FAK3, STM32MP253FAL3, STM32MP255AAI3, STM32MP255AAK3, STM32MP255AAL3, STM32MP255CAI3, STM32MP255CAK3, STM32MP255CAL3, STM32MP255DAI3, STM32MP255DAK3, STM32MP255DAL3, STM32MP255FAI3, STM32MP255FAK3, STM32MP255FAL3, STM32MP257AAI3, STM32MP257AAK3, STM32MP257AAL3, STM32MP257CAI3, STM32MP257CAK3, STM32MP257CAL3, STM32MP257DAI3, STM32MP257DAK3, STM32MP257DAL3, STM32MP257F-DK, STM32MP257F-EV1, STM32MP257FAI3, STM32MP257FAK3, STM32MP257FAL3, STM32U031C6T6, STM32U031C6U6, STM32U031C8T6, STM32U031C8U6, STM32U031F4P6, STM32U031F6P6, STM32U031F8P6, STM32U031G6Y6TR, STM32U031G8Y6TR, STM32U031K4U6, STM32U031K6U6, STM32U031K8U6, STM32U031R6I6, STM32U031R6T6, STM32U031R8I6, STM32U031R8T6, STM32U073C8T6, STM32U073C8U6, STM32U073CBT6, STM32U073CBU6, STM32U073CCT6, STM32U073CCU6, STM32U073H8Y6TR, STM32U073HBY6TR, STM32U073HCY6TR, STM32U073K8U6, STM32U073KBU6, STM32U073KCU6, STM32U073M8I6, STM32U073M8T6, STM32U073MBI6, STM32U073MBT6, STM32U073MCI6, STM32U073MCT6, STM32U073R8I6, STM32U073R8T6, STM32U073RBI6, STM32U073RBT6, STM32U073RCI6, STM32U073RCT6, STM32U083C-DK, STM32U083CCT6, STM32U083CCU6, STM32U083HCY6TR, STM32U083KCU6, STM32U083MCI6, STM32U083MCT6, STM32U083RCI6, STM32U083RCT6, STM32U535CBT6, STM32U535CBT6Q, STM32U535CBU6, STM32U535CBU6Q, STM32U535CCT6, STM32U535CCT6Q, STM32U535CCU6, STM32U535CCU6Q, STM32U535CET6, STM32U535CET6Q, STM32U535CEU6, STM32U535CEU6Q, STM32U535JEY6QTR, STM32U535NCY6QTR, STM32U535NEY6QTR, STM32U535RBI6, STM32U535RBI6Q, STM32U535RBT6, STM32U535RBT6Q, STM32U535RCI6, STM32U535RCI6Q, STM32U535RCT6, STM32U535RCT6Q, STM32U535REI6, STM32U535REI6Q, STM32U535RET6, STM32U535RET6Q, STM32U535VCI6, STM32U535VCI6Q, STM32U535VCT6, STM32U535VCT6Q, STM32U535VEI6, STM32U535VEI6Q, STM32U535VET6, STM32U535VET6Q, STM32U545CET6, STM32U545CET6Q, STM32U545CEU6, STM32U545CEU6Q, STM32U545JEY6QTR, STM32U545NEY6QTR, STM32U545REI6, STM32U545REI6Q, STM32U545RET6, STM32U545RET6Q, STM32U545VEI6, STM32U545VEI6Q, STM32U545VET6, STM32U545VET6Q, STM32U595AIH6, STM32U595AIH6Q, STM32U595AJH6, STM32U595AJH6Q, STM32U595QII6, STM32U595QII6Q, STM32U595QJI6, STM32U595QJI6Q, STM32U595RIT6, STM32U595RIT6Q, STM32U595RJT6, STM32U595RJT6Q, STM32U595VIT6, STM32U595VIT6Q, STM32U595VJT6, STM32U595VJT6Q, STM32U595ZIT6, STM32U595ZIT6Q, STM32U595ZIY6QTR, STM32U595ZJT6, STM32U595ZJT6Q, STM32U595ZJY6QTR, STM32U599BJY6QTR, STM32U599NIH6Q, STM32U599NJH6Q, STM32U599VIT6Q, STM32U599VJT6, STM32U599VJT6Q, STM32U599ZIT6Q, STM32U599ZIY6QTR, STM32U599ZJT6Q, STM32U599ZJY6QTR, STM32U5A5AJH6, STM32U5A5AJH6Q, STM32U5A5QII3Q , STM32U5A5QJI6, STM32U5A5QJI6Q, STM32U5A5RJT6, STM32U5A5RJT6Q, STM32U5A5VJT6, STM32U5A5VJT6Q, STM32U5A5ZJT6, STM32U5A5ZJT6Q, STM32U5A5ZJY6QTR, STM32U5A9BJY6QTR, STM32U5A9J-DK, STM32U5A9NJH6Q, STM32U5A9VJT6Q, STM32U5A9ZJT6Q, STM32U5A9ZJY6QTR, STM32U5F7VIT6, STM32U5F7VIT6Q, STM32U5F7VJT6, STM32U5F7VJT6Q, STM32U5F9BJY6QTR, STM32U5F9NJH6Q, STM32U5F9VIT6Q, STM32U5F9VJT6Q, STM32U5F9ZIJ6QTR, STM32U5F9ZIT6Q, STM32U5F9ZJJ6QTR, STM32U5F9ZJT6Q, STM32U5G7VJT6, STM32U5G7VJT6Q, STM32U5G9BJY6QTR, STM32U5G9J-DK1, STM32U5G9J-DK2, STM32U5G9NJH6Q, STM32U5G9VJT6Q, STM32U5G9ZJJ6QTR, STM32U5G9ZJT6Q, STM32WB05KZV6TR, STM32WB05KZV7TR, STM32WB05TZF6TR, STM32WB05TZF7TR, STM32WB06CCF6TR, STM32WB06CCF7TR, STM32WB06CCV6TR, STM32WB06CCV7TR, STM32WB06KCV6TR, STM32WB06KCV7TR, STM32WB07CCF6TR, STM32WB07CCF7TR, STM32WB07CCV6TR, STM32WB07CCV7TR, STM32WB07KCV6TR, STM32WB07KCV7TR, STM32WB09KEV6TR, STM32WB09KEV7TR, STM32WB09TEF6TR, STM32WB09TEF7TR, STM32WB1MMCH6, STM32WBA50KGU6, STM32WBA50KGU6TR, STM32WBA52CEU6, STM32WBA52CEU6TR, STM32WBA52CEU7, STM32WBA52CEU7TR, STM32WBA52CGU6, STM32WBA52CGU6TR, STM32WBA52CGU6U, STM32WBA52CGU7, STM32WBA52CGU7TR, STM32WBA52KEU6, STM32WBA52KEU6TR, STM32WBA52KGU6, STM32WBA52KGU6TR, STM32WBA54CEU6, STM32WBA54CEU6TR, STM32WBA54CEU7, STM32WBA54CEU7TR, STM32WBA54CGU6, STM32WBA54CGU6TR, STM32WBA54CGU7, STM32WBA54CGU7TR, STM32WBA54KEU6, STM32WBA54KEU6TR, STM32WBA54KEU7, STM32WBA54KEU7TR, STM32WBA54KGU6, STM32WBA54KGU6TR, STM32WBA54KGU7, STM32WBA54KGU7TR, STM32WBA55CEU6, STM32WBA55CEU6TR, STM32WBA55CEU7, STM32WBA55CEU7TR, STM32WBA55CGU6, STM32WBA55CGU6TR, STM32WBA55CGU6U, STM32WBA55CGU7, STM32WBA55CGU7TR, STM32WBA55G-DK1, STM32WBA55HEF6, STM32WBA55HEF7, STM32WBA55HGF6, STM32WBA55HGF7, STM32WBA55UEI6, STM32WBA55UEI6TR, STM32WBA55UEI7, STM32WBA55UEI7TR, STM32WBA55UGI6, STM32WBA55UGI6TR, STM32WBA55UGI7, STM32WBA55UGI7TR, STM32WL5MOCH6, STM32WL5MOCH6TR]
2026-09-06 10:55:46,714 [INFO] ApiDb:668 - CubeFinder database Data Model version=2.1
2026-09-06 10:55:46,714 [INFO] ApiDb:669 - CubeFinder database Configuration version=3.0.42
2026-09-06 10:55:46,714 [INFO] ApiDb:670 - CubeFinder database generation date=2026-08-04 (1785840812)
2026-09-06 10:55:46,714 [INFO] ApiDb:671 - CubeFinder database FW Pack versions=[FP-ATR-ASTRA1_V2.0.0, FP-SNS-FLIGHT1_V5.1.0, FP-SNS-MOTENV1_V5.1.0, FP-SNS-MOTENVWB1_V1.5.0, FP-SNS-SMARTAG2_V1.2.0, FP-SNS-STBOX1_V2.1.0, STM32Cube_FW_C0_V1.4.1, STM32Cube_FW_F4_V1.28.3, STM32Cube_FW_F7_V1.17.4, STM32Cube_FW_G0_V1.6.3, STM32Cube_FW_G4_V1.6.2, STM32Cube_FW_H5_V1.7.0, STM32Cube_FW_H7RS_V1.3.0, STM32Cube_FW_H7_V1.13.0, STM32Cube_FW_L0_V1.12.2, STM32Cube_FW_L4_V1.18.2, STM32Cube_FW_L5_V1.6.0, STM32Cube_FW_N6_V1.4.0, STM32Cube_FW_U0_V1.3.0, STM32Cube_FW_U3_V1.4.0, STM32Cube_FW_U5_V1.9.0, STM32Cube_FW_WB0_V1.5.0, STM32Cube_FW_WBA_V1.10.0, STM32Cube_FW_WB_V1.24.0, STM32Cube_FW_WL3_V1.5.0, STM32Cube_FW_WL_V1.6.0, X-CUBE-ALGOBUILD_V1.5.0, X-CUBE-ALS_V1.0.2, X-CUBE-AZRTOS-F4_V1.1.0, X-CUBE-AZRTOS-F7_V1.1.0, X-CUBE-AZRTOS-G0_V1.1.0, X-CUBE-AZRTOS-G4_V2.0.0, X-CUBE-AZRTOS-H7RS_V1.3.0, X-CUBE-AZRTOS-H7_V3.5.0, X-CUBE-AZRTOS-L4_V2.0.0, X-CUBE-AZRTOS-L5_V2.0.0, X-CUBE-AZRTOS-WB_V2.0.0, X-CUBE-AZRTOS-WL_V2.0.0, X-CUBE-BLE1_V7.1.0, X-CUBE-BLE2_V3.3.0, X-CUBE-BLEMGR_V4.2.0, X-CUBE-EEPRMA1_V5.2.0, X-CUBE-FREERTOS_V1.6.0, X-CUBE-GNSS1_V7.1.1, X-CUBE-MEMS1_V13.0.0, X-CUBE-NFC4_V3.0.0, X-CUBE-NFC7_V2.0.0, X-CUBE-SFXS2LP1_V4.0.0, X-CUBE-ST67W61_V1.3.0, X-CUBE-SUBG2_V5.0.0, X-CUBE-TOF1_V3.4.3]
2026-09-06 10:55:48,926 [INFO] ApiDb:240 - Found 646 in-development CPN: [B-G473E-ZEST1S, B-WB1M-WPAN1, B-WL5M-SUBG1, NUCLEO-C031C6, NUCLEO-C071RB, NUCLEO-H503RB, NUCLEO-H533RE, NUCLEO-H563ZI, NUCLEO-H7S3L8, NUCLEO-U031R8, NUCLEO-U083RC, NUCLEO-U545RE-Q, NUCLEO-U5A5ZJ-Q, NUCLEO-WB05KZ, NUCLEO-WB07CC, NUCLEO-WB09KE, NUCLEO-WBA52CG, NUCLEO-WBA55CG, STEVAL-PROTEUS1, STEVAL-SMARTAG2, STEVAL-STWINBX1, STM320518-EVAL, STM32C0116-DK, STM32C011D6Y3TR, STM32C011D6Y6TR, STM32C011F4P3, STM32C011F4P6, STM32C011F4U3, STM32C011F4U6TR, STM32C011F6P3, STM32C011F6P6, STM32C011F6U3, STM32C011F6U6TR, STM32C011J4M3, STM32C011J4M6, STM32C011J6M3, STM32C011J6M6, STM32C0316-DK, STM32C031C4T3, STM32C031C4T6, STM32C031C4U3, STM32C031C4U6, STM32C031C6T3, STM32C031C6T6, STM32C031C6U3, STM32C031C6U6, STM32C031F4P3, STM32C031F4P6, STM32C031F6P3, STM32C031F6P6, STM32C031G4U3, STM32C031G4U6, STM32C031G6U3, STM32C031G6U6, STM32C031K4T3, STM32C031K4T6, STM32C031K4U3, STM32C031K4U6, STM32C031K6T3, STM32C031K6T6, STM32C031K6U3, STM32C031K6U6, STM32C071C8T6, STM32C071C8T6N, STM32C071C8U6, STM32C071C8U6N, STM32C071CBT6, STM32C071CBT6N, STM32C071CBU6, STM32C071CBU6N, STM32C071F8P6, STM32C071F8P6N, STM32C071FBP6, STM32C071FBP6N, STM32C071FBY6TR, STM32C071G8U6, STM32C071G8U6N, STM32C071GBU6, STM32C071GBU6N, STM32C071K8T6, STM32C071K8T6N, STM32C071K8U6, STM32C071K8U6N, STM32C071KBT6, STM32C071KBT6N, STM32C071KBU6, STM32C071KBU6N, STM32C071R8T6, STM32C071R8T6N, STM32C071RBI6N, STM32C071RBT6, STM32C071RBT6N, STM32G071K8TXN, STM32G071K8UXN, STM32G081GBU6N, STM32G081KBT6N, STM32G081KBUXN, STM32G0B1CCT6N, STM32G0B1KCT6, STM32G0B1NEY6TR, STM32G0B1RCT6N, STM32G0C1CCT6, STM32G0C1CCT6N, STM32G0C1CCU6N, STM32G0C1CET6N, STM32G0C1CEU6N, STM32G0C1KCT6, STM32G0C1NEY6TR, STM32G0C1RCI6N, STM32G0C1RCT6N, STM32G0C1REI6N, STM32G0C1RET6N, STM32G0C1VCI6, STM32G0C1VEI6, STM32G411C6T3, STM32G411C6T6, STM32G411C6U3, STM32G411C6U6, STM32G411C8T3, STM32G411C8T6, STM32G411C8U3, STM32G411C8U6, STM32G411CBT3, STM32G411CBT6, STM32G411CBU3, STM32G411CBU6, STM32G411K6T3, STM32G411K6T6, STM32G411K6U3, STM32G411K6U6, STM32G411K8T3, STM32G411K8T6, STM32G411K8U3, STM32G411K8U6, STM32G411KBT3, STM32G411KBT6, STM32G411KBU3, STM32G411KBU6, STM32G411M6T3, STM32G411M6T6, STM32G411M8T3, STM32G411M8T6, STM32G411MBT3, STM32G411MBT6, STM32G411R6T3, STM32G411R6T6, STM32G411R8T3, STM32G411R8T6, STM32G411RBT3, STM32G411RBT6, STM32G414CBT3, STM32G414CBT6, STM32G414CBU3, STM32G414CBU6, STM32G414CCT3, STM32G414CCT6, STM32G414CCU3, STM32G414CCU6, STM32G414MBT3, STM32G414MBT6, STM32G414MCT3, STM32G414MCT6, STM32G414RBT3, STM32G414RBT6, STM32G414RCT3, STM32G414RCT6, STM32G414VBT3, STM32G414VBT6, STM32G414VCT3, STM32G414VCT6, STM32G431CBT3Z, STM32G431RBT3Z, STM32G471CCT6, STM32G471CCU6, STM32G471CET3, STM32G471CET6, STM32G471CEU3, STM32G471CEU6, STM32G471MCT6, STM32G471MET3, STM32G471MET6, STM32G471MEY6TR, STM32G471QCT6, STM32G471QET3, STM32G471RCT6, STM32G471RET3, STM32G471RET6, STM32G471VCH6, STM32G471VCI6, STM32G471VCT6, STM32G471VEH3, STM32G471VEH6, STM32G471VEI3, STM32G471VEI6, STM32G471VET3, STM32G471VET6, STM32G473QET3Z, STM32G473RET3Z, STM32G474CCT6, STM32G491RET3Z, STM32H503CBT6, STM32H503CBU6, STM32H503EBY6TR, STM32H503KBU6, STM32H503RBT6, STM32H523CCT6, STM32H523CCU6, STM32H523CET6, STM32H523CEU6, STM32H523HEY6TR, STM32H523RCT6, STM32H523RET6, STM32H523VCI6, STM32H523VCT6, STM32H523VEI6, STM32H523VET6, STM32H523ZCJ6, STM32H523ZCT6, STM32H523ZEJ6, STM32H523ZET6, STM32H533CET6, STM32H533CEU6, STM32H533HEY6TR, STM32H533RET6, STM32H533VEI6, STM32H533VET6, STM32H533ZEJ6, STM32H533ZET6, STM32H562AGI6, STM32H562AII6, STM32H562IGK6, STM32H562IGT6, STM32H562IIK6, STM32H562IIT6, STM32H562RGT6, STM32H562RGV6, STM32H562RIT6, STM32H562RIV6, STM32H562VGT6, STM32H562VIT6, STM32H562ZGT6, STM32H562ZIT6, STM32H563AGI6, STM32H563AII3Q, STM32H563AII6, STM32H563IGK6, STM32H563IGT6, STM32H563IIK3Q, STM32H563IIK6, STM32H563IIT3Q, STM32H563IIT6, STM32H563MIY3QTR, STM32H563RGT6, STM32H563RGV6, STM32H563RIT6, STM32H563RIV6, STM32H563VGT6, STM32H563VIT3Q, STM32H563VIT6, STM32H563ZGT6, STM32H563ZIT3Q, STM32H563ZIT6, STM32H573AII3Q, STM32H573AII6, STM32H573I-DK, STM32H573IIK3Q, STM32H573IIK6, STM32H573IIT3Q, STM32H573IIT6, STM32H573MIY3QTR, STM32H573RIT6, STM32H573RIV6, STM32H573VIT3Q, STM32H573VIT6, STM32H573ZIT3Q, STM32H573ZIT6, STM32H7R3A8I6, STM32H7R3I8K6, STM32H7R3I8T6, STM32H7R3L8H6, STM32H7R3L8H6H, STM32H7R3R8V6, STM32H7R3V8H6, STM32H7R3V8T6, STM32H7R3V8Y6TR, STM32H7R3Z8J6, STM32H7R3Z8T6, STM32H7R7A8I6, STM32H7R7I8K6, STM32H7R7I8T6, STM32H7R7L8H6, STM32H7R7L8H6H, STM32H7R7Z8J6, STM32H7S3A8I6, STM32H7S3I8K6, STM32H7S3I8T6, STM32H7S3L8H6, STM32H7S3L8H6H, STM32H7S3R8V6, STM32H7S3V8H6, STM32H7S3V8T6, STM32H7S3V8Y6TR, STM32H7S3Z8J6, STM32H7S3Z8T6, STM32H7S78-DK, STM32H7S7A8I6, STM32H7S7I8K6, STM32H7S7I8T6, STM32H7S7L8H6, STM32H7S7L8H6H, STM32H7S7Z8J6, STM32L4R5QGI6STR, STM32MP131AAE3, STM32MP131AAF3, STM32MP131AAG3, STM32MP131CAE3, STM32MP131CAF3, STM32MP131CAG3, STM32MP131DAE7, STM32MP131DAF7, STM32MP131DAG7, STM32MP131FAE7, STM32MP131FAF7, STM32MP131FAG7, STM32MP133AAE3, STM32MP133AAF3, STM32MP133AAG3, STM32MP133CAE3, STM32MP133CAF3, STM32MP133CAG3, STM32MP133DAE7, STM32MP133DAF7, STM32MP133DAG7, STM32MP133FAE7, STM32MP133FAF7, STM32MP133FAG7, STM32MP135AAE3, STM32MP135AAF3, STM32MP135AAG3, STM32MP135CAE3, STM32MP135CAF3, STM32MP135CAG3, STM32MP135DAE7, STM32MP135DAF7, STM32MP135DAG7, STM32MP135F-DK, STM32MP135FAE7, STM32MP135FAF7, STM32MP135FAF7T, STM32MP135FAF7U, STM32MP135FAG7, STM32MP251AAI3, STM32MP251AAK3, STM32MP251AAL3, STM32MP251CAI3, STM32MP251CAK3, STM32MP251CAL3, STM32MP251DAI3, STM32MP251DAK3, STM32MP251DAL3, STM32MP251FAI3, STM32MP251FAK3, STM32MP251FAL3, STM32MP253AAI3, STM32MP253AAK3, STM32MP253AAL3, STM32MP253CAI3, STM32MP253CAK3, STM32MP253CAL3, STM32MP253DAI3, STM32MP253DAK3, STM32MP253DAL3, STM32MP253FAI3, STM32MP253FAK3, STM32MP253FAL3, STM32MP255AAI3, STM32MP255AAK3, STM32MP255AAL3, STM32MP255CAI3, STM32MP255CAK3, STM32MP255CAL3, STM32MP255DAI3, STM32MP255DAK3, STM32MP255DAL3, STM32MP255FAI3, STM32MP255FAK3, STM32MP255FAL3, STM32MP257AAI3, STM32MP257AAK3, STM32MP257AAL3, STM32MP257CAI3, STM32MP257CAK3, STM32MP257CAL3, STM32MP257DAI3, STM32MP257DAK3, STM32MP257DAL3, STM32MP257F-DK, STM32MP257F-EV1, STM32MP257FAI3, STM32MP257FAK3, STM32MP257FAL3, STM32U031C6T6, STM32U031C6U6, STM32U031C8T6, STM32U031C8U6, STM32U031F4P6, STM32U031F6P6, STM32U031F8P6, STM32U031G6Y6TR, STM32U031G8Y6TR, STM32U031K4U6, STM32U031K6U6, STM32U031K8U6, STM32U031R6I6, STM32U031R6T6, STM32U031R8I6, STM32U031R8T6, STM32U073C8T6, STM32U073C8U6, STM32U073CBT6, STM32U073CBU6, STM32U073CCT6, STM32U073CCU6, STM32U073H8Y6TR, STM32U073HBY6TR, STM32U073HCY6TR, STM32U073K8U6, STM32U073KBU6, STM32U073KCU6, STM32U073M8I6, STM32U073M8T6, STM32U073MBI6, STM32U073MBT6, STM32U073MCI6, STM32U073MCT6, STM32U073R8I6, STM32U073R8T6, STM32U073RBI6, STM32U073RBT6, STM32U073RCI6, STM32U073RCT6, STM32U083C-DK, STM32U083CCT6, STM32U083CCU6, STM32U083HCY6TR, STM32U083KCU6, STM32U083MCI6, STM32U083MCT6, STM32U083RCI6, STM32U083RCT6, STM32U535CBT6, STM32U535CBT6Q, STM32U535CBU6, STM32U535CBU6Q, STM32U535CCT6, STM32U535CCT6Q, STM32U535CCU6, STM32U535CCU6Q, STM32U535CET6, STM32U535CET6Q, STM32U535CEU6, STM32U535CEU6Q, STM32U535JEY6QTR, STM32U535NCY6QTR, STM32U535NEY6QTR, STM32U535RBI6, STM32U535RBI6Q, STM32U535RBT6, STM32U535RBT6Q, STM32U535RCI6, STM32U535RCI6Q, STM32U535RCT6, STM32U535RCT6Q, STM32U535REI6, STM32U535REI6Q, STM32U535RET6, STM32U535RET6Q, STM32U535VCI6, STM32U535VCI6Q, STM32U535VCT6, STM32U535VCT6Q, STM32U535VEI6, STM32U535VEI6Q, STM32U535VET6, STM32U535VET6Q, STM32U545CET6, STM32U545CET6Q, STM32U545CEU6, STM32U545CEU6Q, STM32U545JEY6QTR, STM32U545NEY6QTR, STM32U545REI6, STM32U545REI6Q, STM32U545RET6, STM32U545RET6Q, STM32U545VEI6, STM32U545VEI6Q, STM32U545VET6, STM32U545VET6Q, STM32U595AIH6, STM32U595AIH6Q, STM32U595AJH6, STM32U595AJH6Q, STM32U595QII6, STM32U595QII6Q, STM32U595QJI6, STM32U595QJI6Q, STM32U595RIT6, STM32U595RIT6Q, STM32U595RJT6, STM32U595RJT6Q, STM32U595VIT6, STM32U595VIT6Q, STM32U595VJT6, STM32U595VJT6Q, STM32U595ZIT6, STM32U595ZIT6Q, STM32U595ZIY6QTR, STM32U595ZJT6, STM32U595ZJT6Q, STM32U595ZJY6QTR, STM32U599BJY6QTR, STM32U599NIH6Q, STM32U599NJH6Q, STM32U599VIT6Q, STM32U599VJT6, STM32U599VJT6Q, STM32U599ZIT6Q, STM32U599ZIY6QTR, STM32U599ZJT6Q, STM32U599ZJY6QTR, STM32U5A5AJH6, STM32U5A5AJH6Q, STM32U5A5QII3Q , STM32U5A5QJI6, STM32U5A5QJI6Q, STM32U5A5RJT6, STM32U5A5RJT6Q, STM32U5A5VJT6, STM32U5A5VJT6Q, STM32U5A5ZJT6, STM32U5A5ZJT6Q, STM32U5A5ZJY6QTR, STM32U5A9BJY6QTR, STM32U5A9J-DK, STM32U5A9NJH6Q, STM32U5A9VJT6Q, STM32U5A9ZJT6Q, STM32U5A9ZJY6QTR, STM32U5F7VIT6, STM32U5F7VIT6Q, STM32U5F7VJT6, STM32U5F7VJT6Q, STM32U5F9BJY6QTR, STM32U5F9NJH6Q, STM32U5F9VIT6Q, STM32U5F9VJT6Q, STM32U5F9ZIJ6QTR, STM32U5F9ZIT6Q, STM32U5F9ZJJ6QTR, STM32U5F9ZJT6Q, STM32U5G7VJT6, STM32U5G7VJT6Q, STM32U5G9BJY6QTR, STM32U5G9J-DK1, STM32U5G9J-DK2, STM32U5G9NJH6Q, STM32U5G9VJT6Q, STM32U5G9ZJJ6QTR, STM32U5G9ZJT6Q, STM32WB05KZV6TR, STM32WB05KZV7TR, STM32WB05TZF6TR, STM32WB05TZF7TR, STM32WB06CCF6TR, STM32WB06CCF7TR, STM32WB06CCV6TR, STM32WB06CCV7TR, STM32WB06KCV6TR, STM32WB06KCV7TR, STM32WB07CCF6TR, STM32WB07CCF7TR, STM32WB07CCV6TR, STM32WB07CCV7TR, STM32WB07KCV6TR, STM32WB07KCV7TR, STM32WB09KEV6TR, STM32WB09KEV7TR, STM32WB09TEF6TR, STM32WB09TEF7TR, STM32WB1MMCH6, STM32WBA50KGU6, STM32WBA50KGU6TR, STM32WBA52CEU6, STM32WBA52CEU6TR, STM32WBA52CEU7, STM32WBA52CEU7TR, STM32WBA52CGU6, STM32WBA52CGU6TR, STM32WBA52CGU6U, STM32WBA52CGU7, STM32WBA52CGU7TR, STM32WBA52KEU6, STM32WBA52KEU6TR, STM32WBA52KGU6, STM32WBA52KGU6TR, STM32WBA54CEU6, STM32WBA54CEU6TR, STM32WBA54CEU7, STM32WBA54CEU7TR, STM32WBA54CGU6, STM32WBA54CGU6TR, STM32WBA54CGU7, STM32WBA54CGU7TR, STM32WBA54KEU6, STM32WBA54KEU6TR, STM32WBA54KEU7, STM32WBA54KEU7TR, STM32WBA54KGU6, STM32WBA54KGU6TR, STM32WBA54KGU7, STM32WBA54KGU7TR, STM32WBA55CEU6, STM32WBA55CEU6TR, STM32WBA55CEU7, STM32WBA55CEU7TR, STM32WBA55CGU6, STM32WBA55CGU6TR, STM32WBA55CGU6U, STM32WBA55CGU7, STM32WBA55CGU7TR, STM32WBA55G-DK1, STM32WBA55HEF6, STM32WBA55HEF7, STM32WBA55HGF6, STM32WBA55HGF7, STM32WBA55UEI6, STM32WBA55UEI6TR, STM32WBA55UEI7, STM32WBA55UEI7TR, STM32WBA55UGI6, STM32WBA55UGI6TR, STM32WBA55UGI7, STM32WBA55UGI7TR, STM32WL5MOCH6, STM32WL5MOCH6TR]
2026-09-06 10:55:48,934 [INFO] DbMcus:218 - Found 5304 MCUs, 5116 are supported
2026-09-06 10:55:48,935 [INFO] ApiDb:423 - Load user favorites file C:\Users\user/.stm32cubeide/favorites.mcus.txt: 0 item(s)
2026-09-06 10:55:48,935 [INFO] ApiDb:427 - User favorites MCUs=[]
2026-09-06 10:55:48,936 [INFO] DbMcus:224 - Set 0 / 0 favorites MCUs
2026-09-06 10:55:49,418 [INFO] BoardInfo:889 - No configuration file found for board B-WBA5M-WPAN
2026-09-06 10:55:49,418 [INFO] DbBoards:161 - Board is not supported: B-WBA5M-WPAN
2026-09-06 10:55:49,421 [INFO] BoardInfo:889 - No configuration file found for board NUCLEO-C051C8
2026-09-06 10:55:49,422 [INFO] DbBoards:161 - Board is not supported: NUCLEO-C051C8
2026-09-06 10:55:49,424 [INFO] BoardInfo:889 - No configuration file found for board NUCLEO-C092RC
2026-09-06 10:55:49,424 [INFO] DbBoards:161 - Board is not supported: NUCLEO-C092RC
2026-09-06 10:55:49,474 [INFO] BoardInfo:889 - No configuration file found for board NUCLEO-H553ZG
2026-09-06 10:55:49,474 [INFO] DbBoards:161 - Board is not supported: NUCLEO-H553ZG
2026-09-06 10:55:49,476 [INFO] BoardInfo:889 - No configuration file found for board NUCLEO-H5E5ZJ
2026-09-06 10:55:49,477 [INFO] DbBoards:161 - Board is not supported: NUCLEO-H5E5ZJ
2026-09-06 10:55:49,505 [INFO] BoardInfo:889 - No configuration file found for board NUCLEO-N657X0-Q
2026-09-06 10:55:49,505 [INFO] DbBoards:161 - Board is not supported: NUCLEO-N657X0-Q
2026-09-06 10:55:49,508 [INFO] BoardInfo:889 - No configuration file found for board NUCLEO-U385RG-Q
2026-09-06 10:55:49,508 [INFO] DbBoards:161 - Board is not supported: NUCLEO-U385RG-Q
2026-09-06 10:55:49,509 [INFO] BoardInfo:889 - No configuration file found for board NUCLEO-U3C5ZI-Q
2026-09-06 10:55:49,509 [INFO] DbBoards:161 - Board is not supported: NUCLEO-U3C5ZI-Q
2026-09-06 10:55:49,518 [INFO] BoardInfo:889 - No configuration file found for board NUCLEO-WBA25CE1
2026-09-06 10:55:49,518 [INFO] DbBoards:161 - Board is not supported: NUCLEO-WBA25CE1
2026-09-06 10:55:49,522 [INFO] BoardInfo:889 - No configuration file found for board NUCLEO-WBA65RI
2026-09-06 10:55:49,522 [INFO] DbBoards:161 - Board is not supported: NUCLEO-WBA65RI
2026-09-06 10:55:49,523 [INFO] BoardInfo:889 - No configuration file found for board NUCLEO-WL33CC1
2026-09-06 10:55:49,523 [INFO] DbBoards:161 - Board is not supported: NUCLEO-WL33CC1
2026-09-06 10:55:49,524 [INFO] BoardInfo:889 - No configuration file found for board NUCLEO-WL33CC2
2026-09-06 10:55:49,524 [INFO] DbBoards:161 - Board is not supported: NUCLEO-WL33CC2
2026-09-06 10:55:49,525 [INFO] BoardInfo:889 - No configuration file found for board NUCLEO-WL3RKB1
2026-09-06 10:55:49,526 [INFO] DbBoards:161 - Board is not supported: NUCLEO-WL3RKB1
2026-09-06 10:55:49,527 [INFO] BoardInfo:889 - No configuration file found for board NUCLEO-WL3RKB2
2026-09-06 10:55:49,527 [INFO] DbBoards:161 - Board is not supported: NUCLEO-WL3RKB2
2026-09-06 10:55:49,532 [INFO] BoardInfo:889 - No configuration file found for board P-NUCLEO-WB55
2026-09-06 10:55:49,533 [INFO] DbBoards:161 - Kit is not supported: P-NUCLEO-WB55
2026-09-06 10:55:49,538 [INFO] BoardInfo:889 - No configuration file found for board STEVAL-BFA001V1B
2026-09-06 10:55:49,538 [INFO] DbBoards:161 - Kit is not supported: STEVAL-BFA001V1B
2026-09-06 10:55:49,539 [INFO] BoardInfo:889 - No configuration file found for board STEVAL-BFA001V2B
2026-09-06 10:55:49,540 [INFO] DbBoards:161 - Kit is not supported: STEVAL-BFA001V2B
2026-09-06 10:55:49,607 [INFO] BoardInfo:889 - No configuration file found for board STM32H5F5J-DK
2026-09-06 10:55:49,607 [INFO] DbBoards:161 - Board is not supported: STM32H5F5J-DK
2026-09-06 10:55:49,644 [INFO] BoardInfo:889 - No configuration file found for board STM32MP215F-DK
2026-09-06 10:55:49,644 [INFO] DbBoards:161 - Board is not supported: STM32MP215F-DK
2026-09-06 10:55:49,647 [INFO] BoardInfo:889 - No configuration file found for board STM32N6570-DK
2026-09-06 10:55:49,648 [INFO] DbBoards:161 - Board is not supported: STM32N6570-DK
2026-09-06 10:55:49,658 [INFO] BoardInfo:889 - No configuration file found for board STM32WBA65I-DK1
2026-09-06 10:55:49,658 [INFO] DbBoards:161 - Board is not supported: STM32WBA65I-DK1
2026-09-06 10:55:49,658 [INFO] DbBoards:168 - Found 219 boards, 198 are supported
2026-09-06 10:55:49,659 [INFO] DbBoards:169 - Found 219 boards, 25 of them is supported for  Bsp
2026-09-06 10:55:49,662 [INFO] ApiDb:423 - Load user favorites file C:\Users\user/.stm32cubeide/favorites.boards.txt: 0 item(s)
2026-09-06 10:55:49,662 [INFO] ApiDb:427 - User favorites Boards=[]
2026-09-06 10:55:49,662 [INFO] DbBoards:198 - Set 0 / 0 favorites Boards
2026-09-06 10:55:49,662 [INFO] McuFinderGlobals:76 - Set McuFinderConnectedMode to true
2026-09-06 10:55:49,679 [INFO] MultiScanPanel:200 - Auto-refresh data requested => check proxy status ongoing
2026-09-06 10:55:49,682 [INFO] FinderPluginLoader:95 - Searching for filters in installed packs
2026-09-06 10:55:51,307 [INFO] LoadUrlFilesThread:185 - End of LoadServerUrlFiles without Thread
2026-09-06 10:55:51,340 [INFO] DetailPanel:341 - Set advertising image to C:/Users/user/STM32Cube/Repository/\en.stm32h5cubemxbanner.png
2026-09-06 10:59:27,747 [INFO] MultiScanPanel:200 - Auto-refresh data requested => check proxy status ongoing
2026-09-06 10:59:27,915 [INFO] LoadUrlFilesThread:185 - End of LoadServerUrlFiles without Thread
2026-09-06 10:59:27,915 [INFO] DetailPanel:341 - Set advertising image to C:/Users/user/STM32Cube/Repository/\en.stm32h5cubemxbanner.png
2026-09-06 10:59:27,930 [INFO] DbBoards:642 - Loading board mini-images...
2026-09-06 10:59:28,461 [ERROR] DbBoards:659 - Image file not found for board NUCLEO-H553ZG: C:\Users\user\.stmcufinder\plugins\mcufinder//mcu//boards_images/NUCLEO-H553ZG.jpg
2026-09-06 10:59:30,120 [INFO] DbBoards:665 - Loaded 218 board mini-images
2026-09-06 11:00:42,605 [INFO] MainUpdater:2873 - connection check result : 10
2026-09-06 11:00:42,606 [INFO] MainUpdater:2873 - connection check result : 10
2026-09-06 11:00:42,668 [INFO] RulesReader:64 - Compatibility file has been processed (297 Rules)
2026-09-06 11:00:42,680 [INFO] RulesReader:64 - Compatibility file has been processed (297 Rules)
2026-09-06 11:00:42,685 [INFO] MicroXplorer:468 - Change Database Path : 
2026-09-06 11:00:42,686 [INFO] MicroXplorer:498 - Change Database Version : DB.6.0.120
2026-09-06 11:00:42,695 [WARN] ThirdParty:871 - waiting for thirdparty lock release [close project]
2026-09-06 11:00:42,695 [INFO] ThirdParty:873 - entering critical section [close project]
2026-09-06 11:00:42,697 [INFO] ThirdParty:883 - exiting critical section [close project]
2026-09-06 11:00:42,700 [INFO] PinOutPanel:1561 - setPackage(No Configuration,No Configuration)
2026-09-06 11:00:42,705 [INFO] UtilMem:75 - Begin LoadConfig() Used Memory: 1017370840 Bytes (1073741824)
2026-09-06 11:00:42,714 [INFO] OpenFileManager:332 - Change cursor
2026-09-06 11:00:42,761 [INFO] ProjectFactory:442 - No CPN specified for board NUCLEO-F446RE => set CPN to STM32F446RET6
2026-09-06 11:00:42,762 [INFO] Mcu:2032 - Initializing MCU STM32F446R(C-E)Tx STM32F446RETx STM32F446RET6
2026-09-06 11:00:45,572 [INFO] Context:742 - Trying to add GPIOservice into a context  which must be forbidden
2026-09-06 11:00:46,133 [INFO] Rule:228 - rule 117617 - U5Cobra4M][GTZC] default value MPCBB3 and MPCBB5 - Not Secured memory - MPCBB1 is applicable
2026-09-06 11:00:46,133 [INFO] Rule:228 - rule 117617 - U5Cobra4M][GTZC] default value MPCBB3 and MPCBB5 - Not Secured memory - MPCBB1 is applicable
2026-09-06 11:00:46,133 [INFO] Rule:228 - rule 117617 - U5Cobra4M][GTZC] default value MPCBB3 and MPCBB5 - Not Secured memory - MPCBB2 is applicable
2026-09-06 11:00:46,133 [INFO] Rule:228 - rule 117617 - U5Cobra4M][GTZC] default value MPCBB3 and MPCBB5 - Not Secured memory - MPCBB2 is applicable
2026-09-06 11:00:46,134 [INFO] Rule:228 - rule 117617 - U5Cobra4M][GTZC] default value MPCBB3 and MPCBB5 - Not Secured memory - MPCBB3 is applicable
2026-09-06 11:00:46,134 [INFO] Rule:228 - rule 117617 - U5Cobra4M][GTZC] default value MPCBB3 and MPCBB5 - Not Secured memory - MPCBB3 is applicable
2026-09-06 11:00:46,134 [INFO] Rule:228 - rule 117617 - U5Cobra4M][GTZC] default value MPCBB3 and MPCBB5 - Not Secured memory - MPCBB4 is applicable
2026-09-06 11:00:46,134 [INFO] Rule:228 - rule 117617 - U5Cobra4M][GTZC] default value MPCBB3 and MPCBB5 - Not Secured memory - MPCBB4 is applicable
2026-09-06 11:00:46,134 [INFO] Rule:228 - rule 117617 - U5Cobra4M][GTZC] default value MPCBB3 and MPCBB5 - Secured memory - MPCBB1 is applicable
2026-09-06 11:00:46,134 [INFO] Rule:228 - rule 117617 - U5Cobra4M][GTZC] default value MPCBB3 and MPCBB5 - Secured memory - MPCBB2 is applicable
2026-09-06 11:00:46,134 [INFO] Rule:228 - rule 117617 - U5Cobra4M][GTZC] default value MPCBB3 and MPCBB5 - Secured memory - MPCBB3 is applicable
2026-09-06 11:00:46,134 [INFO] Rule:228 - rule 117617 - U5Cobra4M][GTZC] default value MPCBB3 and MPCBB5 - Secured memory - MPCBB4 is applicable
2026-09-06 11:00:46,134 [INFO] Rule:228 - rule 117617 - U5Cobra4M][GTZC] default value MPCBB3 and MPCBB5 - Privileged memory - MPCBB1 is applicable
2026-09-06 11:00:46,134 [INFO] Rule:228 - rule 117617 - U5Cobra4M][GTZC] default value MPCBB3 and MPCBB5 - Privileged memory - MPCBB2 is applicable
2026-09-06 11:00:46,134 [INFO] Rule:228 - rule 117617 - U5Cobra4M][GTZC] default value MPCBB3 and MPCBB5 - Privileged memory - MPCBB3 is applicable
2026-09-06 11:00:46,134 [INFO] Rule:228 - rule 117617 - U5Cobra4M][GTZC] default value MPCBB3 and MPCBB5 - Privileged memory - MPCBB4 is applicable
2026-09-06 11:00:46,134 [INFO] Rule:228 - rule 117617 - U5Cobra4M][GTZC] default value MPCBB3 and MPCBB5 - Not Privileged memory - MPCBB1 is applicable
2026-09-06 11:00:46,134 [INFO] Rule:228 - rule 117617 - U5Cobra4M][GTZC] default value MPCBB3 and MPCBB5 - Not Privileged memory - MPCBB2 is applicable
2026-09-06 11:00:46,134 [INFO] Rule:228 - rule 117617 - U5Cobra4M][GTZC] default value MPCBB3 and MPCBB5 - Not Privileged memory - MPCBB3 is applicable
2026-09-06 11:00:46,135 [INFO] Rule:228 - rule 117617 - U5Cobra4M][GTZC] default value MPCBB3 and MPCBB5 - Not Privileged memory - MPCBB4 is applicable
2026-09-06 11:00:46,136 [INFO] Rule:228 - rule 117617 - U5Cobra4M][GTZC] default value MPCBB3 and MPCBB5 - Privileged memory - MPCBB1 is applicable
2026-09-06 11:00:46,136 [INFO] Rule:228 - rule 117617 - U5Cobra4M][GTZC] default value MPCBB3 and MPCBB5 - Privileged memory - MPCBB2 is applicable
2026-09-06 11:00:46,136 [INFO] Rule:228 - rule 117617 - U5Cobra4M][GTZC] default value MPCBB3 and MPCBB5 - Privileged memory - MPCBB3 is applicable
2026-09-06 11:00:46,136 [INFO] Rule:228 - rule 117617 - U5Cobra4M][GTZC] default value MPCBB3 and MPCBB5 - Privileged memory - MPCBB4 is applicable
2026-09-06 11:00:46,136 [INFO] Rule:228 - rule 117617 - U5Cobra4M][GTZC] default value MPCBB3 and MPCBB5 - Privileged memory - MPCBB1 is applicable
2026-09-06 11:00:46,136 [INFO] Rule:228 - rule 117617 - U5Cobra4M][GTZC] default value MPCBB3 and MPCBB5 - Privileged memory - MPCBB2 is applicable
2026-09-06 11:00:46,136 [INFO] Rule:228 - rule 117617 - U5Cobra4M][GTZC] default value MPCBB3 and MPCBB5 - Privileged memory - MPCBB3 is applicable
2026-09-06 11:00:46,136 [INFO] Rule:228 - rule 117617 - U5Cobra4M][GTZC] default value MPCBB3 and MPCBB5 - Privileged memory - MPCBB4 is applicable
2026-09-06 11:00:46,136 [INFO] Rule:228 - rule 117617 - U5Cobra4M][GTZC] default value MPCBB3 and MPCBB5 - Not Privileged memory - MPCBB1 is applicable
2026-09-06 11:00:46,137 [INFO] Rule:228 - rule 117617 - U5Cobra4M][GTZC] default value MPCBB3 and MPCBB5 - Not Privileged memory - MPCBB2 is applicable
2026-09-06 11:00:46,137 [INFO] Rule:228 - rule 117617 - U5Cobra4M][GTZC] default value MPCBB3 and MPCBB5 - Not Privileged memory - MPCBB3 is applicable
2026-09-06 11:00:46,137 [INFO] Rule:228 - rule 117617 - U5Cobra4M][GTZC] default value MPCBB3 and MPCBB5 - Not Privileged memory - MPCBB4 is applicable
2026-09-06 11:00:46,137 [INFO] Rule:228 - rule 117617 - U5Cobra4M][GTZC] default value MPCBB3 and MPCBB5 - Privileged memory - MPCBB1 is applicable
2026-09-06 11:00:46,137 [INFO] Rule:228 - rule 117617 - U5Cobra4M][GTZC] default value MPCBB3 and MPCBB5 - Privileged memory - MPCBB2 is applicable
2026-09-06 11:00:46,137 [INFO] Rule:228 - rule 117617 - U5Cobra4M][GTZC] default value MPCBB3 and MPCBB5 - Privileged memory - MPCBB3 is applicable
2026-09-06 11:00:46,137 [INFO] Rule:228 - rule 117617 - U5Cobra4M][GTZC] default value MPCBB3 and MPCBB5 - Privileged memory - MPCBB4 is applicable
2026-09-06 11:00:46,137 [INFO] Rule:228 - rule Rename SubGHz_Phy SUBGHZ_APPLICATION SUBGHZ_PINGPONG to SUBGHZ_ADV_APPLICATION is applicable
2026-09-06 11:00:46,137 [INFO] Rule:228 - rule Rename Enabled to IBEACON is applicable
2026-09-06 11:00:46,137 [INFO] Rule:228 - rule GTZC_S instance for project manager is applicable
2026-09-06 11:00:46,138 [INFO] Rule:228 - rule GTZC_S instance for context M33S is applicable
2026-09-06 11:00:46,138 [INFO] Rule:228 - rule GTZC_S instance value for IP GTZC is applicable
2026-09-06 11:00:46,138 [INFO] Rule:228 - rule GTZC_S instance for mcu.IP is applicable
2026-09-06 11:00:46,138 [INFO] Rule:228 - rule GTZC_S instance for VP is applicable
2026-09-06 11:00:46,138 [INFO] Rule:228 - rule GTZC_S instance for signal is applicable
2026-09-06 11:00:46,138 [INFO] Rule:228 - rule GTZC_S instance for mcu.Pin is applicable
2026-09-06 11:00:46,138 [INFO] Rule:228 - rule GTZC_S instance for VP is applicable
2026-09-06 11:00:46,138 [INFO] Rule:228 - rule GTZC_S instance for signal is applicable
2026-09-06 11:00:46,138 [INFO] Rule:228 - rule GTZC_S instance for mcu is applicable
2026-09-06 11:00:46,138 [INFO] Rule:228 - rule GTZC_S instance for mcu.Pin is applicable
2026-09-06 11:00:46,138 [INFO] Rule:228 - rule GTZC_S instance value for IP GTZC is applicable
2026-09-06 11:00:46,138 [INFO] Rule:228 - rule GTZC_S instance for project manager is applicable
2026-09-06 11:00:46,138 [INFO] Rule:228 - rule GTZC_S instance for context M33S is applicable
2026-09-06 11:00:46,138 [INFO] Rule:228 - rule GTZC_S instance for VP is applicable
2026-09-06 11:00:46,138 [INFO] Rule:228 - rule GTZC_S instance for signal is applicable
2026-09-06 11:00:46,138 [INFO] Rule:228 - rule SPDIFRX instance for mcu is applicable
2026-09-06 11:00:46,138 [INFO] Rule:228 - rule Rename Tracer Mode is applicable
2026-09-06 11:00:46,138 [INFO] Rule:228 - rule SPDIFRX instance value for IP SPDIFRX is applicable
2026-09-06 11:00:46,139 [INFO] Rule:228 - rule SPDIFRX instance for signal is applicable
2026-09-06 11:00:46,139 [INFO] Rule:228 - rule SPDIFRX instance for project manager is applicable
2026-09-06 11:00:46,139 [INFO] Rule:228 - rule SPDIFRX instance for project manager is applicable
2026-09-06 11:00:46,139 [INFO] Rule:228 - rule ADC Scan  fix with FW F7 is applicable
2026-09-06 11:00:46,139 [INFO] Rule:228 - rule ADC Scan  fix with FW F7 is applicable
2026-09-06 11:00:46,139 [INFO] Rule:228 - rule WakeUp0 Mode is applicable
2026-09-06 11:00:46,139 [INFO] Rule:228 - rule WakeUp0 SIGNAL is applicable
2026-09-06 11:00:46,139 [INFO] Rule:228 - rule WakeUp1 Mode is applicable
2026-09-06 11:00:46,139 [INFO] Rule:228 - rule WakeUp1 SIGNAL is applicable
2026-09-06 11:00:46,139 [INFO] Rule:228 - rule WakeUp2 Mode is applicable
2026-09-06 11:00:46,139 [INFO] Rule:228 - rule WakeUp2 SIGNAL is applicable
2026-09-06 11:00:46,139 [INFO] Rule:228 - rule WakeUp4 Mode is applicable
2026-09-06 11:00:46,139 [INFO] Rule:228 - rule WakeUp4 SIGNAL is applicable
2026-09-06 11:00:46,140 [INFO] Rule:228 - rule WakeUp5 Mode is applicable
2026-09-06 11:00:46,140 [INFO] Rule:228 - rule WakeUp5 SIGNAL is applicable
2026-09-06 11:00:46,140 [INFO] Rule:228 - rule Add RTC Activate Clock Source is applicable
2026-09-06 11:00:46,140 [INFO] Rule:228 - rule Add RTC Activate Calendar 1 is applicable
2026-09-06 11:00:46,140 [INFO] Rule:228 - rule Add RTC Activate Calendar 2 is applicable
2026-09-06 11:00:46,140 [INFO] Rule:228 - rule Add RTC Activate Calendar 3 is applicable
2026-09-06 11:00:46,140 [INFO] Rule:228 - rule UART/USART TX Mode is applicable
2026-09-06 11:00:46,140 [INFO] Rule:228 - rule UART/USART RX Mode is applicable
2026-09-06 11:00:46,140 [INFO] Rule:228 - rule UART/USART RX TX Mode is applicable
2026-09-06 11:00:46,140 [INFO] Rule:228 - rule UART/USART PARITY NONE is applicable
2026-09-06 11:00:46,140 [INFO] Rule:228 - rule UART/USART PARITY EVEN is applicable
2026-09-06 11:00:46,140 [INFO] Rule:228 - rule UART/USART PARITY ODD is applicable
2026-09-06 11:00:46,140 [INFO] Rule:228 - rule USART StopBits 1 is applicable
2026-09-06 11:00:46,140 [INFO] Rule:228 - rule USART StopBits 2 is applicable
2026-09-06 11:00:46,140 [INFO] Rule:228 - rule USART StopBits 1.5 is applicable
2026-09-06 11:00:46,140 [INFO] Rule:228 - rule USART StopBits 0.5 is applicable
2026-09-06 11:00:46,140 [INFO] Rule:228 - rule UART/USART WORD LENGTH 7 is applicable
2026-09-06 11:00:46,140 [INFO] Rule:228 - rule UART/USART WORD LENGTH 8 is applicable
2026-09-06 11:00:46,140 [INFO] Rule:228 - rule UART/USART WORD LENGTH 9 is applicable
2026-09-06 11:00:46,141 [INFO] Rule:228 - rule Rename FMC NAND NCE signal is applicable
2026-09-06 11:00:46,141 [INFO] Rule:228 - rule Rename FMC NAND INT signal is applicable
2026-09-06 11:00:46,141 [INFO] Rule:228 - rule Change Default Value for LSE Drive Capability for WB family is applicable
2026-09-06 11:00:46,141 [INFO] Rule:228 - rule Change Default Value for ADC Clock Prescaler G0 family is applicable
2026-09-06 11:00:46,141 [INFO] Rule:228 - rule Change Default Value for ADC ExternalTrigConv L4 family is applicable
2026-09-06 11:00:46,141 [INFO] Rule:228 - rule Change Default Value for ADC ExternalTrigInjecConv L4 family is applicable
2026-09-06 11:00:46,141 [INFO] Rule:228 - rule Change Default Value for ADC ExternalTrigConv F3 family is applicable
2026-09-06 11:00:46,141 [INFO] Rule:228 - rule Change Default Value for ADC ExternalTrigInjecConv F3 family is applicable
2026-09-06 11:00:46,141 [INFO] Rule:228 - rule Change Default Value for ADC ExternalTrigConv Goldfish serie is applicable
2026-09-06 11:00:46,141 [INFO] Rule:228 - rule Change Default Value for ADC ExternalTrigInjecConv Goldfish serie is applicable
2026-09-06 11:00:46,141 [INFO] Rule:228 - rule Change Default Value for ADC ExternalTrigConv L0 family is applicable
2026-09-06 11:00:46,141 [INFO] Rule:228 - rule Change Default Value for ADC ExternalTrigConv F0 family is applicable
2026-09-06 11:00:46,141 [INFO] Rule:228 - rule Change Default Value for ADC ExternalTrigConvn L1 family is applicable
2026-09-06 11:00:46,141 [INFO] Rule:228 - rule Change Default Value for ADC ExternalTrigInjecConv L1 family is applicable
2026-09-06 11:00:46,141 [INFO] Rule:228 - rule Change Default Value for ADC ExternalTrigConv F1 family is applicable
2026-09-06 11:00:46,141 [INFO] Rule:228 - rule Change Default Value for ADC ExternalTrigInjecConv F1 family is applicable
2026-09-06 11:00:46,141 [INFO] Rule:228 - rule Change Default Value for ADC ExternalTrigConv F7 family is applicable
2026-09-06 11:00:46,141 [INFO] Rule:228 - rule Change Default Value for ADC ExternalTrigInjecConv F7 family is applicable
2026-09-06 11:00:46,141 [INFO] Rule:228 - rule Change Default Value for ADC ExternalTrigConv F4 and F2 family is applicable
2026-09-06 11:00:46,141 [INFO] Rule:228 - rule Change Default Value for ADC ExternalTrigInjecConv F4 and F2 family is applicable
2026-09-06 11:00:46,141 [INFO] Rule:228 - rule ADC SamplingTime fix with FW L0  is applicable
2026-09-06 11:00:46,141 [INFO] Rule:228 - rule ADC SamplingTime fix with FW L0  is applicable
2026-09-06 11:00:46,143 [INFO] Rule:228 - rule ADC SamplingTime fix with FW L0 is applicable
2026-09-06 11:00:46,143 [INFO] Rule:228 - rule ADC SamplingTime fix with FW L0 is applicable
2026-09-06 11:00:46,143 [INFO] Rule:228 - rule ADC SamplingTime fix with FW L0  is applicable
2026-09-06 11:00:46,143 [INFO] Rule:228 - rule ADC SamplingTime fix with FW L0 is applicable
2026-09-06 11:00:46,143 [INFO] Rule:228 - rule Rename USB_OE Signal is applicable
2026-09-06 11:00:46,143 [INFO] Rule:228 - rule Rename Activate_OE Mode is applicable
2026-09-06 11:00:46,143 [INFO] Rule:228 - rule Rename DIE462/DIE415 pin PC14/OSC32_IN -> PC14-OSC32_IN (PC14) is applicable
2026-09-06 11:00:46,143 [INFO] Rule:228 - rule Rename DIE462/DIE415 pin PC15/OSC32_OUT -> PC15-OSC32_OUT (PC15) is applicable
2026-09-06 11:00:46,143 [INFO] Rule:228 - rule Rename DIE462/DIE415 pin PH0/OSC_IN -> PH0-OSC_IN (PH0) is applicable
2026-09-06 11:00:46,143 [INFO] Rule:228 - rule Rename DIE462/DIE415 pin PH1/OSC_OUT -> PH1-OSC_OUT (PH1) is applicable
2026-09-06 11:00:46,143 [INFO] Rule:228 - rule Rename DIE462 pin PA13 -> PA13 (JTMS/SWDIO) is applicable
2026-09-06 11:00:46,143 [INFO] Rule:228 - rule Rename DIE415 pin PA13 -> PA13 (JTMS/SWDIO) is applicable
2026-09-06 11:00:46,143 [INFO] Rule:228 - rule Rename DIE462 pin PA14 -> PA14 (JTCK/SWCLK) is applicable
2026-09-06 11:00:46,143 [INFO] Rule:228 - rule Rename DIE415 pin PA14 -> PA14 (JTCK/SWCLK) is applicable
2026-09-06 11:00:46,143 [INFO] Rule:228 - rule Rename DIE462/DIE415 pin PA15 -> PA15 (JTDI) is applicable
2026-09-06 11:00:46,143 [INFO] Rule:228 - rule Rename DIE462 pin PB3 -> PB3 (JTD0/TRACESWO) is applicable
2026-09-06 11:00:46,143 [INFO] Rule:228 - rule Rename DIE415 pin PB3 -> PB3 (JTD0-TRACESWO) is applicable
2026-09-06 11:00:46,143 [INFO] Rule:228 - rule Rename DIE462/DIE415 pin PB4 -> PB4 (NJTRST) is applicable
2026-09-06 11:00:46,143 [INFO] Rule:228 - rule Rename DIE462 pin PH3/BOOT0 -> PH3-BOOT0 (BOOT0) is applicable
2026-09-06 11:00:46,143 [INFO] Rule:228 - rule Rename CRYP DataEncryptionTypesList to Algorithm is applicable
2026-09-06 11:00:46,144 [INFO] Rule:228 - rule Rename AES DataEncryptionTypesList to Algorithm is applicable
2026-09-06 11:00:46,144 [INFO] Rule:228 - rule Rename TDESECB to CRYP_TDES_ECB is applicable
2026-09-06 11:00:46,144 [INFO] Rule:228 - rule Rename TDESCBC to CRYP_TDES_CBC is applicable
2026-09-06 11:00:46,144 [INFO] Rule:228 - rule Rename DESECB to CRYP_DES_ECB is applicable
2026-09-06 11:00:46,144 [INFO] Rule:228 - rule Rename DESCBC to CRYP_DES_CBC is applicable
2026-09-06 11:00:46,144 [INFO] Rule:228 - rule Rename AESECB to CRYP_AES_ECB is applicable
2026-09-06 11:00:46,144 [INFO] Rule:228 - rule Rename AESCBC to CRYP_AES_CBC is applicable
2026-09-06 11:00:46,144 [INFO] Rule:228 - rule Rename AESCTR to CRYP_AES_CTR is applicable
2026-09-06 11:00:46,144 [INFO] Rule:228 - rule Rename AESGCM to CRYP_AES_GCM is applicable
2026-09-06 11:00:46,144 [INFO] Rule:228 - rule Rename AESCCM to CRYP_AES_CCM is applicable
2026-09-06 11:00:46,144 [INFO] Rule:228 - rule Rename CAN TimeSeg1 to BS1 is applicable
2026-09-06 11:00:46,144 [INFO] Rule:228 - rule Rename CAN TimeSeg2 to BS2 is applicable
2026-09-06 11:00:46,144 [INFO] Rule:228 - rule Rename CAN SyncJumpWidth to SJW is applicable
2026-09-06 11:00:46,144 [INFO] Rule:228 - rule TimeTriggeredMode to TTCM is applicable
2026-09-06 11:00:46,144 [INFO] Rule:228 - rule Rename CAN AutoBusOff to ABOM is applicable
2026-09-06 11:00:46,144 [INFO] Rule:228 - rule Rename CAN AutoWakeUp to AWUM is applicable
2026-09-06 11:00:46,144 [INFO] Rule:228 - rule Rename CAN AutoRetransmission to NART is applicable
2026-09-06 11:00:46,145 [INFO] Rule:228 - rule Rename CAN ReceiveFifoLocked to RFLM is applicable
2026-09-06 11:00:46,145 [INFO] Rule:228 - rule Rename CAN TransmitFifoPriority to TXFP is applicable
2026-09-06 11:00:46,145 [INFO] Rule:228 - rule Rename HRTIMER HRTIM_OUTPUTFAULTLEVEL_HIGH in HRTIMER HRTIM_OUTPUTFAULTLEVEL_HIGHZ is applicable
2026-09-06 11:00:46,145 [INFO] Rule:228 - rule Rename TIMER TIM_CLEARINPUTSOURCE_OCREFCLR in  TIMER TIM_CLEARINPUTSOURCE_NONE for F7 family is applicable
2026-09-06 11:00:46,145 [INFO] Rule:228 - rule FDCAN_R1 - Rename FDCAN mode Master into Classic is applicable
2026-09-06 11:00:46,145 [INFO] Rule:228 - rule FDCAN_R2 - Rename FDCAN mode Slave into Classic is applicable
2026-09-06 11:00:46,145 [INFO] Rule:228 - rule FDCAN1_R3 - if PA10.Mode=FullDuplex, add Pin PA12 is applicable
2026-09-06 11:00:46,145 [INFO] Rule:228 - rule FDCAN1_R3 - if PA9.Mode=FullDuplex, add Pin PA11 is applicable
2026-09-06 11:00:46,145 [INFO] Rule:228 - rule FDCAN1_R3 - Alternatepin_1 - if PE1.Mode=FullDuplex, add Pin PB9 is applicable
2026-09-06 11:00:46,145 [INFO] Rule:228 - rule FDCAN1_R3 - Alternatepin_1 - if PE0.Mode=FullDuplex, add Pin PB8 is applicable
2026-09-06 11:00:46,145 [INFO] Rule:228 - rule FDCAN1_R3 - Alternatepin_2 - if PD5.Mode=FullDuplex, add Pin PD1 is applicable
2026-09-06 11:00:46,145 [INFO] Rule:228 - rule FDCAN1_R3 - Alternatepin_2 - if PD4.Mode=FullDuplex, add Pin PD0 is applicable
2026-09-06 11:00:46,145 [INFO] Rule:228 - rule FDCAN1_R4 - Rename Mode FullDuplex into Enable FDCAN_TXFD for pin PA10 is applicable
2026-09-06 11:00:46,146 [INFO] Rule:228 - rule FDCAN1_R4 - Rename Mode FullDuplex into Enable FDCAN_TXFD for pin PA9 is applicable
2026-09-06 11:00:46,146 [INFO] Rule:228 - rule FDCAN1_R4 - Alternatepin_1 - Rename Mode FullDuplex into Enable FDCAN_TXFD for pin PE1 is applicable
2026-09-06 11:00:46,146 [INFO] Rule:228 - rule FDCAN1_R4 - Alternatepin_1 - Rename Mode FullDuplex into Enable FDCAN_TXFD for pin PE0 is applicable
2026-09-06 11:00:46,146 [INFO] Rule:228 - rule FDCAN1_R4 - Alternatepin_2 - Rename Mode FullDuplex into Enable FDCAN_TXFD for pin PD5 is applicable
2026-09-06 11:00:46,146 [INFO] Rule:228 - rule FDCAN1_R4 - Alternatepin_2 - Rename Mode FullDuplex into Enable FDCAN_TXFD for pin PD4 is applicable
2026-09-06 11:00:46,146 [INFO] Rule:228 - rule FDCAN2_R3 - if PD10.Mode=FullDuplex, add Pin PB13 is applicable
2026-09-06 11:00:46,146 [INFO] Rule:228 - rule FDCAN2_R3 - if PD9.Mode=FullDuplex, add Pin PB12 is applicable
2026-09-06 11:00:46,146 [INFO] Rule:228 - rule FDCAN2_R3 - Alternatepin_1 - if PB7.Mode=FullDuplex, add Pin PB6 is applicable
2026-09-06 11:00:46,146 [INFO] Rule:228 - rule FDCAN2_R3 - Alternatepin_1 - if PD9.Mode=FullDuplex, add Pin PB12 is applicable
2026-09-06 11:00:46,146 [INFO] Rule:228 - rule FDCAN2_R4 - Rename Mode FullDuplex into Enable FDCAN_TXFD for pin PD10 is applicable
2026-09-06 11:00:46,146 [INFO] Rule:228 - rule FDCAN2_R4 - Rename Mode FullDuplex into Enable FDCAN_TXFD for pin PD9 is applicable
2026-09-06 11:00:46,147 [INFO] Rule:228 - rule FDCAN2_R4 - Alternatepin_1 - Rename Mode FullDuplex into Enable FDCAN_TXFD for pin PB7 is applicable
2026-09-06 11:00:46,147 [INFO] Rule:228 - rule FDCAN2_R4 - Alternatepin_1 - Rename Mode FullDuplex into Enable FDCAN_TXFD for pin PD6 is applicable
2026-09-06 11:00:46,147 [INFO] Rule:228 - rule USART TxPinLevelInvertParam Mode is applicable
2026-09-06 11:00:46,147 [INFO] Rule:228 - rule USART RxPinLevelInvertParam Mode is applicable
2026-09-06 11:00:46,147 [INFO] Rule:228 - rule USART DataInvertParam Mode is applicable
2026-09-06 11:00:46,147 [INFO] Rule:228 - rule USART SwapParam Mode is applicable
2026-09-06 11:00:46,147 [INFO] Rule:228 - rule USART OverrunDisableParam Mode is applicable
2026-09-06 11:00:46,147 [INFO] Rule:228 - rule USART DMADisableonRxErrorParam Mode is applicable
2026-09-06 11:00:46,147 [INFO] Rule:228 - rule USART MSBFirstParam Mode is applicable
2026-09-06 11:00:46,147 [INFO] Rule:228 - rule Update MwName for USB_DEVICE is applicable
2026-09-06 11:00:46,147 [INFO] Rule:228 - rule Change PWR_Regulator_Voltage_Scale Default Value for RCC  H7 family is applicable
2026-09-06 11:00:46,147 [INFO] Rule:228 - rule UART/USART IPParameter rename Prescaler parameter to ClockPrescaler is applicable
2026-09-06 11:00:46,147 [INFO] Rule:228 - rule UART/USART Prescaler rename Prescaler parameter to ClockPrescaler is applicable
2026-09-06 11:00:46,147 [INFO] Rule:228 - rule TIM1CLockSelection is applicable
2026-09-06 11:00:46,147 [INFO] Rule:228 - rule TIM15CLockSelection is applicable
2026-09-06 11:00:46,147 [INFO] Rule:228 - rule align RCC SDMMC3CLockSelection default value on MP1 is applicable
2026-09-06 11:00:46,147 [INFO] Rule:228 - rule align RCC SDMMC12CLockSelection default value on MP1 is applicable
2026-09-06 11:00:46,148 [INFO] Rule:228 - rule align RCC QSPICLockSelection default value on MP1 is applicable
2026-09-06 11:00:46,148 [INFO] Rule:228 - rule align RCC QSPICLockSelection default value on MP1 is applicable
2026-09-06 11:00:46,148 [INFO] Rule:228 - rule align RCC SPI6CLockSelection default value on MP1 is applicable
2026-09-06 11:00:46,148 [INFO] Rule:228 - rule align RCC LPTIM23CLockSelection default value on MP1 is applicable
2026-09-06 11:00:46,148 [INFO] Rule:228 - rule align RCC LPTIM1CLockSelection default value on MP1 is applicable
2026-09-06 11:00:46,148 [INFO] Rule:228 - rule align RCC USART1CLockSelection default value on MP1 is applicable
2026-09-06 11:00:46,148 [INFO] Rule:228 - rule align RCC USART24CLockSelection default value on MP1 is applicable
2026-09-06 11:00:46,148 [INFO] Rule:228 - rule align RCC USART6CLockSelection default value on MP1 is applicable
2026-09-06 11:00:46,148 [INFO] Rule:228 - rule align RCC UART78CLockSelection default value on MP1 is applicable
2026-09-06 11:00:46,148 [INFO] Rule:228 - rule align RCC USART35CLockSelection default value on MP1 is applicable
2026-09-06 11:00:46,148 [INFO] Rule:228 - rule align RCC SPI45CLockSelection default value on MP1 is applicable
2026-09-06 11:00:46,148 [INFO] Rule:228 - rule align RCC I2C46CLockSelection BCLK value on MP1 is applicable
2026-09-06 11:00:46,148 [INFO] Rule:228 - rule align RCC SPI45CLockSelection default value on MP1 is applicable
2026-09-06 11:00:46,148 [INFO] Rule:228 - rule align RCC I2C12CLockSelection default value on MP1 is applicable
2026-09-06 11:00:46,148 [INFO] Rule:228 - rule align RCC I2C35CLockSelection default value on MP1 is applicable
2026-09-06 11:00:46,148 [INFO] Rule:228 - rule align RCC LPTIM45CLockSelection default value on MP1 is applicable
2026-09-06 11:00:46,148 [INFO] Rule:228 - rule Rename DCMI PIXCK signal is applicable
2026-09-06 11:00:46,148 [INFO] Rule:228 - rule Change Default Value for I2C46CLockSelection MP1 family is applicable
2026-09-06 11:00:46,148 [INFO] Rule:228 - rule Change Default Value for UART for G4, G0 and WB families is applicable
2026-09-06 11:00:46,148 [INFO] Rule:228 - rule Change Default Value for USART for G4, G0 and WB families is applicable
2026-09-06 11:00:46,149 [INFO] Rule:228 - rule Change Default Value for USART for G4 family is applicable
2026-09-06 11:00:46,149 [INFO] Rule:228 - rule Change USART1CLockSelection refparam name for MP1 is applicable
2026-09-06 11:00:46,149 [INFO] Rule:228 - rule Change USART2CLockSelection refparam name for MP1 is applicable
2026-09-06 11:00:46,149 [INFO] Rule:228 - rule Change USART3CLockSelection refparam name for MP1 is applicable
2026-09-06 11:00:46,149 [INFO] Rule:228 - rule Change UART4CLockSelection refparam name for MP1 is applicable
2026-09-06 11:00:46,149 [INFO] Rule:228 - rule Change UART5CLockSelection refparam name for MP1 is applicable
2026-09-06 11:00:46,149 [INFO] Rule:228 - rule Change LPUART1CLockSelection refparam name for MP1 is applicable
2026-09-06 11:00:46,149 [INFO] Rule:228 - rule Change LPTIM1CLockSelection refparam name for MP1 is applicable
2026-09-06 11:00:46,149 [INFO] Rule:228 - rule Change LPTIM2CLockSelection refparam name for MP1 is applicable
2026-09-06 11:00:46,149 [INFO] Rule:228 - rule Change RCC_MCO1Source refparam name for MP1 is applicable
2026-09-06 11:00:46,149 [INFO] Rule:228 - rule Change LSCOSource1 refparam name for MP1 is applicable
2026-09-06 11:00:46,149 [INFO] Rule:228 - rule Change SMPSCLockSelection refparam name for MP1 is applicable
2026-09-06 11:00:46,149 [INFO] Rule:228 - rule Change LPTIM3CLockSelection refparam name for MP1 is applicable
2026-09-06 11:00:46,149 [INFO] Rule:228 - rule Change MPCBB* Default Template Mode to Parameters is applicable
2026-09-06 11:00:46,149 [INFO] Rule:228 - rule Change MPCWM* or MPCBB* Secure Mode to Parameters is applicable
2026-09-06 11:00:46,149 [INFO] Rule:228 - rule Change MPCWM* or MPCBB* No Secure Mode to Parameters is applicable
2026-09-06 11:00:46,149 [INFO] Rule:228 - rule Change TZSC IP Secure Mode to Parameters is applicable
2026-09-06 11:00:46,149 [INFO] Rule:228 - rule Change TZSC IP No Secure Mode to Parameters is applicable
2026-09-06 11:00:46,149 [INFO] Rule:228 - rule Change TZSC IP Privilege Mode to Parameters is applicable
2026-09-06 11:00:46,149 [INFO] Rule:228 - rule Change TZSC IP No Privilege Mode to Parameters is applicable
2026-09-06 11:00:46,149 [INFO] Rule:228 - rule Change TZIC IT Secure Mode to Parameters is applicable
2026-09-06 11:00:46,150 [INFO] Rule:228 - rule Change TZIC IT No Secure Mode to Parameters is applicable
2026-09-06 11:00:46,150 [INFO] Rule:228 - rule Add MPCBB1_NonSecureArea_Start_Address value with referenced to MPCBB1_NonSecureArea_Start value is applicable
2026-09-06 11:00:46,150 [INFO] Rule:228 - rule Add MPCBB2_NonSecureArea_Start_Address value with referenced to MPCBB2_NonSecureArea_Start value is applicable
2026-09-06 11:00:46,150 [INFO] Rule:228 - rule Add MPCWM1_NonSecureArea*_Start_Address value with referenced to MPCWM1_NonSecureArea*_Start value is applicable
2026-09-06 11:00:46,150 [INFO] Rule:228 - rule Add MPCWM2_NonSecureArea*_Start_Address value with referenced to MPCWM2_NonSecureArea*_Start value is applicable
2026-09-06 11:00:46,150 [INFO] Rule:228 - rule Add MPCWM3_NonSecureArea_Start_Address value with referenced to MPCWM3_NonSecureArea_Start value is applicable
2026-09-06 11:00:46,150 [INFO] Rule:228 - rule Change Default Value for PLL1UserDefinedConfig is applicable
2026-09-06 11:00:46,150 [INFO] Rule:228 - rule Change GPIO_PuPd Default Value for USART in async mode is applicable
2026-09-06 11:00:46,150 [INFO] Rule:228 - rule Change SMPSDivider Default Value is applicable
2026-09-06 11:00:46,150 [INFO] Rule:228 - rule OPAMP is applicable
2026-09-06 11:00:46,150 [INFO] Rule:228 - rule LPUART IPParameter rename Prescaler parameter to ClockPrescaler for STM32H7 is applicable
2026-09-06 11:00:46,150 [INFO] Rule:228 - rule LPUART IPParameter rename Prescaler parameter to ClockPrescaler for STM32H7 is applicable
2026-09-06 11:00:46,150 [INFO] Rule:228 - rule LPUART IPParameter rename Prescaler parameter to ClockPrescaler for STM32WB is applicable
2026-09-06 11:00:46,150 [INFO] Rule:228 - rule LPUART IPParameter rename Prescaler parameter to ClockPrescaler for STM32WB is applicable
2026-09-06 11:00:46,150 [INFO] Rule:228 - rule LPUART IPParameter rename Prescaler parameter to ClockPrescaler for STM32G4 is applicable
2026-09-06 11:00:46,150 [INFO] Rule:228 - rule LPUART IPParameter rename Prescaler parameter to ClockPrescaler for STM32G4 is applicable
2026-09-06 11:00:46,150 [INFO] Rule:228 - rule LPUART IPParameter rename Prescaler parameter to ClockPrescaler for STM32L5 is applicable
2026-09-06 11:00:46,150 [INFO] Rule:228 - rule LPUART IPParameter rename Prescaler parameter to ClockPrescaler for STM32L5 is applicable
2026-09-06 11:00:46,150 [INFO] Rule:228 - rule LPUART IPParameter rename Prescaler parameter to ClockPrescaler for STM32G4 is applicable
2026-09-06 11:00:46,150 [INFO] Rule:228 - rule LPUART IPParameter rename Prescaler parameter to ClockPrescaler for STM32G4 is applicable
2026-09-06 11:00:46,150 [INFO] Rule:228 - rule USB device lib V2.5.3 for L0 rename USBD_SUPPORT_USER_STRING parameter to USBD_SUPPORT_USER_STRING_DESC4 is applicable
2026-09-06 11:00:46,150 [INFO] Rule:228 - rule I2SCLockSelection clock entry align is applicable
2026-09-06 11:00:46,150 [INFO] Rule:228 - rule Assign TIMx context if used as SYS timebase is applicable
2026-09-06 11:00:46,150 [INFO] Rule:228 - rule Change GPIO_Pu Default Value for I2C is applicable
2026-09-06 11:00:46,150 [INFO] Rule:228 - rule Change GPIO_Pu Default Value for SMBus is applicable
2026-09-06 11:00:46,150 [INFO] Rule:228 - rule change FDCAN default value is applicable
2026-09-06 11:00:46,150 [INFO] Rule:228 - rule Change mode sai is applicable
2026-09-06 11:00:46,151 [INFO] Rule:228 - rule **Change sai mode is applicable
2026-09-06 11:00:46,151 [INFO] Rule:228 - rule Rename STM32WPAN CFG_BLE_IRK to CFG_BLE_IR is applicable
2026-09-06 11:00:46,151 [INFO] Rule:228 - rule Rename STM32WPAN CFG_BLE_ERK to CFG_BLE_ER is applicable
2026-09-06 11:00:46,151 [INFO] Rule:228 - rule Rename STM32WPAN CFG_BLE_IRK_HEX to CFG_BLE_IR_HEX is applicable
2026-09-06 11:00:46,151 [INFO] Rule:228 - rule Rename STM32WPAN CFG_BLE_ERK_HEX to CFG_BLE_ER_HEX is applicable
2026-09-06 11:00:46,168 [INFO] DbConfProperties:307 - Apply Compatibility (49/262 Rules)
2026-09-06 11:00:46,220 [INFO] ImportTextPane:205 - (OptionalMessage_ERROR) Unable to find key (Mcu.ThirdPartyNb) in loaded IOC file
2026-09-06 11:00:46,406 [INFO] RtosManager:555 - Registered RTOS mode: class=CMSIS, group=RTOS, mode=CMSIS_V1, owner=FREERTOS
2026-09-06 11:00:46,406 [INFO] RtosManager:555 - Registered RTOS mode: class=CMSIS, group=RTOS2, mode=CMSIS_V2, owner=FREERTOS
2026-09-06 11:00:46,406 [INFO] RtosManager:555 - Registered RTOS mode: class=RTOS, group=Core, mode=CMSIS_V1, owner=FREERTOS
2026-09-06 11:00:46,406 [INFO] RtosManager:555 - Registered RTOS mode: class=RTOS, group=Core, mode=CMSIS_V2, owner=FREERTOS
2026-09-06 11:00:46,407 [WARN] ModelIntegratedComponent:184 - Missing modes for component STMicroelectronics:FreeRTOS:0.0.1:STMicroelectronics:RTOS:FreeRTOS:Core:::10.2.0:
2026-09-06 11:00:46,539 [WARN] ModelIntegratedComponent:63 - No mode defined for component null
2026-09-06 11:00:46,539 [WARN] ModelIntegratedComponent:63 - No mode defined for component null
2026-09-06 11:00:46,539 [WARN] ModelIntegratedComponent:63 - No mode defined for component null
2026-09-06 11:00:46,539 [WARN] ModelIntegratedComponent:63 - No mode defined for component null
2026-09-06 11:00:46,539 [WARN] ModelIntegratedComponent:63 - No mode defined for component null
2026-09-06 11:00:46,539 [WARN] ModelIntegratedComponent:63 - No mode defined for component null
2026-09-06 11:00:46,539 [WARN] ModelIntegratedComponent:63 - No mode defined for component null
2026-09-06 11:00:46,539 [WARN] ModelIntegratedComponent:63 - No mode defined for component null
2026-09-06 11:00:46,539 [WARN] ModelIntegratedComponent:63 - No mode defined for component null
2026-09-06 11:00:46,539 [WARN] ModelIntegratedComponent:63 - No mode defined for component null
2026-09-06 11:00:46,539 [WARN] ModelIntegratedComponent:63 - No mode defined for component null
2026-09-06 11:00:46,540 [WARN] ModelIntegratedComponent:63 - No mode defined for component null
2026-09-06 11:00:46,540 [WARN] ModelIntegratedComponent:63 - No mode defined for component null
2026-09-06 11:00:46,540 [WARN] ModelIntegratedComponent:63 - No mode defined for component null
2026-09-06 11:00:46,540 [WARN] ModelIntegratedComponent:63 - No mode defined for component null
2026-09-06 11:00:46,540 [WARN] ModelIntegratedComponent:63 - No mode defined for component null
2026-09-06 11:00:46,540 [WARN] ModelIntegratedComponent:63 - No mode defined for component null
2026-09-06 11:00:46,540 [WARN] ModelIntegratedComponent:63 - No mode defined for component null
2026-09-06 11:00:46,540 [WARN] ModelIntegratedComponent:63 - No mode defined for component null
2026-09-06 11:00:46,540 [WARN] ModelIntegratedComponent:63 - No mode defined for component null
2026-09-06 11:00:46,540 [WARN] ModelIntegratedComponent:63 - No mode defined for component null
2026-09-06 11:00:46,540 [WARN] ModelIntegratedComponent:63 - No mode defined for component null
2026-09-06 11:00:46,540 [WARN] ModelIntegratedComponent:63 - No mode defined for component null
2026-09-06 11:00:46,540 [WARN] ModelIntegratedComponent:63 - No mode defined for component null
2026-09-06 11:00:46,540 [WARN] ModelIntegratedComponent:63 - No mode defined for component null
2026-09-06 11:00:46,540 [WARN] ModelIntegratedComponent:63 - No mode defined for component null
2026-09-06 11:00:46,540 [WARN] ModelIntegratedComponent:63 - No mode defined for component null
2026-09-06 11:00:46,540 [WARN] ModelIntegratedComponent:63 - No mode defined for component null
2026-09-06 11:00:46,540 [WARN] ModelIntegratedComponent:63 - No mode defined for component null
2026-09-06 11:00:46,540 [WARN] ModelIntegratedComponent:63 - No mode defined for component null
2026-09-06 11:00:46,541 [WARN] ModelIntegratedComponent:63 - No mode defined for component null
2026-09-06 11:00:46,541 [WARN] ModelIntegratedComponent:63 - No mode defined for component null
2026-09-06 11:00:46,541 [WARN] ModelIntegratedComponent:63 - No mode defined for component null
2026-09-06 11:00:46,541 [WARN] ModelIntegratedComponent:63 - No mode defined for component null
2026-09-06 11:00:46,541 [WARN] ModelIntegratedComponent:63 - No mode defined for component null
2026-09-06 11:00:46,541 [WARN] ModelPack:524 - Component already loaded: STMicroelectronics:HAL Drivers:0.0.0:STMicroelectronics:Device:STMicro_Driver:XSPI:HAL::0.0.1:HAL_XSPI
2026-09-06 11:00:46,715 [INFO] ThirdPartyModel:298 - Start build external matchings
2026-09-06 11:00:47,501 [INFO] ThirdPartyModel:316 - End build external matchings
2026-09-06 11:00:47,523 [INFO] ImportTextPane:205 - (OptionalMessage_ERROR) IP (RCC) : Invalid parameter (48MHZClocksFreq_Value)
2026-09-06 11:00:47,524 [INFO] ImportTextPane:205 - (OptionalMessage_ERROR) IP (RCC) : Invalid parameter (EthernetFreq_Value)
2026-09-06 11:00:47,527 [INFO] ImportTextPane:205 - (OptionalMessage_ERROR) IP (RCC) : Parameter (FLatency) has Id (AdvancedSettings) currently not set
2026-09-06 11:00:47,527 [INFO] ImportTextPane:205 - (OptionalMessage_ERROR) IP (RCC) : Invalid parameter (FamilyName)
2026-09-06 11:00:47,527 [INFO] ImportTextPane:205 - (OptionalMessage_ERROR) IP (RCC) : Invalid parameter (I2SClocksFreq_Value)
2026-09-06 11:00:47,528 [INFO] ImportTextPane:205 - (OptionalMessage_ERROR) IP (RCC) : Parameter (SDIOFreq_Value) has invalid value (168000000)
2026-09-06 11:00:47,528 [INFO] ImportTextPane:205 - (OptionalMessage_ERROR) IP (RCC) : Parameter (USBFreq_Value) has invalid value (168000000)
2026-09-06 11:00:47,529 [INFO] ImportTextPane:205 - (OptionalMessage_ERROR) IP (RCC) : Invalid parameter (VCOInputMFreq_Value)
2026-09-06 11:00:47,529 [INFO] ImportTextPane:205 - (OptionalMessage_ERROR) IP (RCC) : Invalid parameter (VcooutputI2S)
2026-09-06 11:00:48,049 [INFO] UtilMem:75 - End LoadConfig() Used Memory: 1008900592 Bytes (1073741824)
2026-09-06 11:00:48,201 [WARN] ThirdParty:833 - waiting for thirdparty lock release [change project]
2026-09-06 11:00:48,201 [INFO] ThirdParty:835 - entering critical section [change project]
2026-09-06 11:00:48,201 [INFO] ThirdParty:1030 - CMSIS Pack Vendor :STMicroelectronics X-CUBE-AZRTOS-H7 3.5.0
2026-09-06 11:00:48,201 [INFO] ThirdParty:1030 - CMSIS Pack Vendor :STMicroelectronics X-CUBE-PM33A1 1.0.0
2026-09-06 11:00:48,201 [INFO] ThirdParty:1030 - CMSIS Pack Vendor :STMicroelectronics USBPD 4.1
2026-09-06 11:00:48,201 [INFO] ThirdParty:1030 - CMSIS Pack Vendor :STMicroelectronics X-CUBE-AZRTOS-H7 3.3.0
2026-09-06 11:00:48,201 [INFO] ThirdParty:1030 - CMSIS Pack Vendor :STMicroelectronics X-CUBE-NFC9 1.0.0
2026-09-06 11:00:48,201 [INFO] ThirdParty:1030 - CMSIS Pack Vendor :STMicroelectronics USB_HOST 2.0.0
2026-09-06 11:00:48,201 [INFO] ThirdParty:1030 - CMSIS Pack Vendor :STMicroelectronics FP-SNS-MOTENVWB1 1.4.0
2026-09-06 11:00:48,201 [INFO] ThirdParty:1030 - CMSIS Pack Vendor :STMicroelectronics FP-ATR-ASTRA1 2.0.3
2026-09-06 11:00:48,201 [INFO] ThirdParty:1030 - CMSIS Pack Vendor :STMicroelectronics X-CUBE-AZRTOS-F4 1.1.0
2026-09-06 11:00:48,201 [INFO] ThirdParty:1030 - CMSIS Pack Vendor :STMicroelectronics LIBJPEG 8.0.0
2026-09-06 11:00:48,201 [INFO] ThirdParty:1030 - CMSIS Pack Vendor :STMicroelectronics FP-ATR-ASTRA1 2.0.2
2026-09-06 11:00:48,201 [INFO] ThirdParty:1030 - CMSIS Pack Vendor :STMicroelectronics X-CUBE-BLE1 7.1.0
2026-09-06 11:00:48,201 [INFO] ThirdParty:1030 - CMSIS Pack Vendor :STMicroelectronics X-CUBE-SMBUS 2.1.0
2026-09-06 11:00:48,201 [INFO] ThirdParty:1030 - CMSIS Pack Vendor :wolfSSL I-CUBE-wolfMQTT 1.19.2
2026-09-06 11:00:48,201 [INFO] ThirdParty:1030 - CMSIS Pack Vendor :STMicroelectronics USB_DEVICE 3.0.0
2026-09-06 11:00:48,201 [INFO] ThirdParty:1030 - CMSIS Pack Vendor :STMicroelectronics X-CUBE-ISPU 2.1.0
2026-09-06 11:00:48,201 [INFO] ThirdParty:1030 - CMSIS Pack Vendor :STMicroelectronics X-CUBE-EEPRMA1 5.2.0
2026-09-06 11:00:48,201 [INFO] ThirdParty:1030 - CMSIS Pack Vendor :STMicroelectronics X-CUBE-AZRTOS-WB 2.0.0
2026-09-06 11:00:48,201 [INFO] ThirdParty:1030 - CMSIS Pack Vendor :STMicroelectronics X-CUBE-GNSS1 7.0.1
2026-09-06 11:00:48,201 [INFO] ThirdParty:1030 - CMSIS Pack Vendor :STMicroelectronics X-CUBE-NFC12 1.0.0
2026-09-06 11:00:48,201 [INFO] ThirdParty:1030 - CMSIS Pack Vendor :STMicroelectronics X-CUBE-AZRTOS-F7 1.1.0
2026-09-06 11:00:48,201 [INFO] ThirdParty:1030 - CMSIS Pack Vendor :STMicroelectronics X-CUBE-AZRTOS-L5 2.0.0
2026-09-06 11:00:48,201 [INFO] ThirdParty:1030 - CMSIS Pack Vendor :STMicroelectronics X-CUBE-TOUCHGFX 4.25.0
2026-09-06 11:00:48,201 [INFO] ThirdParty:1030 - CMSIS Pack Vendor :STMicroelectronics USB_DEVICE 2.0.0
2026-09-06 11:00:48,201 [INFO] ThirdParty:1030 - CMSIS Pack Vendor :STMicroelectronics X-CUBE-NFC6 3.1.0
2026-09-06 11:00:48,201 [INFO] ThirdParty:1030 - CMSIS Pack Vendor :STMicroelectronics X-CUBE-AI 10.1.0
2026-09-06 11:00:48,201 [INFO] ThirdParty:1030 - CMSIS Pack Vendor :STMicroelectronics FP-SNS-STBOX1 2.0.0
2026-09-06 11:00:48,202 [INFO] ThirdParty:1030 - CMSIS Pack Vendor :STMicroelectronics X-CUBE-STSE01 2.0.0
2026-09-06 11:00:48,202 [INFO] ThirdParty:1030 - CMSIS Pack Vendor :STMicroelectronics X-CUBE-ALGOBUILD 1.5.0
2026-09-06 11:00:48,202 [INFO] ThirdParty:1030 - CMSIS Pack Vendor :STMicroelectronics FreeRTOS 0.0.1
2026-09-06 11:00:48,202 [INFO] ThirdParty:1030 - CMSIS Pack Vendor :STMicroelectronics X-CUBE-AZRTOS-H7RS 1.3.0
2026-09-06 11:00:48,202 [INFO] ThirdParty:1030 - CMSIS Pack Vendor :STMicroelectronics X-CUBE-AZRTOS-G0 1.1.0
2026-09-06 11:00:48,202 [INFO] ThirdParty:1030 - CMSIS Pack Vendor :STMicroelectronics X-CUBE-SAFEA1 1.2.2
2026-09-06 11:00:48,202 [INFO] ThirdParty:1030 - CMSIS Pack Vendor :STMicroelectronics X-CUBE-NFC4 3.0.0
2026-09-06 11:00:48,202 [INFO] ThirdParty:1030 - CMSIS Pack Vendor :STMicroelectronics X-CUBE-SUBG2 5.0.0
2026-09-06 11:00:48,202 [INFO] ThirdParty:1030 - CMSIS Pack Vendor :STMicroelectronics X-CUBE-AZRTOS-H7RS 1.1.0
2026-09-06 11:00:48,202 [INFO] ThirdParty:1030 - CMSIS Pack Vendor :STMicroelectronics STM32_WPAN 1.0.0
2026-09-06 11:00:48,202 [INFO] ThirdParty:1030 - CMSIS Pack Vendor :EmbeddedOffice I-CUBE-FS-RTOS 1.0.1
2026-09-06 11:00:48,202 [INFO] ThirdParty:1030 - CMSIS Pack Vendor :STMicroelectronics lwIP 2.0.3
2026-09-06 11:00:48,202 [INFO] ThirdParty:1030 - CMSIS Pack Vendor :STMicroelectronics X-CUBE-MEMS1 13.0.0
2026-09-06 11:00:48,202 [INFO] ThirdParty:1030 - CMSIS Pack Vendor :Cesanta I-CUBE-Mongoose 7.13.0
2026-09-06 11:00:48,202 [INFO] ThirdParty:1030 - CMSIS Pack Vendor :STMicroelectronics USB_HOST 1.0.0
2026-09-06 11:00:48,202 [INFO] ThirdParty:1030 - CMSIS Pack Vendor :Infineon AIROC-Wi-Fi-Bluetooth-STM32 1.7.0
2026-09-06 11:00:48,202 [INFO] ThirdParty:1030 - CMSIS Pack Vendor :STMicroelectronics X-CUBE-AZRTOS-G4 2.0.0
2026-09-06 11:00:48,202 [INFO] ThirdParty:1030 - CMSIS Pack Vendor :STMicroelectronics X-CUBE-WB05N 2.0.0
2026-09-06 11:00:48,202 [INFO] ThirdParty:1030 - CMSIS Pack Vendor :STMicroelectronics PDM2PCM 3.1.0
2026-09-06 11:00:48,202 [INFO] ThirdParty:1030 - CMSIS Pack Vendor :STMicroelectronics PDM2PCM 3.3.0
2026-09-06 11:00:48,202 [INFO] ThirdParty:1030 - CMSIS Pack Vendor :wolfSSL I-CUBE-wolfTPM 3.8.0
2026-09-06 11:00:48,202 [INFO] ThirdParty:1030 - CMSIS Pack Vendor :STMicroelectronics X-CUBE-DISPLAY 3.0.0
2026-09-06 11:00:48,202 [INFO] ThirdParty:1030 - CMSIS Pack Vendor :wolfSSL I-CUBE-wolfSSH 1.4.20
2026-09-06 11:00:48,202 [INFO] ThirdParty:1030 - CMSIS Pack Vendor :STMicroelectronics X-CUBE-NFC7 2.0.0
2026-09-06 11:00:48,202 [INFO] ThirdParty:1030 - CMSIS Pack Vendor :STMicroelectronics X-CUBE-GNSS1 7.1.1
2026-09-06 11:00:48,202 [INFO] ThirdParty:1030 - CMSIS Pack Vendor :RealThread X-CUBE-RT-Thread_Nano 4.1.1
2026-09-06 11:00:48,202 [INFO] ThirdParty:1030 - CMSIS Pack Vendor :STMicroelectronics FP-ATR-SIGFOX1 3.2.0
2026-09-06 11:00:48,202 [INFO] ThirdParty:1030 - CMSIS Pack Vendor :STMicroelectronics X-CUBE-NFC10 1.0.0
2026-09-06 11:00:48,202 [INFO] ThirdParty:1030 - CMSIS Pack Vendor :STMicroelectronics X-CUBE-BLEMGR 4.0.0
2026-09-06 11:00:48,202 [INFO] ThirdParty:1030 - CMSIS Pack Vendor :STMicroelectronics X-CUBE-EEPRMA1 5.1.0
2026-09-06 11:00:48,202 [INFO] ThirdParty:1030 - CMSIS Pack Vendor :STMicroelectronics X-CUBE-FREERTOS 1.3.1
2026-09-06 11:00:48,202 [INFO] ThirdParty:1030 - CMSIS Pack Vendor :STMicroelectronics HAL Drivers 0.0.0
2026-09-06 11:00:48,202 [INFO] ThirdParty:1030 - CMSIS Pack Vendor :STMicroelectronics MBEDTLS 2.16.2
2026-09-06 11:00:48,202 [INFO] ThirdParty:1030 - CMSIS Pack Vendor :STMicroelectronics X-CUBE-ALS 1.0.2
2026-09-06 11:00:48,202 [INFO] ThirdParty:1030 - CMSIS Pack Vendor :emotas I-CUBE-CANOPEN 1.3.0
2026-09-06 11:00:48,202 [INFO] ThirdParty:1030 - CMSIS Pack Vendor :STMicroelectronics MBEDTLS 2.14.1
2026-09-06 11:00:48,202 [INFO] ThirdParty:1030 - CMSIS Pack Vendor :ITTIA_DB I-CUBE-ITTIADB 8.9.0
2026-09-06 11:00:48,202 [INFO] ThirdParty:1030 - CMSIS Pack Vendor :STMicroelectronics X-CUBE-TOUCHGFX 4.26.1
2026-09-06 11:00:48,202 [INFO] ThirdParty:1030 - CMSIS Pack Vendor :portGmbH I-Cube-SoM-uGOAL 1.1.0
2026-09-06 11:00:48,202 [INFO] ThirdParty:1030 - CMSIS Pack Vendor :STMicroelectronics X-CUBE-NFC6 3.2.0
2026-09-06 11:00:48,202 [INFO] ThirdParty:1030 - CMSIS Pack Vendor :quantropi X-CUBE-qispace-sdk-base 2.0.0
2026-09-06 11:00:48,202 [INFO] ThirdParty:1030 - CMSIS Pack Vendor :STMicroelectronics X-CUBE-AI 10.2.1
2026-09-06 11:00:48,202 [INFO] ThirdParty:1030 - CMSIS Pack Vendor :STMicroelectronics ThreadX 1.0.0
2026-09-06 11:00:48,202 [INFO] ThirdParty:1030 - CMSIS Pack Vendor :STMicroelectronics FP-SNS-SMARTAG2 1.2.0
2026-09-06 11:00:48,202 [INFO] ThirdParty:1030 - CMSIS Pack Vendor :STMicroelectronics X-CUBE-AZRTOS-WL 2.0.0
2026-09-06 11:00:48,202 [INFO] ThirdParty:1030 - CMSIS Pack Vendor :SEGGER I-CUBE-embOS 1.3.1
2026-09-06 11:00:48,202 [INFO] ThirdParty:1030 - CMSIS Pack Vendor :STMicroelectronics X-CUBE-ALGOBUILD 1.4.0
2026-09-06 11:00:48,202 [INFO] ThirdParty:1030 - CMSIS Pack Vendor :STMicroelectronics X-CUBE-DPower 1.3.0
2026-09-06 11:00:48,202 [INFO] ThirdParty:1030 - CMSIS Pack Vendor :STMicroelectronics X-CUBE-MEMS1 11.3.0
2026-09-06 11:00:48,202 [INFO] ThirdParty:1030 - CMSIS Pack Vendor :STMicroelectronics FP-SNS-MOTENV1 5.0.0
2026-09-06 11:00:48,202 [INFO] ThirdParty:1030 - CMSIS Pack Vendor :STMicroelectronics USB_DEVICE 1.0.0
2026-09-06 11:00:48,202 [INFO] ThirdParty:1030 - CMSIS Pack Vendor :STMicroelectronics X-CUBE-AZRTOS-L4 2.0.0
2026-09-06 11:00:48,202 [INFO] ThirdParty:1030 - CMSIS Pack Vendor :STMicroelectronics ThreadX 0.0.2
2026-09-06 11:00:48,202 [INFO] ThirdParty:1030 - CMSIS Pack Vendor :WES I-CUBE-Cesium 1.3.0
2026-09-06 11:00:48,202 [INFO] ThirdParty:1030 - CMSIS Pack Vendor :STMicroelectronics lwIP 2.1.2
2026-09-06 11:00:48,202 [INFO] ThirdParty:1030 - CMSIS Pack Vendor :STMicroelectronics X-CUBE-SFXS2LP1 4.0.0
2026-09-06 11:00:48,202 [INFO] ThirdParty:1030 - CMSIS Pack Vendor :STMicroelectronics X-CUBE-BLE2 3.3.0
2026-09-06 11:00:48,202 [INFO] ThirdParty:1030 - CMSIS Pack Vendor :STMicroelectronics X-CUBE-NFC13 1.0.0
2026-09-06 11:00:48,202 [INFO] ThirdParty:1030 - CMSIS Pack Vendor :STMicroelectronics PDM2PCM 3.2.0
2026-09-06 11:00:48,202 [INFO] ThirdParty:1030 - CMSIS Pack Vendor :STMicroelectronics X-CUBE-WB05N 2.1.0
2026-09-06 11:00:48,203 [INFO] ThirdParty:841 - exiting critical section [change project]
2026-09-06 11:00:48,641 [INFO] PinOutPanel:1561 - setPackage(No Configuration,No Configuration)
2026-09-06 11:00:48,642 [INFO] PinOutPanel:1561 - setPackage(STM32F446RETx,LQFP64)
2026-09-06 11:00:49,475 [INFO] UtilMem:75 - Before build in PCC Used Memory: 809518544 Bytes (1073741824)
2026-09-06 11:00:50,646 [INFO] UtilMem:75 - After build in PCC Used Memory: 888885624 Bytes (1073741824)
2026-09-06 11:00:50,685 [INFO] IPUIPlugin:80 - create IPUIPlugin
2026-09-06 11:00:50,685 [INFO] IPUIPlugin:80 - create IPUIPlugin
2026-09-06 11:00:50,685 [INFO] IPUIPlugin:80 - create IPUIPlugin
2026-09-06 11:00:50,685 [INFO] IPUIPlugin:80 - create IPUIPlugin
2026-09-06 11:00:50,685 [INFO] IPUIPlugin:80 - create IPUIPlugin
2026-09-06 11:00:50,685 [INFO] IPUIPlugin:80 - create IPUIPlugin
2026-09-06 11:00:50,685 [INFO] IPUIPlugin:80 - create IPUIPlugin
2026-09-06 11:00:50,685 [INFO] IPUIPlugin:80 - create IPUIPlugin
2026-09-06 11:00:50,686 [INFO] IPUIPlugin:80 - create IPUIPlugin
2026-09-06 11:00:50,686 [INFO] IPUIPlugin:80 - create IPUIPlugin
2026-09-06 11:00:50,686 [INFO] IPUIPlugin:80 - create IPUIPlugin
2026-09-06 11:00:50,686 [INFO] IPUIPlugin:80 - create IPUIPlugin
2026-09-06 11:00:50,686 [INFO] IPUIPlugin:80 - create IPUIPlugin
2026-09-06 11:00:50,686 [INFO] IPUIPlugin:80 - create IPUIPlugin
2026-09-06 11:00:50,686 [INFO] IPUIPlugin:80 - create IPUIPlugin
2026-09-06 11:00:50,686 [INFO] IPUIPlugin:80 - create IPUIPlugin
2026-09-06 11:00:50,686 [INFO] IPUIPlugin:80 - create IPUIPlugin
2026-09-06 11:00:50,686 [INFO] IPUIPlugin:80 - create IPUIPlugin
2026-09-06 11:00:50,686 [INFO] IPUIPlugin:80 - create IPUIPlugin
2026-09-06 11:00:50,686 [INFO] IPUIPlugin:80 - create IPUIPlugin
2026-09-06 11:00:50,686 [INFO] IPUIPlugin:80 - create IPUIPlugin
2026-09-06 11:00:50,687 [INFO] IPUIPlugin:80 - create IPUIPlugin
2026-09-06 11:00:50,687 [INFO] IPUIPlugin:80 - create IPUIPlugin
2026-09-06 11:00:50,687 [INFO] IPUIPlugin:80 - create IPUIPlugin
2026-09-06 11:00:50,687 [INFO] IPUIPlugin:80 - create IPUIPlugin
2026-09-06 11:00:50,687 [INFO] IPUIPlugin:80 - create IPUIPlugin
2026-09-06 11:00:50,687 [INFO] IPUIPlugin:80 - create IPUIPlugin
2026-09-06 11:00:50,689 [INFO] IPUIPlugin:80 - create IPUIPlugin
2026-09-06 11:00:50,689 [INFO] IPUIPlugin:80 - create IPUIPlugin
2026-09-06 11:00:50,689 [INFO] IPUIPlugin:80 - create IPUIPlugin
2026-09-06 11:00:50,689 [INFO] IPUIPlugin:80 - create IPUIPlugin
2026-09-06 11:00:50,690 [INFO] IPUIPlugin:80 - create IPUIPlugin
2026-09-06 11:00:50,690 [INFO] IPUIPlugin:80 - create IPUIPlugin
2026-09-06 11:00:50,690 [INFO] IPUIPlugin:80 - create IPUIPlugin
2026-09-06 11:00:50,690 [INFO] IPUIPlugin:80 - create IPUIPlugin
2026-09-06 11:00:50,690 [INFO] IPUIPlugin:80 - create IPUIPlugin
2026-09-06 11:00:50,690 [INFO] IPUIPlugin:80 - create IPUIPlugin
2026-09-06 11:00:50,691 [INFO] IPUIPlugin:80 - create IPUIPlugin
2026-09-06 11:00:50,691 [INFO] IPUIPlugin:80 - create IPUIPlugin
2026-09-06 11:00:50,691 [INFO] IPUIPlugin:80 - create IPUIPlugin
2026-09-06 11:00:50,691 [INFO] IPUIPlugin:80 - create IPUIPlugin
2026-09-06 11:00:50,691 [INFO] IPUIPlugin:80 - create IPUIPlugin
2026-09-06 11:00:50,692 [INFO] IPUIPlugin:80 - create IPUIPlugin
2026-09-06 11:00:50,692 [INFO] IPUIPlugin:80 - create IPUIPlugin
2026-09-06 11:00:50,692 [INFO] IPUIPlugin:80 - create IPUIPlugin
2026-09-06 11:00:50,692 [INFO] IPUIPlugin:80 - create IPUIPlugin
2026-09-06 11:00:50,692 [INFO] IPUIPlugin:80 - create IPUIPlugin
2026-09-06 11:00:50,693 [INFO] IPUIPlugin:80 - create IPUIPlugin
2026-09-06 11:00:50,693 [INFO] IPUIPlugin:80 - create IPUIPlugin
2026-09-06 11:00:50,693 [INFO] IPUIPlugin:80 - create IPUIPlugin
2026-09-06 11:00:50,694 [INFO] IPUIPlugin:80 - create IPUIPlugin
2026-09-06 11:00:50,694 [INFO] IPUIPlugin:80 - create IPUIPlugin
2026-09-06 11:00:50,694 [INFO] IPUIPlugin:80 - create IPUIPlugin
2026-09-06 11:00:50,695 [INFO] IPUIPlugin:80 - create IPUIPlugin
2026-09-06 11:00:50,696 [INFO] IPUIPlugin:80 - create IPUIPlugin
2026-09-06 11:00:50,697 [INFO] IPUIPlugin:80 - create IPUIPlugin
2026-09-06 11:00:50,697 [INFO] IPUIPlugin:80 - create IPUIPlugin
2026-09-06 11:00:50,697 [INFO] IPUIPlugin:80 - create IPUIPlugin
2026-09-06 11:00:50,699 [INFO] IPUIPlugin:80 - create IPUIPlugin
2026-09-06 11:00:50,700 [INFO] IPUIPlugin:80 - create IPUIPlugin
2026-09-06 11:00:50,891 [INFO] ApiDbMcu:508 - Load IP Config File for PDM2PCM
2026-09-06 11:00:51,181 [INFO] CADModel:165 - CPN selected for project levelSTM32F446RET6
2026-09-06 11:00:51,182 [INFO] CADModel:114 - Register for checkConnection events
2026-09-06 11:00:51,235 [INFO] OpenFileManager:363 - Restore cursor
2026-09-06 11:00:53,347 [INFO] UtilMem:75 - End SaveConfig() Used Memory: 855383520 Bytes (1073741824)
2026-09-06 11:00:53,428 [INFO] UtilMem:75 - End SaveConfig() Used Memory: 876881376 Bytes (1073741824)
2026-09-06 11:00:54,191 [INFO] BlockDiagram:2766 - set Specific Code input for plugin: SYS
2026-09-06 11:00:54,191 [INFO] BlockDiagram:2766 - set Specific Code input for plugin: RCC
2026-09-06 11:00:54,192 [INFO] BlockDiagram:2766 - set Specific Code input for plugin: NVIC
2026-09-06 11:00:54,192 [INFO] BlockDiagram:2766 - set Specific Code input for plugin: USART
2026-09-06 11:00:54,192 [INFO] BlockDiagram:2766 - set Specific Code input for plugin: GPIO
2026-09-06 11:00:54,196 [INFO] CodeGenerator:807 - code generatio: config db path: D:\ST\STM32CubeIDE_1.16.0\STM32CubeIDE\plugins\com.st.stm32cube.common.mx_6.12.0.202406281431\\db\
2026-09-06 11:00:54,593 [INFO] CodeEngine:255 - oldGeneratedFile, D:\Neeraj_STM32_Projects\UART\MXTmpFiles\license.tmp_save
2026-09-06 11:00:55,040 [INFO] CodeEngine:279 - Generated code: D:\Neeraj_STM32_Projects\UART\MXTmpFiles\license.tmp
2026-09-06 11:00:55,171 [INFO] CodeEngine:255 - oldGeneratedFile, D:\Neeraj_STM32_Projects\UART\MXTmpFiles\gpio.tmp_save
2026-09-06 11:00:55,473 [INFO] CodeEngine:279 - Generated code: D:\Neeraj_STM32_Projects\UART\MXTmpFiles\gpio.tmp
2026-09-06 11:00:55,689 [INFO] CodeEngine:255 - oldGeneratedFile, D:\Neeraj_STM32_Projects\UART\Core\Src\stm32f4xx_it.c_save
2026-09-06 11:00:55,941 [INFO] CodeEngine:279 - Generated code: D:\Neeraj_STM32_Projects\UART\Core\Src\stm32f4xx_it.c
2026-09-06 11:00:55,962 [INFO] CodeEngine:255 - oldGeneratedFile, D:\Neeraj_STM32_Projects\UART\Core\Inc\stm32f4xx_it.h_save
2026-09-06 11:00:56,088 [INFO] CodeEngine:279 - Generated code: D:\Neeraj_STM32_Projects\UART\Core\Inc\stm32f4xx_it.h
2026-09-06 11:00:56,130 [INFO] CodeEngine:255 - oldGeneratedFile, D:\Neeraj_STM32_Projects\UART\Core\Src\stm32f4xx_hal_msp.c_save
2026-09-06 11:00:56,372 [INFO] CodeEngine:279 - Generated code: D:\Neeraj_STM32_Projects\UART\Core\Src\stm32f4xx_hal_msp.c
2026-09-06 11:00:56,388 [INFO] CodeEngine:255 - oldGeneratedFile, D:\Neeraj_STM32_Projects\UART\MXTmpFiles\system.tmp_save
2026-09-06 11:00:56,477 [INFO] CodeEngine:279 - Generated code: D:\Neeraj_STM32_Projects\UART\MXTmpFiles\system.tmp
2026-09-06 11:00:56,503 [INFO] CodeEngine:311 - oldGeneratedFile, D:\Neeraj_STM32_Projects\UART\Core\Inc\stm32f4xx_hal_conf.h_save
2026-09-06 11:00:56,624 [INFO] CodeEngine:335 - Generated code: D:\Neeraj_STM32_Projects\UART\Core\Inc\stm32f4xx_hal_conf.h
2026-09-06 11:00:56,668 [WARN] IPConfigManager:3005 - Warning: the RefConfig PLL2P_FOR_MCO is not available in your config.xml file
2026-09-06 11:00:56,698 [INFO] CodeEngine:255 - oldGeneratedFile, D:\Neeraj_STM32_Projects\UART\Core\Inc\main.h_save
2026-09-06 11:00:56,832 [INFO] CodeEngine:279 - Generated code: D:\Neeraj_STM32_Projects\UART\Core\Inc\main.h
2026-09-06 11:00:56,846 [INFO] CodeEngine:255 - oldGeneratedFile, D:\Neeraj_STM32_Projects\UART\Core\Src\main.c_save
2026-09-06 11:00:57,041 [INFO] CodeEngine:279 - Generated code: D:\Neeraj_STM32_Projects\UART\Core\Src\main.c
2026-09-06 11:00:57,695 [INFO] ProjectBuilder:3249 - Time for Copy HAL[1] : 326mS.
2026-09-06 11:00:57,704 [INFO] ProjectBuilder:4828 - Project Generator version: 4.4.0-B60
2026-09-06 11:00:57,799 [INFO] ConfigFileManager:1531 - The Die is : DIE421
2026-09-06 11:00:57,822 [INFO] ApiDbMcu:508 - Load IP Config File for FATFS
2026-09-06 11:00:57,838 [INFO] ApiDbMcu:508 - Load IP Config File for FREERTOS
2026-09-06 11:00:57,851 [INFO] ApiDbMcu:508 - Load IP Config File for LIBJPEG
2026-09-06 11:00:57,868 [INFO] ApiDbMcu:508 - Load IP Config File for MBEDTLS
2026-09-06 11:00:57,886 [INFO] ApiDbMcu:508 - Load IP Config File for USB_DEVICE
2026-09-06 11:00:57,899 [INFO] ApiDbMcu:508 - Load IP Config File for USB_HOST
2026-09-06 11:00:58,655 [INFO] LogOutputStream:77 - [STDOUT_REDIRECT] 
2026-09-06 11:01:02,233 [INFO] ProjectBuilder:5097 - Time for Generating toolchain IDE Files: 4529mS.
2026-09-06 11:01:02,234 [INFO] ProjectBuilder:3107 - Time for Copy CMSIS : 1mS.
2026-09-06 11:01:02,236 [INFO] ProjectBuilder:3107 - Time for Copy CMSIS : 0mS.
2026-09-06 11:01:03,867 [INFO] McuFinderGlobals:76 - Set McuFinderConnectedMode to true
2026-09-06 11:01:03,872 [INFO] ApiDb:448 - Save user favorites file C:\Users\user/.stm32cubeide/favorites.mcus.txt: 0 item(s)
2026-09-06 11:01:03,874 [INFO] ApiDb:452 - User favorites MCUs=[]
2026-09-06 11:01:03,876 [INFO] ApiDb:448 - Save user favorites file C:\Users\user/.stm32cubeide/favorites.boards.txt: 0 item(s)
2026-09-06 11:01:03,877 [INFO] ApiDb:452 - User favorites Boards=[]
2026-09-06 11:03:06,048 [INFO] NvicIntPanel:101 - NVIC parent = com.st.microxplorer.plugins.ip.nvic.MultiNvicIntPanel[,0,0,0x0,invalid,layout=javax.swing.BoxLayout,alignmentX=0.0,alignmentY=0.0,border=,flags=9,maximumSize=,minimumSize=,preferredSize=]
2026-09-06 11:03:11,916 [INFO] NvicIntPanel:101 - NVIC parent = com.st.microxplorer.plugins.ip.nvic.MultiNvicIntPanel[,0,0,0x0,invalid,layout=javax.swing.BoxLayout,alignmentX=0.0,alignmentY=0.0,border=,flags=9,maximumSize=,minimumSize=,preferredSize=]
2026-09-06 11:04:20,421 [INFO] UtilMem:75 - End SaveConfig() Used Memory: 831710024 Bytes (1073741824)
2026-09-06 11:04:22,747 [INFO] UtilMem:75 - End SaveConfig() Used Memory: 862118728 Bytes (1073741824)
2026-09-06 11:04:26,448 [INFO] UtilMem:75 - End SaveConfig() Used Memory: 951247688 Bytes (1073741824)
2026-09-06 11:04:26,847 [INFO] BlockDiagram:2766 - set Specific Code input for plugin: SYS
2026-09-06 11:04:26,847 [INFO] BlockDiagram:2766 - set Specific Code input for plugin: RCC
2026-09-06 11:04:26,847 [INFO] BlockDiagram:2766 - set Specific Code input for plugin: NVIC
2026-09-06 11:04:26,847 [INFO] BlockDiagram:2766 - set Specific Code input for plugin: USART
2026-09-06 11:04:26,848 [INFO] BlockDiagram:2766 - set Specific Code input for plugin: GPIO
2026-09-06 11:04:26,850 [INFO] CodeGenerator:807 - code generatio: config db path: D:\ST\STM32CubeIDE_1.16.0\STM32CubeIDE\plugins\com.st.stm32cube.common.mx_6.12.0.202406281431\\db\
2026-09-06 11:04:27,023 [INFO] CodeEngine:255 - oldGeneratedFile, D:\Neeraj_STM32_Projects\UART\MXTmpFiles\license.tmp_save
2026-09-06 11:04:27,221 [INFO] CodeEngine:279 - Generated code: D:\Neeraj_STM32_Projects\UART\MXTmpFiles\license.tmp
2026-09-06 11:04:27,257 [INFO] CodeEngine:255 - oldGeneratedFile, D:\Neeraj_STM32_Projects\UART\MXTmpFiles\gpio.tmp_save
2026-09-06 11:04:27,429 [INFO] CodeEngine:279 - Generated code: D:\Neeraj_STM32_Projects\UART\MXTmpFiles\gpio.tmp
2026-09-06 11:04:27,525 [INFO] CodeEngine:255 - oldGeneratedFile, D:\Neeraj_STM32_Projects\UART\Core\Src\stm32f4xx_it.c_save
2026-09-06 11:04:27,862 [INFO] CodeEngine:279 - Generated code: D:\Neeraj_STM32_Projects\UART\Core\Src\stm32f4xx_it.c
2026-09-06 11:04:27,878 [INFO] CodeEngine:255 - oldGeneratedFile, D:\Neeraj_STM32_Projects\UART\Core\Inc\stm32f4xx_it.h_save
2026-09-06 11:04:27,998 [INFO] CodeEngine:279 - Generated code: D:\Neeraj_STM32_Projects\UART\Core\Inc\stm32f4xx_it.h
2026-09-06 11:04:28,036 [INFO] CodeEngine:255 - oldGeneratedFile, D:\Neeraj_STM32_Projects\UART\Core\Src\stm32f4xx_hal_msp.c_save
2026-09-06 11:04:28,188 [INFO] CodeEngine:279 - Generated code: D:\Neeraj_STM32_Projects\UART\Core\Src\stm32f4xx_hal_msp.c
2026-09-06 11:04:28,194 [INFO] CodeEngine:255 - oldGeneratedFile, D:\Neeraj_STM32_Projects\UART\MXTmpFiles\system.tmp_save
2026-09-06 11:04:28,279 [INFO] CodeEngine:279 - Generated code: D:\Neeraj_STM32_Projects\UART\MXTmpFiles\system.tmp
2026-09-06 11:04:28,308 [INFO] CodeEngine:311 - oldGeneratedFile, D:\Neeraj_STM32_Projects\UART\Core\Inc\stm32f4xx_hal_conf.h_save
2026-09-06 11:04:28,416 [INFO] CodeEngine:335 - Generated code: D:\Neeraj_STM32_Projects\UART\Core\Inc\stm32f4xx_hal_conf.h
2026-09-06 11:04:28,444 [WARN] IPConfigManager:3005 - Warning: the RefConfig PLL2P_FOR_MCO is not available in your config.xml file
2026-09-06 11:04:28,470 [INFO] CodeEngine:255 - oldGeneratedFile, D:\Neeraj_STM32_Projects\UART\Core\Inc\main.h_save
2026-09-06 11:04:28,565 [INFO] CodeEngine:279 - Generated code: D:\Neeraj_STM32_Projects\UART\Core\Inc\main.h
2026-09-06 11:04:28,581 [INFO] CodeEngine:255 - oldGeneratedFile, D:\Neeraj_STM32_Projects\UART\Core\Src\main.c_save
2026-09-06 11:04:28,715 [INFO] CodeEngine:279 - Generated code: D:\Neeraj_STM32_Projects\UART\Core\Src\main.c
2026-09-06 11:04:29,160 [INFO] ProjectBuilder:3249 - Time for Copy HAL[1] : 236mS.
2026-09-06 11:04:29,165 [INFO] ProjectBuilder:4828 - Project Generator version: 4.4.0-B60
2026-09-06 11:04:29,260 [INFO] ConfigFileManager:1531 - The Die is : DIE421
2026-09-06 11:04:30,773 [INFO] ProjectBuilder:5097 - Time for Generating toolchain IDE Files: 1608mS.
2026-09-06 11:04:30,774 [INFO] ProjectBuilder:3107 - Time for Copy CMSIS : 0mS.
2026-09-06 11:04:30,775 [INFO] ProjectBuilder:3107 - Time for Copy CMSIS : 0mS.
2026-09-06 11:04:31,265 [INFO] MainUpdater:2873 - connection check result : 10
2026-09-06 11:04:31,266 [INFO] MainUpdater:2873 - connection check result : 10
2026-09-06 11:04:31,345 [INFO] MicroXplorer:468 - Change Database Path : 
2026-09-06 11:04:31,345 [INFO] MicroXplorer:498 - Change Database Version : DB.6.0.120
2026-09-06 11:04:31,362 [ERROR] ProjectManagerView:394 - 
java.lang.NullPointerException: Cannot invoke "javax.swing.JTextField.getText()" because the return value of "java.util.List.get(int)" is null
	at com.st.microxplorer.plugins.projectmanager.gui.ProjectChoiceTab$10.caretUpdate(ProjectChoiceTab.java:2622) ~[filemanager.jar:?]
	at javax.swing.text.JTextComponent.fireCaretUpdate(JTextComponent.java:412) ~[?:?]
	at javax.swing.text.JTextComponent$MutableCaretEvent.fire(JTextComponent.java:4491) ~[?:?]
	at javax.swing.text.JTextComponent$MutableCaretEvent.stateChanged(JTextComponent.java:4513) ~[?:?]
	at javax.swing.text.DefaultCaret.fireStateChanged(DefaultCaret.java:842) ~[?:?]
	at javax.swing.text.DefaultCaret.changeCaretPosition(DefaultCaret.java:1313) ~[?:?]
	at javax.swing.text.DefaultCaret.handleSetDot(DefaultCaret.java:1212) ~[?:?]
	at javax.swing.text.DefaultCaret.setDot(DefaultCaret.java:1193) ~[?:?]
	at javax.swing.text.DefaultCaret$Handler.insertUpdate(DefaultCaret.java:1789) ~[?:?]
	at javax.swing.text.AbstractDocument.fireInsertUpdate(AbstractDocument.java:226) ~[?:?]
	at javax.swing.text.AbstractDocument.handleInsertString(AbstractDocument.java:780) ~[?:?]
	at javax.swing.text.AbstractDocument.insertString(AbstractDocument.java:739) ~[?:?]
	at javax.swing.text.PlainDocument.insertString(PlainDocument.java:131) ~[?:?]
	at javax.swing.text.AbstractDocument.replace(AbstractDocument.java:698) ~[?:?]
	at javax.swing.text.JTextComponent.setText(JTextComponent.java:1729) ~[?:?]
	at com.st.microxplorer.plugins.projectmanager.gui.ProjectChoiceTab.createHeapStackFields(ProjectChoiceTab.java:972) ~[filemanager.jar:?]
	at com.st.microxplorer.plugins.projectmanager.gui.ProjectChoiceTab.buildLinkSettingsPanel(ProjectChoiceTab.java:3597) ~[filemanager.jar:?]
	at com.st.microxplorer.plugins.projectmanager.gui.ProjectChoiceTab.defineWindowsFields(ProjectChoiceTab.java:1940) ~[filemanager.jar:?]
	at com.st.microxplorer.plugins.projectmanager.gui.ProjectChoiceTab.updateSettings(ProjectChoiceTab.java:550) ~[filemanager.jar:?]
	at com.st.microxplorer.plugins.projectmanager.gui.ProjectSettingsPanel.UpdateDialog(ProjectSettingsPanel.java:245) ~[filemanager.jar:?]
	at com.st.microxplorer.plugins.projectmanager.ProjectManagerView.propertyChange(ProjectManagerView.java:391) ~[filemanager.jar:?]
	at java.beans.PropertyChangeSupport.fire(PropertyChangeSupport.java:343) ~[?:?]
	at java.beans.PropertyChangeSupport.firePropertyChange(PropertyChangeSupport.java:335) ~[?:?]
	at java.beans.PropertyChangeSupport.firePropertyChange(PropertyChangeSupport.java:268) ~[?:?]
	at com.st.microxplorer.util.MXPropertyChangeSupport.firePropertyChange(MXPropertyChangeSupport.java:54) ~[STM32CubeMX.jar:?]
	at com.st.microxplorer.mxsystem.MxSystem.closeConfig(MxSystem.java:900) ~[STM32CubeMX.jar:?]
	at com.st.microxplorer.maingui.MainPanel.closeConfig(MainPanel.java:781) ~[STM32CubeMX.jar:?]
	at com.st.microxplorer.plugins.filemanager.engine.OpenFileManager.loadConfigurationFile(OpenFileManager.java:265) ~[filemanager.jar:?]
	at com.st.microxplorer.plugins.filemanager.engine.MainFileManager.userLoadConfig(MainFileManager.java:352) ~[filemanager.jar:?]
	at com.st.microxplorer.plugins.filemanager.engine.MainFileManager.userLoadConfig(MainFileManager.java:330) ~[filemanager.jar:?]
	at com.st.microxplorer.plugins.filemanager.FileManagerView.getSpecificTask(FileManagerView.java:246) ~[filemanager.jar:?]
	at com.st.stm32cube.common.mx.editor.CubeMxEditor.getMxTabbedPaneInstance(CubeMxEditor.java:1198) ~[com.st.stm32cube.common.mx_6.12.0.202406281431/:?]
	at com.st.stm32cube.common.mx.editor.CubeMxEditor$12$1.createSwingComponent(CubeMxEditor.java:1068) ~[com.st.stm32cube.common.mx_6.12.0.202406281431/:?]
	at com.st.stm32cube.common.mx.oss.core.awtswtbridge.EmbeddedSwingComposite.doComponentCreation(EmbeddedSwingComposite.java:492) ~[com.st.stm32cube.common.mx.oss_6.12.0.202406281431/:?]
	at com.st.stm32cube.common.mx.oss.core.awtswtbridge.EmbeddedSwingComposite$4.run(EmbeddedSwingComposite.java:291) ~[com.st.stm32cube.common.mx.oss_6.12.0.202406281431/:?]
	at com.st.stm32cube.common.mx.oss.core.awtswtbridge.AwtEnvironment$2.run(AwtEnvironment.java:166) ~[com.st.stm32cube.common.mx.oss_6.12.0.202406281431/:?]
	at java.awt.event.InvocationEvent.dispatch(InvocationEvent.java:318) ~[?:?]
	at java.awt.EventQueue.dispatchEventImpl(EventQueue.java:773) ~[?:?]
	at java.awt.EventQueue$4.run(EventQueue.java:720) ~[?:?]
	at java.awt.EventQueue$4.run(EventQueue.java:714) ~[?:?]
	at java.security.AccessController.doPrivileged(AccessController.java:399) ~[?:?]
	at java.security.ProtectionDomain$JavaSecurityAccessImpl.doIntersectionPrivilege(ProtectionDomain.java:86) ~[?:?]
	at java.awt.EventQueue.dispatchEvent(EventQueue.java:742) ~[?:?]
	at java.awt.EventDispatchThread.pumpOneEventForFilters(EventDispatchThread.java:203) ~[?:?]
	at java.awt.EventDispatchThread.pumpEventsForFilter(EventDispatchThread.java:124) ~[?:?]
	at java.awt.EventDispatchThread.pumpEventsForHierarchy(EventDispatchThread.java:113) ~[?:?]
	at java.awt.EventDispatchThread.pumpEvents(EventDispatchThread.java:109) ~[?:?]
	at java.awt.EventDispatchThread.pumpEvents(EventDispatchThread.java:101) ~[?:?]
	at java.awt.EventDispatchThread.run(EventDispatchThread.java:90) ~[?:?]
2026-09-06 11:04:31,372 [WARN] ThirdParty:871 - waiting for thirdparty lock release [close project]
2026-09-06 11:04:31,372 [INFO] ThirdParty:873 - entering critical section [close project]
2026-09-06 11:04:31,372 [INFO] ThirdParty:883 - exiting critical section [close project]
2026-09-06 11:04:31,376 [INFO] PinOutPanel:1561 - setPackage(No Configuration,No Configuration)
2026-09-06 11:04:31,391 [WARN] IpParametersView:151 - Warning: This peripheral hasn't parameters
2026-09-06 11:04:31,398 [WARN] MainPanel:284 - <html><b><center>Warning: This peripheral has no parameters to be configured<br></b></html>
2026-09-06 11:04:31,410 [INFO] UtilMem:75 - Begin LoadConfig() Used Memory: 861769712 Bytes (1073741824)
2026-09-06 11:04:31,411 [INFO] MicroXplorer:468 - Change Database Path : 
2026-09-06 11:04:31,411 [INFO] MicroXplorer:498 - Change Database Version : DB.6.0.120
2026-09-06 11:04:31,411 [INFO] OpenFileManager:332 - Change cursor
2026-09-06 11:04:31,429 [INFO] RulesReader:64 - Compatibility file has been processed (297 Rules)
2026-09-06 11:04:31,433 [INFO] Mcu:2032 - Initializing MCU STM32F446R(C-E)Tx STM32F446RETx STM32F446RET6
2026-09-06 11:04:33,205 [INFO] Context:742 - Trying to add GPIOservice into a context  which must be forbidden
2026-09-06 11:04:33,884 [INFO] RtosManager:555 - Registered RTOS mode: class=CMSIS, group=RTOS, mode=CMSIS_V1, owner=FREERTOS
2026-09-06 11:04:33,885 [INFO] RtosManager:555 - Registered RTOS mode: class=CMSIS, group=RTOS2, mode=CMSIS_V2, owner=FREERTOS
2026-09-06 11:04:33,885 [INFO] RtosManager:555 - Registered RTOS mode: class=RTOS, group=Core, mode=CMSIS_V1, owner=FREERTOS
2026-09-06 11:04:33,885 [INFO] RtosManager:555 - Registered RTOS mode: class=RTOS, group=Core, mode=CMSIS_V2, owner=FREERTOS
2026-09-06 11:04:33,885 [WARN] ModelIntegratedComponent:184 - Missing modes for component STMicroelectronics:FreeRTOS:0.0.1:STMicroelectronics:RTOS:FreeRTOS:Core:::10.2.0:
2026-09-06 11:04:33,951 [WARN] ModelIntegratedComponent:63 - No mode defined for component null
2026-09-06 11:04:33,951 [WARN] ModelIntegratedComponent:63 - No mode defined for component null
2026-09-06 11:04:33,951 [WARN] ModelIntegratedComponent:63 - No mode defined for component null
2026-09-06 11:04:33,951 [WARN] ModelIntegratedComponent:63 - No mode defined for component null
2026-09-06 11:04:33,951 [WARN] ModelIntegratedComponent:63 - No mode defined for component null
2026-09-06 11:04:33,951 [WARN] ModelIntegratedComponent:63 - No mode defined for component null
2026-09-06 11:04:33,951 [WARN] ModelIntegratedComponent:63 - No mode defined for component null
2026-09-06 11:04:33,951 [WARN] ModelIntegratedComponent:63 - No mode defined for component null
2026-09-06 11:04:33,951 [WARN] ModelIntegratedComponent:63 - No mode defined for component null
2026-09-06 11:04:33,951 [WARN] ModelIntegratedComponent:63 - No mode defined for component null
2026-09-06 11:04:33,951 [WARN] ModelIntegratedComponent:63 - No mode defined for component null
2026-09-06 11:04:33,951 [WARN] ModelIntegratedComponent:63 - No mode defined for component null
2026-09-06 11:04:33,951 [WARN] ModelIntegratedComponent:63 - No mode defined for component null
2026-09-06 11:04:33,951 [WARN] ModelIntegratedComponent:63 - No mode defined for component null
2026-09-06 11:04:33,951 [WARN] ModelIntegratedComponent:63 - No mode defined for component null
2026-09-06 11:04:33,951 [WARN] ModelIntegratedComponent:63 - No mode defined for component null
2026-09-06 11:04:33,951 [WARN] ModelIntegratedComponent:63 - No mode defined for component null
2026-09-06 11:04:33,951 [WARN] ModelIntegratedComponent:63 - No mode defined for component null
2026-09-06 11:04:33,951 [WARN] ModelIntegratedComponent:63 - No mode defined for component null
2026-09-06 11:04:33,951 [WARN] ModelIntegratedComponent:63 - No mode defined for component null
2026-09-06 11:04:33,952 [WARN] ModelIntegratedComponent:63 - No mode defined for component null
2026-09-06 11:04:33,952 [WARN] ModelIntegratedComponent:63 - No mode defined for component null
2026-09-06 11:04:33,952 [WARN] ModelIntegratedComponent:63 - No mode defined for component null
2026-09-06 11:04:33,952 [WARN] ModelIntegratedComponent:63 - No mode defined for component null
2026-09-06 11:04:33,952 [WARN] ModelIntegratedComponent:63 - No mode defined for component null
2026-09-06 11:04:33,952 [WARN] ModelIntegratedComponent:63 - No mode defined for component null
2026-09-06 11:04:33,952 [WARN] ModelIntegratedComponent:63 - No mode defined for component null
2026-09-06 11:04:33,952 [WARN] ModelIntegratedComponent:63 - No mode defined for component null
2026-09-06 11:04:33,952 [WARN] ModelIntegratedComponent:63 - No mode defined for component null
2026-09-06 11:04:33,952 [WARN] ModelIntegratedComponent:63 - No mode defined for component null
2026-09-06 11:04:33,952 [WARN] ModelIntegratedComponent:63 - No mode defined for component null
2026-09-06 11:04:33,952 [WARN] ModelIntegratedComponent:63 - No mode defined for component null
2026-09-06 11:04:33,952 [WARN] ModelIntegratedComponent:63 - No mode defined for component null
2026-09-06 11:04:33,952 [WARN] ModelIntegratedComponent:63 - No mode defined for component null
2026-09-06 11:04:33,952 [WARN] ModelIntegratedComponent:63 - No mode defined for component null
2026-09-06 11:04:33,952 [WARN] ModelPack:524 - Component already loaded: STMicroelectronics:HAL Drivers:0.0.0:STMicroelectronics:Device:STMicro_Driver:XSPI:HAL::0.0.1:HAL_XSPI
2026-09-06 11:04:34,050 [INFO] ThirdPartyModel:298 - Start build external matchings
2026-09-06 11:04:34,810 [INFO] ThirdPartyModel:316 - End build external matchings
2026-09-06 11:04:34,821 [INFO] ImportTextPane:205 - (OptionalMessage_ERROR) IP (RCC) : Invalid parameter (FamilyName)
2026-09-06 11:04:34,821 [INFO] ImportTextPane:205 - (OptionalMessage_ERROR) IP (RCC) : Parameter (MCO2PinFreq_Value) has invalid value (180000000)
2026-09-06 11:04:34,821 [INFO] ImportTextPane:205 - (OptionalMessage_ERROR) IP (RCC) : Parameter (SDIOFreq_Value) has invalid value (180000000)
2026-09-06 11:04:34,821 [INFO] ImportTextPane:205 - (OptionalMessage_ERROR) IP (RCC) : Parameter (USBFreq_Value) has invalid value (180000000)
2026-09-06 11:04:35,172 [INFO] UtilMem:75 - End LoadConfig() Used Memory: 860406776 Bytes (1073741824)
2026-09-06 11:04:35,238 [WARN] ThirdParty:833 - waiting for thirdparty lock release [change project]
2026-09-06 11:04:35,238 [INFO] ThirdParty:835 - entering critical section [change project]
2026-09-06 11:04:35,238 [INFO] ThirdParty:1030 - CMSIS Pack Vendor :STMicroelectronics X-CUBE-AZRTOS-H7 3.5.0
2026-09-06 11:04:35,238 [INFO] ThirdParty:1030 - CMSIS Pack Vendor :STMicroelectronics X-CUBE-PM33A1 1.0.0
2026-09-06 11:04:35,238 [INFO] ThirdParty:1030 - CMSIS Pack Vendor :STMicroelectronics USBPD 4.1
2026-09-06 11:04:35,238 [INFO] ThirdParty:1030 - CMSIS Pack Vendor :STMicroelectronics X-CUBE-AZRTOS-H7 3.3.0
2026-09-06 11:04:35,238 [INFO] ThirdParty:1030 - CMSIS Pack Vendor :STMicroelectronics X-CUBE-NFC9 1.0.0
2026-09-06 11:04:35,238 [INFO] ThirdParty:1030 - CMSIS Pack Vendor :STMicroelectronics USB_HOST 2.0.0
2026-09-06 11:04:35,238 [INFO] ThirdParty:1030 - CMSIS Pack Vendor :STMicroelectronics FP-SNS-MOTENVWB1 1.4.0
2026-09-06 11:04:35,238 [INFO] ThirdParty:1030 - CMSIS Pack Vendor :STMicroelectronics FP-ATR-ASTRA1 2.0.3
2026-09-06 11:04:35,238 [INFO] ThirdParty:1030 - CMSIS Pack Vendor :STMicroelectronics X-CUBE-AZRTOS-F4 1.1.0
2026-09-06 11:04:35,238 [INFO] ThirdParty:1030 - CMSIS Pack Vendor :STMicroelectronics LIBJPEG 8.0.0
2026-09-06 11:04:35,238 [INFO] ThirdParty:1030 - CMSIS Pack Vendor :STMicroelectronics FP-ATR-ASTRA1 2.0.2
2026-09-06 11:04:35,238 [INFO] ThirdParty:1030 - CMSIS Pack Vendor :STMicroelectronics X-CUBE-BLE1 7.1.0
2026-09-06 11:04:35,238 [INFO] ThirdParty:1030 - CMSIS Pack Vendor :STMicroelectronics X-CUBE-SMBUS 2.1.0
2026-09-06 11:04:35,238 [INFO] ThirdParty:1030 - CMSIS Pack Vendor :wolfSSL I-CUBE-wolfMQTT 1.19.2
2026-09-06 11:04:35,238 [INFO] ThirdParty:1030 - CMSIS Pack Vendor :STMicroelectronics USB_DEVICE 3.0.0
2026-09-06 11:04:35,238 [INFO] ThirdParty:1030 - CMSIS Pack Vendor :STMicroelectronics X-CUBE-ISPU 2.1.0
2026-09-06 11:04:35,238 [INFO] ThirdParty:1030 - CMSIS Pack Vendor :STMicroelectronics X-CUBE-EEPRMA1 5.2.0
2026-09-06 11:04:35,238 [INFO] ThirdParty:1030 - CMSIS Pack Vendor :STMicroelectronics X-CUBE-AZRTOS-WB 2.0.0
2026-09-06 11:04:35,238 [INFO] ThirdParty:1030 - CMSIS Pack Vendor :STMicroelectronics X-CUBE-GNSS1 7.0.1
2026-09-06 11:04:35,238 [INFO] ThirdParty:1030 - CMSIS Pack Vendor :STMicroelectronics X-CUBE-NFC12 1.0.0
2026-09-06 11:04:35,238 [INFO] ThirdParty:1030 - CMSIS Pack Vendor :STMicroelectronics X-CUBE-AZRTOS-F7 1.1.0
2026-09-06 11:04:35,238 [INFO] ThirdParty:1030 - CMSIS Pack Vendor :STMicroelectronics X-CUBE-AZRTOS-L5 2.0.0
2026-09-06 11:04:35,238 [INFO] ThirdParty:1030 - CMSIS Pack Vendor :STMicroelectronics X-CUBE-TOUCHGFX 4.25.0
2026-09-06 11:04:35,238 [INFO] ThirdParty:1030 - CMSIS Pack Vendor :STMicroelectronics USB_DEVICE 2.0.0
2026-09-06 11:04:35,238 [INFO] ThirdParty:1030 - CMSIS Pack Vendor :STMicroelectronics X-CUBE-NFC6 3.1.0
2026-09-06 11:04:35,238 [INFO] ThirdParty:1030 - CMSIS Pack Vendor :STMicroelectronics X-CUBE-AI 10.1.0
2026-09-06 11:04:35,238 [INFO] ThirdParty:1030 - CMSIS Pack Vendor :STMicroelectronics FP-SNS-STBOX1 2.0.0
2026-09-06 11:04:35,238 [INFO] ThirdParty:1030 - CMSIS Pack Vendor :STMicroelectronics X-CUBE-STSE01 2.0.0
2026-09-06 11:04:35,238 [INFO] ThirdParty:1030 - CMSIS Pack Vendor :STMicroelectronics X-CUBE-ALGOBUILD 1.5.0
2026-09-06 11:04:35,238 [INFO] ThirdParty:1030 - CMSIS Pack Vendor :STMicroelectronics FreeRTOS 0.0.1
2026-09-06 11:04:35,238 [INFO] ThirdParty:1030 - CMSIS Pack Vendor :STMicroelectronics X-CUBE-AZRTOS-H7RS 1.3.0
2026-09-06 11:04:35,238 [INFO] ThirdParty:1030 - CMSIS Pack Vendor :STMicroelectronics X-CUBE-AZRTOS-G0 1.1.0
2026-09-06 11:04:35,238 [INFO] ThirdParty:1030 - CMSIS Pack Vendor :STMicroelectronics X-CUBE-SAFEA1 1.2.2
2026-09-06 11:04:35,238 [INFO] ThirdParty:1030 - CMSIS Pack Vendor :STMicroelectronics X-CUBE-NFC4 3.0.0
2026-09-06 11:04:35,239 [INFO] ThirdParty:1030 - CMSIS Pack Vendor :STMicroelectronics X-CUBE-SUBG2 5.0.0
2026-09-06 11:04:35,239 [INFO] ThirdParty:1030 - CMSIS Pack Vendor :STMicroelectronics X-CUBE-AZRTOS-H7RS 1.1.0
2026-09-06 11:04:35,239 [INFO] ThirdParty:1030 - CMSIS Pack Vendor :STMicroelectronics STM32_WPAN 1.0.0
2026-09-06 11:04:35,239 [INFO] ThirdParty:1030 - CMSIS Pack Vendor :EmbeddedOffice I-CUBE-FS-RTOS 1.0.1
2026-09-06 11:04:35,239 [INFO] ThirdParty:1030 - CMSIS Pack Vendor :STMicroelectronics lwIP 2.0.3
2026-09-06 11:04:35,239 [INFO] ThirdParty:1030 - CMSIS Pack Vendor :STMicroelectronics X-CUBE-MEMS1 13.0.0
2026-09-06 11:04:35,239 [INFO] ThirdParty:1030 - CMSIS Pack Vendor :Cesanta I-CUBE-Mongoose 7.13.0
2026-09-06 11:04:35,239 [INFO] ThirdParty:1030 - CMSIS Pack Vendor :STMicroelectronics USB_HOST 1.0.0
2026-09-06 11:04:35,239 [INFO] ThirdParty:1030 - CMSIS Pack Vendor :Infineon AIROC-Wi-Fi-Bluetooth-STM32 1.7.0
2026-09-06 11:04:35,239 [INFO] ThirdParty:1030 - CMSIS Pack Vendor :STMicroelectronics X-CUBE-AZRTOS-G4 2.0.0
2026-09-06 11:04:35,239 [INFO] ThirdParty:1030 - CMSIS Pack Vendor :STMicroelectronics X-CUBE-WB05N 2.0.0
2026-09-06 11:04:35,239 [INFO] ThirdParty:1030 - CMSIS Pack Vendor :STMicroelectronics PDM2PCM 3.1.0
2026-09-06 11:04:35,239 [INFO] ThirdParty:1030 - CMSIS Pack Vendor :STMicroelectronics PDM2PCM 3.3.0
2026-09-06 11:04:35,239 [INFO] ThirdParty:1030 - CMSIS Pack Vendor :wolfSSL I-CUBE-wolfTPM 3.8.0
2026-09-06 11:04:35,239 [INFO] ThirdParty:1030 - CMSIS Pack Vendor :STMicroelectronics X-CUBE-DISPLAY 3.0.0
2026-09-06 11:04:35,239 [INFO] ThirdParty:1030 - CMSIS Pack Vendor :wolfSSL I-CUBE-wolfSSH 1.4.20
2026-09-06 11:04:35,239 [INFO] ThirdParty:1030 - CMSIS Pack Vendor :STMicroelectronics X-CUBE-NFC7 2.0.0
2026-09-06 11:04:35,239 [INFO] ThirdParty:1030 - CMSIS Pack Vendor :STMicroelectronics X-CUBE-GNSS1 7.1.1
2026-09-06 11:04:35,239 [INFO] ThirdParty:1030 - CMSIS Pack Vendor :RealThread X-CUBE-RT-Thread_Nano 4.1.1
2026-09-06 11:04:35,239 [INFO] ThirdParty:1030 - CMSIS Pack Vendor :STMicroelectronics FP-ATR-SIGFOX1 3.2.0
2026-09-06 11:04:35,239 [INFO] ThirdParty:1030 - CMSIS Pack Vendor :STMicroelectronics X-CUBE-NFC10 1.0.0
2026-09-06 11:04:35,239 [INFO] ThirdParty:1030 - CMSIS Pack Vendor :STMicroelectronics X-CUBE-BLEMGR 4.0.0
2026-09-06 11:04:35,239 [INFO] ThirdParty:1030 - CMSIS Pack Vendor :STMicroelectronics X-CUBE-EEPRMA1 5.1.0
2026-09-06 11:04:35,239 [INFO] ThirdParty:1030 - CMSIS Pack Vendor :STMicroelectronics X-CUBE-FREERTOS 1.3.1
2026-09-06 11:04:35,239 [INFO] ThirdParty:1030 - CMSIS Pack Vendor :STMicroelectronics HAL Drivers 0.0.0
2026-09-06 11:04:35,239 [INFO] ThirdParty:1030 - CMSIS Pack Vendor :STMicroelectronics MBEDTLS 2.16.2
2026-09-06 11:04:35,239 [INFO] ThirdParty:1030 - CMSIS Pack Vendor :STMicroelectronics X-CUBE-ALS 1.0.2
2026-09-06 11:04:35,239 [INFO] ThirdParty:1030 - CMSIS Pack Vendor :emotas I-CUBE-CANOPEN 1.3.0
2026-09-06 11:04:35,239 [INFO] ThirdParty:1030 - CMSIS Pack Vendor :STMicroelectronics MBEDTLS 2.14.1
2026-09-06 11:04:35,239 [INFO] ThirdParty:1030 - CMSIS Pack Vendor :ITTIA_DB I-CUBE-ITTIADB 8.9.0
2026-09-06 11:04:35,239 [INFO] ThirdParty:1030 - CMSIS Pack Vendor :STMicroelectronics X-CUBE-TOUCHGFX 4.26.1
2026-09-06 11:04:35,239 [INFO] ThirdParty:1030 - CMSIS Pack Vendor :portGmbH I-Cube-SoM-uGOAL 1.1.0
2026-09-06 11:04:35,239 [INFO] ThirdParty:1030 - CMSIS Pack Vendor :STMicroelectronics X-CUBE-NFC6 3.2.0
2026-09-06 11:04:35,239 [INFO] ThirdParty:1030 - CMSIS Pack Vendor :quantropi X-CUBE-qispace-sdk-base 2.0.0
2026-09-06 11:04:35,239 [INFO] ThirdParty:1030 - CMSIS Pack Vendor :STMicroelectronics X-CUBE-AI 10.2.1
2026-09-06 11:04:35,239 [INFO] ThirdParty:1030 - CMSIS Pack Vendor :STMicroelectronics ThreadX 1.0.0
2026-09-06 11:04:35,239 [INFO] ThirdParty:1030 - CMSIS Pack Vendor :STMicroelectronics FP-SNS-SMARTAG2 1.2.0
2026-09-06 11:04:35,239 [INFO] ThirdParty:1030 - CMSIS Pack Vendor :STMicroelectronics X-CUBE-AZRTOS-WL 2.0.0
2026-09-06 11:04:35,239 [INFO] ThirdParty:1030 - CMSIS Pack Vendor :SEGGER I-CUBE-embOS 1.3.1
2026-09-06 11:04:35,239 [INFO] ThirdParty:1030 - CMSIS Pack Vendor :STMicroelectronics X-CUBE-ALGOBUILD 1.4.0
2026-09-06 11:04:35,239 [INFO] ThirdParty:1030 - CMSIS Pack Vendor :STMicroelectronics X-CUBE-DPower 1.3.0
2026-09-06 11:04:35,239 [INFO] ThirdParty:1030 - CMSIS Pack Vendor :STMicroelectronics X-CUBE-MEMS1 11.3.0
2026-09-06 11:04:35,239 [INFO] ThirdParty:1030 - CMSIS Pack Vendor :STMicroelectronics FP-SNS-MOTENV1 5.0.0
2026-09-06 11:04:35,239 [INFO] ThirdParty:1030 - CMSIS Pack Vendor :STMicroelectronics USB_DEVICE 1.0.0
2026-09-06 11:04:35,239 [INFO] ThirdParty:1030 - CMSIS Pack Vendor :STMicroelectronics X-CUBE-AZRTOS-L4 2.0.0
2026-09-06 11:04:35,239 [INFO] ThirdParty:1030 - CMSIS Pack Vendor :STMicroelectronics ThreadX 0.0.2
2026-09-06 11:04:35,239 [INFO] ThirdParty:1030 - CMSIS Pack Vendor :WES I-CUBE-Cesium 1.3.0
2026-09-06 11:04:35,239 [INFO] ThirdParty:1030 - CMSIS Pack Vendor :STMicroelectronics lwIP 2.1.2
2026-09-06 11:04:35,239 [INFO] ThirdParty:1030 - CMSIS Pack Vendor :STMicroelectronics X-CUBE-SFXS2LP1 4.0.0
2026-09-06 11:04:35,239 [INFO] ThirdParty:1030 - CMSIS Pack Vendor :STMicroelectronics X-CUBE-BLE2 3.3.0
2026-09-06 11:04:35,239 [INFO] ThirdParty:1030 - CMSIS Pack Vendor :STMicroelectronics X-CUBE-NFC13 1.0.0
2026-09-06 11:04:35,239 [INFO] ThirdParty:1030 - CMSIS Pack Vendor :STMicroelectronics PDM2PCM 3.2.0
2026-09-06 11:04:35,239 [INFO] ThirdParty:1030 - CMSIS Pack Vendor :STMicroelectronics X-CUBE-WB05N 2.1.0
2026-09-06 11:04:35,239 [INFO] ThirdParty:841 - exiting critical section [change project]
2026-09-06 11:04:35,443 [INFO] PinOutPanel:1561 - setPackage(No Configuration,No Configuration)
2026-09-06 11:04:35,444 [INFO] PinOutPanel:1561 - setPackage(STM32F446RETx,LQFP64)
2026-09-06 11:04:36,063 [INFO] UtilMem:75 - Before build in PCC Used Memory: 803998104 Bytes (1073741824)
2026-09-06 11:04:36,322 [INFO] UtilMem:75 - After build in PCC Used Memory: 855378328 Bytes (1073741824)
2026-09-06 11:04:36,352 [INFO] IPUIPlugin:80 - create IPUIPlugin
2026-09-06 11:04:36,353 [INFO] IPUIPlugin:80 - create IPUIPlugin
2026-09-06 11:04:36,353 [INFO] IPUIPlugin:80 - create IPUIPlugin
2026-09-06 11:04:36,353 [INFO] IPUIPlugin:80 - create IPUIPlugin
2026-09-06 11:04:36,353 [INFO] IPUIPlugin:80 - create IPUIPlugin
2026-09-06 11:04:36,353 [INFO] IPUIPlugin:80 - create IPUIPlugin
2026-09-06 11:04:36,353 [INFO] IPUIPlugin:80 - create IPUIPlugin
2026-09-06 11:04:36,353 [INFO] IPUIPlugin:80 - create IPUIPlugin
2026-09-06 11:04:36,354 [INFO] IPUIPlugin:80 - create IPUIPlugin
2026-09-06 11:04:36,354 [INFO] IPUIPlugin:80 - create IPUIPlugin
2026-09-06 11:04:36,354 [INFO] IPUIPlugin:80 - create IPUIPlugin
2026-09-06 11:04:36,354 [INFO] IPUIPlugin:80 - create IPUIPlugin
2026-09-06 11:04:36,354 [INFO] IPUIPlugin:80 - create IPUIPlugin
2026-09-06 11:04:36,354 [INFO] IPUIPlugin:80 - create IPUIPlugin
2026-09-06 11:04:36,355 [INFO] IPUIPlugin:80 - create IPUIPlugin
2026-09-06 11:04:36,355 [INFO] IPUIPlugin:80 - create IPUIPlugin
2026-09-06 11:04:36,355 [INFO] IPUIPlugin:80 - create IPUIPlugin
2026-09-06 11:04:36,355 [INFO] IPUIPlugin:80 - create IPUIPlugin
2026-09-06 11:04:36,355 [INFO] IPUIPlugin:80 - create IPUIPlugin
2026-09-06 11:04:36,355 [INFO] IPUIPlugin:80 - create IPUIPlugin
2026-09-06 11:04:36,355 [INFO] IPUIPlugin:80 - create IPUIPlugin
2026-09-06 11:04:36,355 [INFO] IPUIPlugin:80 - create IPUIPlugin
2026-09-06 11:04:36,356 [INFO] IPUIPlugin:80 - create IPUIPlugin
2026-09-06 11:04:36,356 [INFO] IPUIPlugin:80 - create IPUIPlugin
2026-09-06 11:04:36,356 [INFO] IPUIPlugin:80 - create IPUIPlugin
2026-09-06 11:04:36,356 [INFO] IPUIPlugin:80 - create IPUIPlugin
2026-09-06 11:04:36,356 [INFO] IPUIPlugin:80 - create IPUIPlugin
2026-09-06 11:04:36,356 [INFO] IPUIPlugin:80 - create IPUIPlugin
2026-09-06 11:04:36,357 [INFO] IPUIPlugin:80 - create IPUIPlugin
2026-09-06 11:04:36,357 [INFO] IPUIPlugin:80 - create IPUIPlugin
2026-09-06 11:04:36,357 [INFO] IPUIPlugin:80 - create IPUIPlugin
2026-09-06 11:04:36,357 [INFO] IPUIPlugin:80 - create IPUIPlugin
2026-09-06 11:04:36,357 [INFO] IPUIPlugin:80 - create IPUIPlugin
2026-09-06 11:04:36,358 [INFO] IPUIPlugin:80 - create IPUIPlugin
2026-09-06 11:04:36,358 [INFO] IPUIPlugin:80 - create IPUIPlugin
2026-09-06 11:04:36,358 [INFO] IPUIPlugin:80 - create IPUIPlugin
2026-09-06 11:04:36,358 [INFO] IPUIPlugin:80 - create IPUIPlugin
2026-09-06 11:04:36,358 [INFO] IPUIPlugin:80 - create IPUIPlugin
2026-09-06 11:04:36,358 [INFO] IPUIPlugin:80 - create IPUIPlugin
2026-09-06 11:04:36,360 [INFO] IPUIPlugin:80 - create IPUIPlugin
2026-09-06 11:04:36,360 [INFO] IPUIPlugin:80 - create IPUIPlugin
2026-09-06 11:04:36,360 [INFO] IPUIPlugin:80 - create IPUIPlugin
2026-09-06 11:04:36,360 [INFO] IPUIPlugin:80 - create IPUIPlugin
2026-09-06 11:04:36,360 [INFO] IPUIPlugin:80 - create IPUIPlugin
2026-09-06 11:04:36,360 [INFO] IPUIPlugin:80 - create IPUIPlugin
2026-09-06 11:04:36,360 [INFO] IPUIPlugin:80 - create IPUIPlugin
2026-09-06 11:04:36,361 [INFO] IPUIPlugin:80 - create IPUIPlugin
2026-09-06 11:04:36,361 [INFO] IPUIPlugin:80 - create IPUIPlugin
2026-09-06 11:04:36,361 [INFO] IPUIPlugin:80 - create IPUIPlugin
2026-09-06 11:04:36,361 [INFO] IPUIPlugin:80 - create IPUIPlugin
2026-09-06 11:04:36,362 [INFO] IPUIPlugin:80 - create IPUIPlugin
2026-09-06 11:04:36,362 [INFO] IPUIPlugin:80 - create IPUIPlugin
2026-09-06 11:04:36,362 [INFO] IPUIPlugin:80 - create IPUIPlugin
2026-09-06 11:04:36,363 [INFO] IPUIPlugin:80 - create IPUIPlugin
2026-09-06 11:04:36,363 [INFO] IPUIPlugin:80 - create IPUIPlugin
2026-09-06 11:04:36,363 [INFO] IPUIPlugin:80 - create IPUIPlugin
2026-09-06 11:04:36,364 [INFO] IPUIPlugin:80 - create IPUIPlugin
2026-09-06 11:04:36,364 [INFO] IPUIPlugin:80 - create IPUIPlugin
2026-09-06 11:04:36,365 [INFO] IPUIPlugin:80 - create IPUIPlugin
2026-09-06 11:04:36,366 [INFO] IPUIPlugin:80 - create IPUIPlugin
2026-09-06 11:04:36,373 [INFO] ApiDbMcu:508 - Load IP Config File for PDM2PCM
2026-09-06 11:04:36,415 [INFO] CADModel:165 - CPN selected for project levelSTM32F446RET6
2026-09-06 11:04:36,415 [INFO] CADModel:114 - Register for checkConnection events
2026-09-06 11:04:36,482 [INFO] OpenFileManager:363 - Restore cursor
2026-09-06 11:04:53,606 [INFO] MainUpdater:2873 - connection check result : 10
2026-09-06 11:04:53,606 [INFO] MainUpdater:2873 - connection check result : 10
2026-09-06 11:04:53,695 [INFO] MicroXplorer:468 - Change Database Path : 
2026-09-06 11:04:53,695 [INFO] MicroXplorer:498 - Change Database Version : DB.6.0.120
2026-09-06 11:04:53,708 [ERROR] ProjectManagerView:394 - 
java.lang.NullPointerException: Cannot invoke "javax.swing.JTextField.getText()" because the return value of "java.util.List.get(int)" is null
	at com.st.microxplorer.plugins.projectmanager.gui.ProjectChoiceTab$10.caretUpdate(ProjectChoiceTab.java:2622) ~[filemanager.jar:?]
	at javax.swing.text.JTextComponent.fireCaretUpdate(JTextComponent.java:412) ~[?:?]
	at javax.swing.text.JTextComponent$MutableCaretEvent.fire(JTextComponent.java:4491) ~[?:?]
	at javax.swing.text.JTextComponent$MutableCaretEvent.stateChanged(JTextComponent.java:4513) ~[?:?]
	at javax.swing.text.DefaultCaret.fireStateChanged(DefaultCaret.java:842) ~[?:?]
	at javax.swing.text.DefaultCaret.changeCaretPosition(DefaultCaret.java:1313) ~[?:?]
	at javax.swing.text.DefaultCaret.handleSetDot(DefaultCaret.java:1212) ~[?:?]
	at javax.swing.text.DefaultCaret.setDot(DefaultCaret.java:1193) ~[?:?]
	at javax.swing.text.DefaultCaret$Handler.insertUpdate(DefaultCaret.java:1789) ~[?:?]
	at javax.swing.text.AbstractDocument.fireInsertUpdate(AbstractDocument.java:226) ~[?:?]
	at javax.swing.text.AbstractDocument.handleInsertString(AbstractDocument.java:780) ~[?:?]
	at javax.swing.text.AbstractDocument.insertString(AbstractDocument.java:739) ~[?:?]
	at javax.swing.text.PlainDocument.insertString(PlainDocument.java:131) ~[?:?]
	at javax.swing.text.AbstractDocument.replace(AbstractDocument.java:698) ~[?:?]
	at javax.swing.text.JTextComponent.setText(JTextComponent.java:1729) ~[?:?]
	at com.st.microxplorer.plugins.projectmanager.gui.ProjectChoiceTab.createHeapStackFields(ProjectChoiceTab.java:972) ~[filemanager.jar:?]
	at com.st.microxplorer.plugins.projectmanager.gui.ProjectChoiceTab.buildLinkSettingsPanel(ProjectChoiceTab.java:3597) ~[filemanager.jar:?]
	at com.st.microxplorer.plugins.projectmanager.gui.ProjectChoiceTab.defineWindowsFields(ProjectChoiceTab.java:1940) ~[filemanager.jar:?]
	at com.st.microxplorer.plugins.projectmanager.gui.ProjectChoiceTab.updateSettings(ProjectChoiceTab.java:550) ~[filemanager.jar:?]
	at com.st.microxplorer.plugins.projectmanager.gui.ProjectSettingsPanel.UpdateDialog(ProjectSettingsPanel.java:245) ~[filemanager.jar:?]
	at com.st.microxplorer.plugins.projectmanager.ProjectManagerView.propertyChange(ProjectManagerView.java:391) ~[filemanager.jar:?]
	at java.beans.PropertyChangeSupport.fire(PropertyChangeSupport.java:343) ~[?:?]
	at java.beans.PropertyChangeSupport.firePropertyChange(PropertyChangeSupport.java:335) ~[?:?]
	at java.beans.PropertyChangeSupport.firePropertyChange(PropertyChangeSupport.java:268) ~[?:?]
	at com.st.microxplorer.util.MXPropertyChangeSupport.firePropertyChange(MXPropertyChangeSupport.java:54) ~[STM32CubeMX.jar:?]
	at com.st.microxplorer.mxsystem.MxSystem.closeConfig(MxSystem.java:900) ~[STM32CubeMX.jar:?]
	at com.st.microxplorer.maingui.MainPanel.closeConfig(MainPanel.java:781) ~[STM32CubeMX.jar:?]
	at com.st.microxplorer.plugins.filemanager.engine.OpenFileManager.loadConfigurationFile(OpenFileManager.java:265) ~[filemanager.jar:?]
	at com.st.microxplorer.plugins.filemanager.engine.MainFileManager.userLoadConfig(MainFileManager.java:352) ~[filemanager.jar:?]
	at com.st.microxplorer.plugins.filemanager.engine.MainFileManager.userLoadConfig(MainFileManager.java:330) ~[filemanager.jar:?]
	at com.st.microxplorer.plugins.filemanager.FileManagerView.getSpecificTask(FileManagerView.java:246) ~[filemanager.jar:?]
	at com.st.stm32cube.common.mx.editor.CubeMxEditor.getMxTabbedPaneInstance(CubeMxEditor.java:1198) ~[com.st.stm32cube.common.mx_6.12.0.202406281431/:?]
	at com.st.stm32cube.common.mx.editor.CubeMxEditor$12$1.createSwingComponent(CubeMxEditor.java:1068) ~[com.st.stm32cube.common.mx_6.12.0.202406281431/:?]
	at com.st.stm32cube.common.mx.oss.core.awtswtbridge.EmbeddedSwingComposite.doComponentCreation(EmbeddedSwingComposite.java:492) ~[com.st.stm32cube.common.mx.oss_6.12.0.202406281431/:?]
	at com.st.stm32cube.common.mx.oss.core.awtswtbridge.EmbeddedSwingComposite$4.run(EmbeddedSwingComposite.java:291) ~[com.st.stm32cube.common.mx.oss_6.12.0.202406281431/:?]
	at com.st.stm32cube.common.mx.oss.core.awtswtbridge.AwtEnvironment$2.run(AwtEnvironment.java:166) ~[com.st.stm32cube.common.mx.oss_6.12.0.202406281431/:?]
	at java.awt.event.InvocationEvent.dispatch(InvocationEvent.java:318) ~[?:?]
	at java.awt.EventQueue.dispatchEventImpl(EventQueue.java:773) ~[?:?]
	at java.awt.EventQueue$4.run(EventQueue.java:720) ~[?:?]
	at java.awt.EventQueue$4.run(EventQueue.java:714) ~[?:?]
	at java.security.AccessController.doPrivileged(AccessController.java:399) ~[?:?]
	at java.security.ProtectionDomain$JavaSecurityAccessImpl.doIntersectionPrivilege(ProtectionDomain.java:86) ~[?:?]
	at java.awt.EventQueue.dispatchEvent(EventQueue.java:742) ~[?:?]
	at java.awt.EventDispatchThread.pumpOneEventForFilters(EventDispatchThread.java:203) ~[?:?]
	at java.awt.EventDispatchThread.pumpEventsForFilter(EventDispatchThread.java:124) ~[?:?]
	at java.awt.EventDispatchThread.pumpEventsForHierarchy(EventDispatchThread.java:113) ~[?:?]
	at java.awt.EventDispatchThread.pumpEvents(EventDispatchThread.java:109) ~[?:?]
	at java.awt.EventDispatchThread.pumpEvents(EventDispatchThread.java:101) ~[?:?]
	at java.awt.EventDispatchThread.run(EventDispatchThread.java:90) ~[?:?]
2026-09-06 11:04:53,710 [WARN] ThirdParty:871 - waiting for thirdparty lock release [close project]
2026-09-06 11:04:53,710 [INFO] ThirdParty:873 - entering critical section [close project]
2026-09-06 11:04:53,710 [INFO] ThirdParty:883 - exiting critical section [close project]
2026-09-06 11:04:53,712 [INFO] PinOutPanel:1561 - setPackage(No Configuration,No Configuration)
2026-09-06 11:04:53,721 [WARN] IpParametersView:151 - Warning: This peripheral hasn't parameters
2026-09-06 11:04:53,725 [WARN] MainPanel:284 - <html><b><center>Warning: This peripheral has no parameters to be configured<br></b></html>
2026-09-06 11:04:53,727 [INFO] UtilMem:75 - Begin LoadConfig() Used Memory: 937082112 Bytes (1073741824)
2026-09-06 11:04:53,728 [INFO] MicroXplorer:468 - Change Database Path : 
2026-09-06 11:04:53,728 [INFO] MicroXplorer:498 - Change Database Version : DB.6.0.120
2026-09-06 11:04:53,728 [INFO] OpenFileManager:332 - Change cursor
2026-09-06 11:04:53,738 [INFO] Mcu:2032 - Initializing MCU STM32F446R(C-E)Tx STM32F446RETx STM32F446RET6
2026-09-06 11:04:55,235 [INFO] Context:742 - Trying to add GPIOservice into a context  which must be forbidden
2026-09-06 11:04:55,501 [INFO] RtosManager:555 - Registered RTOS mode: class=CMSIS, group=RTOS, mode=CMSIS_V1, owner=FREERTOS
2026-09-06 11:04:55,501 [INFO] RtosManager:555 - Registered RTOS mode: class=CMSIS, group=RTOS2, mode=CMSIS_V2, owner=FREERTOS
2026-09-06 11:04:55,501 [INFO] RtosManager:555 - Registered RTOS mode: class=RTOS, group=Core, mode=CMSIS_V1, owner=FREERTOS
2026-09-06 11:04:55,501 [INFO] RtosManager:555 - Registered RTOS mode: class=RTOS, group=Core, mode=CMSIS_V2, owner=FREERTOS
2026-09-06 11:04:55,501 [WARN] ModelIntegratedComponent:184 - Missing modes for component STMicroelectronics:FreeRTOS:0.0.1:STMicroelectronics:RTOS:FreeRTOS:Core:::10.2.0:
2026-09-06 11:04:55,588 [WARN] ModelIntegratedComponent:63 - No mode defined for component null
2026-09-06 11:04:55,588 [WARN] ModelIntegratedComponent:63 - No mode defined for component null
2026-09-06 11:04:55,588 [WARN] ModelIntegratedComponent:63 - No mode defined for component null
2026-09-06 11:04:55,588 [WARN] ModelIntegratedComponent:63 - No mode defined for component null
2026-09-06 11:04:55,588 [WARN] ModelIntegratedComponent:63 - No mode defined for component null
2026-09-06 11:04:55,588 [WARN] ModelIntegratedComponent:63 - No mode defined for component null
2026-09-06 11:04:55,588 [WARN] ModelIntegratedComponent:63 - No mode defined for component null
2026-09-06 11:04:55,588 [WARN] ModelIntegratedComponent:63 - No mode defined for component null
2026-09-06 11:04:55,588 [WARN] ModelIntegratedComponent:63 - No mode defined for component null
2026-09-06 11:04:55,588 [WARN] ModelIntegratedComponent:63 - No mode defined for component null
2026-09-06 11:04:55,588 [WARN] ModelIntegratedComponent:63 - No mode defined for component null
2026-09-06 11:04:55,588 [WARN] ModelIntegratedComponent:63 - No mode defined for component null
2026-09-06 11:04:55,588 [WARN] ModelIntegratedComponent:63 - No mode defined for component null
2026-09-06 11:04:55,589 [WARN] ModelIntegratedComponent:63 - No mode defined for component null
2026-09-06 11:04:55,589 [WARN] ModelIntegratedComponent:63 - No mode defined for component null
2026-09-06 11:04:55,589 [WARN] ModelIntegratedComponent:63 - No mode defined for component null
2026-09-06 11:04:55,589 [WARN] ModelIntegratedComponent:63 - No mode defined for component null
2026-09-06 11:04:55,589 [WARN] ModelIntegratedComponent:63 - No mode defined for component null
2026-09-06 11:04:55,589 [WARN] ModelIntegratedComponent:63 - No mode defined for component null
2026-09-06 11:04:55,589 [WARN] ModelIntegratedComponent:63 - No mode defined for component null
2026-09-06 11:04:55,589 [WARN] ModelIntegratedComponent:63 - No mode defined for component null
2026-09-06 11:04:55,589 [WARN] ModelIntegratedComponent:63 - No mode defined for component null
2026-09-06 11:04:55,589 [WARN] ModelIntegratedComponent:63 - No mode defined for component null
2026-09-06 11:04:55,589 [WARN] ModelIntegratedComponent:63 - No mode defined for component null
2026-09-06 11:04:55,589 [WARN] ModelIntegratedComponent:63 - No mode defined for component null
2026-09-06 11:04:55,589 [WARN] ModelIntegratedComponent:63 - No mode defined for component null
2026-09-06 11:04:55,589 [WARN] ModelIntegratedComponent:63 - No mode defined for component null
2026-09-06 11:04:55,589 [WARN] ModelIntegratedComponent:63 - No mode defined for component null
2026-09-06 11:04:55,589 [WARN] ModelIntegratedComponent:63 - No mode defined for component null
2026-09-06 11:04:55,589 [WARN] ModelIntegratedComponent:63 - No mode defined for component null
2026-09-06 11:04:55,589 [WARN] ModelIntegratedComponent:63 - No mode defined for component null
2026-09-06 11:04:55,589 [WARN] ModelIntegratedComponent:63 - No mode defined for component null
2026-09-06 11:04:55,589 [WARN] ModelIntegratedComponent:63 - No mode defined for component null
2026-09-06 11:04:55,589 [WARN] ModelIntegratedComponent:63 - No mode defined for component null
2026-09-06 11:04:55,589 [WARN] ModelIntegratedComponent:63 - No mode defined for component null
2026-09-06 11:04:55,589 [WARN] ModelPack:524 - Component already loaded: STMicroelectronics:HAL Drivers:0.0.0:STMicroelectronics:Device:STMicro_Driver:XSPI:HAL::0.0.1:HAL_XSPI
2026-09-06 11:04:55,700 [INFO] ThirdPartyModel:298 - Start build external matchings
2026-09-06 11:04:56,382 [INFO] ThirdPartyModel:316 - End build external matchings
2026-09-06 11:04:56,394 [INFO] ImportTextPane:205 - (OptionalMessage_ERROR) IP (RCC) : Invalid parameter (48MHZClocksFreq_Value)
2026-09-06 11:04:56,394 [INFO] ImportTextPane:205 - (OptionalMessage_ERROR) IP (RCC) : Invalid parameter (EthernetFreq_Value)
2026-09-06 11:04:56,395 [INFO] ImportTextPane:205 - (OptionalMessage_ERROR) IP (RCC) : Parameter (FLatency) has Id (AdvancedSettings) currently not set
2026-09-06 11:04:56,395 [INFO] ImportTextPane:205 - (OptionalMessage_ERROR) IP (RCC) : Invalid parameter (FamilyName)
2026-09-06 11:04:56,395 [INFO] ImportTextPane:205 - (OptionalMessage_ERROR) IP (RCC) : Invalid parameter (I2SClocksFreq_Value)
2026-09-06 11:04:56,396 [INFO] ImportTextPane:205 - (OptionalMessage_ERROR) IP (RCC) : Parameter (SDIOFreq_Value) has invalid value (168000000)
2026-09-06 11:04:56,396 [INFO] ImportTextPane:205 - (OptionalMessage_ERROR) IP (RCC) : Parameter (USBFreq_Value) has invalid value (168000000)
2026-09-06 11:04:56,396 [INFO] ImportTextPane:205 - (OptionalMessage_ERROR) IP (RCC) : Invalid parameter (VCOInputMFreq_Value)
2026-09-06 11:04:56,396 [INFO] ImportTextPane:205 - (OptionalMessage_ERROR) IP (RCC) : Invalid parameter (VcooutputI2S)
2026-09-06 11:04:56,825 [INFO] UtilMem:75 - End LoadConfig() Used Memory: 924223184 Bytes (1073741824)
2026-09-06 11:04:56,888 [WARN] ThirdParty:833 - waiting for thirdparty lock release [change project]
2026-09-06 11:04:56,888 [INFO] ThirdParty:835 - entering critical section [change project]
2026-09-06 11:04:56,888 [INFO] ThirdParty:1030 - CMSIS Pack Vendor :STMicroelectronics X-CUBE-AZRTOS-H7 3.5.0
2026-09-06 11:04:56,888 [INFO] ThirdParty:1030 - CMSIS Pack Vendor :STMicroelectronics X-CUBE-PM33A1 1.0.0
2026-09-06 11:04:56,888 [INFO] ThirdParty:1030 - CMSIS Pack Vendor :STMicroelectronics USBPD 4.1
2026-09-06 11:04:56,889 [INFO] ThirdParty:1030 - CMSIS Pack Vendor :STMicroelectronics X-CUBE-AZRTOS-H7 3.3.0
2026-09-06 11:04:56,889 [INFO] ThirdParty:1030 - CMSIS Pack Vendor :STMicroelectronics X-CUBE-NFC9 1.0.0
2026-09-06 11:04:56,889 [INFO] ThirdParty:1030 - CMSIS Pack Vendor :STMicroelectronics USB_HOST 2.0.0
2026-09-06 11:04:56,889 [INFO] ThirdParty:1030 - CMSIS Pack Vendor :STMicroelectronics FP-SNS-MOTENVWB1 1.4.0
2026-09-06 11:04:56,889 [INFO] ThirdParty:1030 - CMSIS Pack Vendor :STMicroelectronics FP-ATR-ASTRA1 2.0.3
2026-09-06 11:04:56,889 [INFO] ThirdParty:1030 - CMSIS Pack Vendor :STMicroelectronics X-CUBE-AZRTOS-F4 1.1.0
2026-09-06 11:04:56,889 [INFO] ThirdParty:1030 - CMSIS Pack Vendor :STMicroelectronics LIBJPEG 8.0.0
2026-09-06 11:04:56,889 [INFO] ThirdParty:1030 - CMSIS Pack Vendor :STMicroelectronics FP-ATR-ASTRA1 2.0.2
2026-09-06 11:04:56,889 [INFO] ThirdParty:1030 - CMSIS Pack Vendor :STMicroelectronics X-CUBE-BLE1 7.1.0
2026-09-06 11:04:56,889 [INFO] ThirdParty:1030 - CMSIS Pack Vendor :STMicroelectronics X-CUBE-SMBUS 2.1.0
2026-09-06 11:04:56,889 [INFO] ThirdParty:1030 - CMSIS Pack Vendor :wolfSSL I-CUBE-wolfMQTT 1.19.2
2026-09-06 11:04:56,889 [INFO] ThirdParty:1030 - CMSIS Pack Vendor :STMicroelectronics USB_DEVICE 3.0.0
2026-09-06 11:04:56,889 [INFO] ThirdParty:1030 - CMSIS Pack Vendor :STMicroelectronics X-CUBE-ISPU 2.1.0
2026-09-06 11:04:56,889 [INFO] ThirdParty:1030 - CMSIS Pack Vendor :STMicroelectronics X-CUBE-EEPRMA1 5.2.0
2026-09-06 11:04:56,889 [INFO] ThirdParty:1030 - CMSIS Pack Vendor :STMicroelectronics X-CUBE-AZRTOS-WB 2.0.0
2026-09-06 11:04:56,889 [INFO] ThirdParty:1030 - CMSIS Pack Vendor :STMicroelectronics X-CUBE-GNSS1 7.0.1
2026-09-06 11:04:56,889 [INFO] ThirdParty:1030 - CMSIS Pack Vendor :STMicroelectronics X-CUBE-NFC12 1.0.0
2026-09-06 11:04:56,889 [INFO] ThirdParty:1030 - CMSIS Pack Vendor :STMicroelectronics X-CUBE-AZRTOS-F7 1.1.0
2026-09-06 11:04:56,889 [INFO] ThirdParty:1030 - CMSIS Pack Vendor :STMicroelectronics X-CUBE-AZRTOS-L5 2.0.0
2026-09-06 11:04:56,889 [INFO] ThirdParty:1030 - CMSIS Pack Vendor :STMicroelectronics X-CUBE-TOUCHGFX 4.25.0
2026-09-06 11:04:56,889 [INFO] ThirdParty:1030 - CMSIS Pack Vendor :STMicroelectronics USB_DEVICE 2.0.0
2026-09-06 11:04:56,889 [INFO] ThirdParty:1030 - CMSIS Pack Vendor :STMicroelectronics X-CUBE-NFC6 3.1.0
2026-09-06 11:04:56,889 [INFO] ThirdParty:1030 - CMSIS Pack Vendor :STMicroelectronics X-CUBE-AI 10.1.0
2026-09-06 11:04:56,889 [INFO] ThirdParty:1030 - CMSIS Pack Vendor :STMicroelectronics FP-SNS-STBOX1 2.0.0
2026-09-06 11:04:56,889 [INFO] ThirdParty:1030 - CMSIS Pack Vendor :STMicroelectronics X-CUBE-STSE01 2.0.0
2026-09-06 11:04:56,889 [INFO] ThirdParty:1030 - CMSIS Pack Vendor :STMicroelectronics X-CUBE-ALGOBUILD 1.5.0
2026-09-06 11:04:56,889 [INFO] ThirdParty:1030 - CMSIS Pack Vendor :STMicroelectronics FreeRTOS 0.0.1
2026-09-06 11:04:56,889 [INFO] ThirdParty:1030 - CMSIS Pack Vendor :STMicroelectronics X-CUBE-AZRTOS-H7RS 1.3.0
2026-09-06 11:04:56,889 [INFO] ThirdParty:1030 - CMSIS Pack Vendor :STMicroelectronics X-CUBE-AZRTOS-G0 1.1.0
2026-09-06 11:04:56,889 [INFO] ThirdParty:1030 - CMSIS Pack Vendor :STMicroelectronics X-CUBE-SAFEA1 1.2.2
2026-09-06 11:04:56,889 [INFO] ThirdParty:1030 - CMSIS Pack Vendor :STMicroelectronics X-CUBE-NFC4 3.0.0
2026-09-06 11:04:56,889 [INFO] ThirdParty:1030 - CMSIS Pack Vendor :STMicroelectronics X-CUBE-SUBG2 5.0.0
2026-09-06 11:04:56,889 [INFO] ThirdParty:1030 - CMSIS Pack Vendor :STMicroelectronics X-CUBE-AZRTOS-H7RS 1.1.0
2026-09-06 11:04:56,889 [INFO] ThirdParty:1030 - CMSIS Pack Vendor :STMicroelectronics STM32_WPAN 1.0.0
2026-09-06 11:04:56,889 [INFO] ThirdParty:1030 - CMSIS Pack Vendor :EmbeddedOffice I-CUBE-FS-RTOS 1.0.1
2026-09-06 11:04:56,889 [INFO] ThirdParty:1030 - CMSIS Pack Vendor :STMicroelectronics lwIP 2.0.3
2026-09-06 11:04:56,889 [INFO] ThirdParty:1030 - CMSIS Pack Vendor :STMicroelectronics X-CUBE-MEMS1 13.0.0
2026-09-06 11:04:56,889 [INFO] ThirdParty:1030 - CMSIS Pack Vendor :Cesanta I-CUBE-Mongoose 7.13.0
2026-09-06 11:04:56,889 [INFO] ThirdParty:1030 - CMSIS Pack Vendor :STMicroelectronics USB_HOST 1.0.0
2026-09-06 11:04:56,889 [INFO] ThirdParty:1030 - CMSIS Pack Vendor :Infineon AIROC-Wi-Fi-Bluetooth-STM32 1.7.0
2026-09-06 11:04:56,889 [INFO] ThirdParty:1030 - CMSIS Pack Vendor :STMicroelectronics X-CUBE-AZRTOS-G4 2.0.0
2026-09-06 11:04:56,889 [INFO] ThirdParty:1030 - CMSIS Pack Vendor :STMicroelectronics X-CUBE-WB05N 2.0.0
2026-09-06 11:04:56,889 [INFO] ThirdParty:1030 - CMSIS Pack Vendor :STMicroelectronics PDM2PCM 3.1.0
2026-09-06 11:04:56,889 [INFO] ThirdParty:1030 - CMSIS Pack Vendor :STMicroelectronics PDM2PCM 3.3.0
2026-09-06 11:04:56,889 [INFO] ThirdParty:1030 - CMSIS Pack Vendor :wolfSSL I-CUBE-wolfTPM 3.8.0
2026-09-06 11:04:56,889 [INFO] ThirdParty:1030 - CMSIS Pack Vendor :STMicroelectronics X-CUBE-DISPLAY 3.0.0
2026-09-06 11:04:56,889 [INFO] ThirdParty:1030 - CMSIS Pack Vendor :wolfSSL I-CUBE-wolfSSH 1.4.20
2026-09-06 11:04:56,889 [INFO] ThirdParty:1030 - CMSIS Pack Vendor :STMicroelectronics X-CUBE-NFC7 2.0.0
2026-09-06 11:04:56,889 [INFO] ThirdParty:1030 - CMSIS Pack Vendor :STMicroelectronics X-CUBE-GNSS1 7.1.1
2026-09-06 11:04:56,889 [INFO] ThirdParty:1030 - CMSIS Pack Vendor :RealThread X-CUBE-RT-Thread_Nano 4.1.1
2026-09-06 11:04:56,889 [INFO] ThirdParty:1030 - CMSIS Pack Vendor :STMicroelectronics FP-ATR-SIGFOX1 3.2.0
2026-09-06 11:04:56,889 [INFO] ThirdParty:1030 - CMSIS Pack Vendor :STMicroelectronics X-CUBE-NFC10 1.0.0
2026-09-06 11:04:56,889 [INFO] ThirdParty:1030 - CMSIS Pack Vendor :STMicroelectronics X-CUBE-BLEMGR 4.0.0
2026-09-06 11:04:56,889 [INFO] ThirdParty:1030 - CMSIS Pack Vendor :STMicroelectronics X-CUBE-EEPRMA1 5.1.0
2026-09-06 11:04:56,889 [INFO] ThirdParty:1030 - CMSIS Pack Vendor :STMicroelectronics X-CUBE-FREERTOS 1.3.1
2026-09-06 11:04:56,889 [INFO] ThirdParty:1030 - CMSIS Pack Vendor :STMicroelectronics HAL Drivers 0.0.0
2026-09-06 11:04:56,889 [INFO] ThirdParty:1030 - CMSIS Pack Vendor :STMicroelectronics MBEDTLS 2.16.2
2026-09-06 11:04:56,889 [INFO] ThirdParty:1030 - CMSIS Pack Vendor :STMicroelectronics X-CUBE-ALS 1.0.2
2026-09-06 11:04:56,889 [INFO] ThirdParty:1030 - CMSIS Pack Vendor :emotas I-CUBE-CANOPEN 1.3.0
2026-09-06 11:04:56,889 [INFO] ThirdParty:1030 - CMSIS Pack Vendor :STMicroelectronics MBEDTLS 2.14.1
2026-09-06 11:04:56,889 [INFO] ThirdParty:1030 - CMSIS Pack Vendor :ITTIA_DB I-CUBE-ITTIADB 8.9.0
2026-09-06 11:04:56,889 [INFO] ThirdParty:1030 - CMSIS Pack Vendor :STMicroelectronics X-CUBE-TOUCHGFX 4.26.1
2026-09-06 11:04:56,890 [INFO] ThirdParty:1030 - CMSIS Pack Vendor :portGmbH I-Cube-SoM-uGOAL 1.1.0
2026-09-06 11:04:56,890 [INFO] ThirdParty:1030 - CMSIS Pack Vendor :STMicroelectronics X-CUBE-NFC6 3.2.0
2026-09-06 11:04:56,890 [INFO] ThirdParty:1030 - CMSIS Pack Vendor :quantropi X-CUBE-qispace-sdk-base 2.0.0
2026-09-06 11:04:56,890 [INFO] ThirdParty:1030 - CMSIS Pack Vendor :STMicroelectronics X-CUBE-AI 10.2.1
2026-09-06 11:04:56,890 [INFO] ThirdParty:1030 - CMSIS Pack Vendor :STMicroelectronics ThreadX 1.0.0
2026-09-06 11:04:56,890 [INFO] ThirdParty:1030 - CMSIS Pack Vendor :STMicroelectronics FP-SNS-SMARTAG2 1.2.0
2026-09-06 11:04:56,890 [INFO] ThirdParty:1030 - CMSIS Pack Vendor :STMicroelectronics X-CUBE-AZRTOS-WL 2.0.0
2026-09-06 11:04:56,890 [INFO] ThirdParty:1030 - CMSIS Pack Vendor :SEGGER I-CUBE-embOS 1.3.1
2026-09-06 11:04:56,890 [INFO] ThirdParty:1030 - CMSIS Pack Vendor :STMicroelectronics X-CUBE-ALGOBUILD 1.4.0
2026-09-06 11:04:56,890 [INFO] ThirdParty:1030 - CMSIS Pack Vendor :STMicroelectronics X-CUBE-DPower 1.3.0
2026-09-06 11:04:56,890 [INFO] ThirdParty:1030 - CMSIS Pack Vendor :STMicroelectronics X-CUBE-MEMS1 11.3.0
2026-09-06 11:04:56,890 [INFO] ThirdParty:1030 - CMSIS Pack Vendor :STMicroelectronics FP-SNS-MOTENV1 5.0.0
2026-09-06 11:04:56,890 [INFO] ThirdParty:1030 - CMSIS Pack Vendor :STMicroelectronics USB_DEVICE 1.0.0
2026-09-06 11:04:56,890 [INFO] ThirdParty:1030 - CMSIS Pack Vendor :STMicroelectronics X-CUBE-AZRTOS-L4 2.0.0
2026-09-06 11:04:56,890 [INFO] ThirdParty:1030 - CMSIS Pack Vendor :STMicroelectronics ThreadX 0.0.2
2026-09-06 11:04:56,890 [INFO] ThirdParty:1030 - CMSIS Pack Vendor :WES I-CUBE-Cesium 1.3.0
2026-09-06 11:04:56,890 [INFO] ThirdParty:1030 - CMSIS Pack Vendor :STMicroelectronics lwIP 2.1.2
2026-09-06 11:04:56,890 [INFO] ThirdParty:1030 - CMSIS Pack Vendor :STMicroelectronics X-CUBE-SFXS2LP1 4.0.0
2026-09-06 11:04:56,890 [INFO] ThirdParty:1030 - CMSIS Pack Vendor :STMicroelectronics X-CUBE-BLE2 3.3.0
2026-09-06 11:04:56,890 [INFO] ThirdParty:1030 - CMSIS Pack Vendor :STMicroelectronics X-CUBE-NFC13 1.0.0
2026-09-06 11:04:56,890 [INFO] ThirdParty:1030 - CMSIS Pack Vendor :STMicroelectronics PDM2PCM 3.2.0
2026-09-06 11:04:56,890 [INFO] ThirdParty:1030 - CMSIS Pack Vendor :STMicroelectronics X-CUBE-WB05N 2.1.0
2026-09-06 11:04:56,890 [INFO] ThirdParty:841 - exiting critical section [change project]
2026-09-06 11:04:57,044 [INFO] PinOutPanel:1561 - setPackage(No Configuration,No Configuration)
2026-09-06 11:04:57,044 [INFO] PinOutPanel:1561 - setPackage(STM32F446RETx,LQFP64)
2026-09-06 11:04:57,252 [INFO] UtilMem:75 - Before build in PCC Used Memory: 797980288 Bytes (1073741824)
2026-09-06 11:04:57,460 [INFO] UtilMem:75 - After build in PCC Used Memory: 848834176 Bytes (1073741824)
2026-09-06 11:04:57,484 [INFO] IPUIPlugin:80 - create IPUIPlugin
2026-09-06 11:04:57,485 [INFO] IPUIPlugin:80 - create IPUIPlugin
2026-09-06 11:04:57,485 [INFO] IPUIPlugin:80 - create IPUIPlugin
2026-09-06 11:04:57,485 [INFO] IPUIPlugin:80 - create IPUIPlugin
2026-09-06 11:04:57,485 [INFO] IPUIPlugin:80 - create IPUIPlugin
2026-09-06 11:04:57,485 [INFO] IPUIPlugin:80 - create IPUIPlugin
2026-09-06 11:04:57,485 [INFO] IPUIPlugin:80 - create IPUIPlugin
2026-09-06 11:04:57,485 [INFO] IPUIPlugin:80 - create IPUIPlugin
2026-09-06 11:04:57,485 [INFO] IPUIPlugin:80 - create IPUIPlugin
2026-09-06 11:04:57,485 [INFO] IPUIPlugin:80 - create IPUIPlugin
2026-09-06 11:04:57,485 [INFO] IPUIPlugin:80 - create IPUIPlugin
2026-09-06 11:04:57,485 [INFO] IPUIPlugin:80 - create IPUIPlugin
2026-09-06 11:04:57,485 [INFO] IPUIPlugin:80 - create IPUIPlugin
2026-09-06 11:04:57,486 [INFO] IPUIPlugin:80 - create IPUIPlugin
2026-09-06 11:04:57,486 [INFO] IPUIPlugin:80 - create IPUIPlugin
2026-09-06 11:04:57,486 [INFO] IPUIPlugin:80 - create IPUIPlugin
2026-09-06 11:04:57,486 [INFO] IPUIPlugin:80 - create IPUIPlugin
2026-09-06 11:04:57,486 [INFO] IPUIPlugin:80 - create IPUIPlugin
2026-09-06 11:04:57,486 [INFO] IPUIPlugin:80 - create IPUIPlugin
2026-09-06 11:04:57,486 [INFO] IPUIPlugin:80 - create IPUIPlugin
2026-09-06 11:04:57,486 [INFO] IPUIPlugin:80 - create IPUIPlugin
2026-09-06 11:04:57,487 [INFO] IPUIPlugin:80 - create IPUIPlugin
2026-09-06 11:04:57,487 [INFO] IPUIPlugin:80 - create IPUIPlugin
2026-09-06 11:04:57,487 [INFO] IPUIPlugin:80 - create IPUIPlugin
2026-09-06 11:04:57,488 [INFO] IPUIPlugin:80 - create IPUIPlugin
2026-09-06 11:04:57,488 [INFO] IPUIPlugin:80 - create IPUIPlugin
2026-09-06 11:04:57,488 [INFO] IPUIPlugin:80 - create IPUIPlugin
2026-09-06 11:04:57,488 [INFO] IPUIPlugin:80 - create IPUIPlugin
2026-09-06 11:04:57,488 [INFO] IPUIPlugin:80 - create IPUIPlugin
2026-09-06 11:04:57,489 [INFO] IPUIPlugin:80 - create IPUIPlugin
2026-09-06 11:04:57,489 [INFO] IPUIPlugin:80 - create IPUIPlugin
2026-09-06 11:04:57,489 [INFO] IPUIPlugin:80 - create IPUIPlugin
2026-09-06 11:04:57,489 [INFO] IPUIPlugin:80 - create IPUIPlugin
2026-09-06 11:04:57,489 [INFO] IPUIPlugin:80 - create IPUIPlugin
2026-09-06 11:04:57,490 [INFO] IPUIPlugin:80 - create IPUIPlugin
2026-09-06 11:04:57,490 [INFO] IPUIPlugin:80 - create IPUIPlugin
2026-09-06 11:04:57,490 [INFO] IPUIPlugin:80 - create IPUIPlugin
2026-09-06 11:04:57,491 [INFO] IPUIPlugin:80 - create IPUIPlugin
2026-09-06 11:04:57,491 [INFO] IPUIPlugin:80 - create IPUIPlugin
2026-09-06 11:04:57,491 [INFO] IPUIPlugin:80 - create IPUIPlugin
2026-09-06 11:04:57,491 [INFO] IPUIPlugin:80 - create IPUIPlugin
2026-09-06 11:04:57,492 [INFO] IPUIPlugin:80 - create IPUIPlugin
2026-09-06 11:04:57,492 [INFO] IPUIPlugin:80 - create IPUIPlugin
2026-09-06 11:04:57,492 [INFO] IPUIPlugin:80 - create IPUIPlugin
2026-09-06 11:04:57,492 [INFO] IPUIPlugin:80 - create IPUIPlugin
2026-09-06 11:04:57,492 [INFO] IPUIPlugin:80 - create IPUIPlugin
2026-09-06 11:04:57,493 [INFO] IPUIPlugin:80 - create IPUIPlugin
2026-09-06 11:04:57,493 [INFO] IPUIPlugin:80 - create IPUIPlugin
2026-09-06 11:04:57,493 [INFO] IPUIPlugin:80 - create IPUIPlugin
2026-09-06 11:04:57,493 [INFO] IPUIPlugin:80 - create IPUIPlugin
2026-09-06 11:04:57,494 [INFO] IPUIPlugin:80 - create IPUIPlugin
2026-09-06 11:04:57,494 [INFO] IPUIPlugin:80 - create IPUIPlugin
2026-09-06 11:04:57,494 [INFO] IPUIPlugin:80 - create IPUIPlugin
2026-09-06 11:04:57,495 [INFO] IPUIPlugin:80 - create IPUIPlugin
2026-09-06 11:04:57,495 [INFO] IPUIPlugin:80 - create IPUIPlugin
2026-09-06 11:04:57,495 [INFO] IPUIPlugin:80 - create IPUIPlugin
2026-09-06 11:04:57,495 [INFO] IPUIPlugin:80 - create IPUIPlugin
2026-09-06 11:04:57,496 [INFO] IPUIPlugin:80 - create IPUIPlugin
2026-09-06 11:04:57,496 [INFO] IPUIPlugin:80 - create IPUIPlugin
2026-09-06 11:04:57,496 [INFO] IPUIPlugin:80 - create IPUIPlugin
2026-09-06 11:04:57,500 [INFO] ApiDbMcu:508 - Load IP Config File for PDM2PCM
2026-09-06 11:04:57,567 [INFO] CADModel:165 - CPN selected for project levelSTM32F446RET6
2026-09-06 11:04:57,568 [INFO] CADModel:114 - Register for checkConnection events
2026-09-06 11:04:57,631 [INFO] OpenFileManager:363 - Restore cursor
2026-09-06 11:06:15,757 [INFO] UtilMem:75 - End SaveConfig() Used Memory: 860720800 Bytes (1073741824)
2026-09-06 11:06:18,527 [INFO] UtilMem:75 - End SaveConfig() Used Memory: 889032352 Bytes (1073741824)
2026-09-06 11:06:20,836 [INFO] UtilMem:75 - End SaveConfig() Used Memory: 929404344 Bytes (1073741824)
2026-09-06 11:06:20,949 [INFO] BlockDiagram:2766 - set Specific Code input for plugin: SYS
2026-09-06 11:06:20,949 [INFO] BlockDiagram:2766 - set Specific Code input for plugin: RCC
2026-09-06 11:06:20,949 [INFO] BlockDiagram:2766 - set Specific Code input for plugin: NVIC
2026-09-06 11:06:20,949 [INFO] BlockDiagram:2766 - set Specific Code input for plugin: USART
2026-09-06 11:06:20,949 [INFO] BlockDiagram:2766 - set Specific Code input for plugin: GPIO
2026-09-06 11:06:20,950 [INFO] CodeGenerator:807 - code generatio: config db path: D:\ST\STM32CubeIDE_1.16.0\STM32CubeIDE\plugins\com.st.stm32cube.common.mx_6.12.0.202406281431\\db\
2026-09-06 11:06:21,077 [INFO] CodeEngine:255 - oldGeneratedFile, D:\Neeraj_STM32_Projects\UART\MXTmpFiles\license.tmp_save
2026-09-06 11:06:21,201 [INFO] CodeEngine:279 - Generated code: D:\Neeraj_STM32_Projects\UART\MXTmpFiles\license.tmp
2026-09-06 11:06:21,235 [INFO] CodeEngine:255 - oldGeneratedFile, D:\Neeraj_STM32_Projects\UART\MXTmpFiles\gpio.tmp_save
2026-09-06 11:06:21,367 [INFO] CodeEngine:279 - Generated code: D:\Neeraj_STM32_Projects\UART\MXTmpFiles\gpio.tmp
2026-09-06 11:06:21,451 [INFO] CodeEngine:255 - oldGeneratedFile, D:\Neeraj_STM32_Projects\UART\Core\Src\stm32f4xx_it.c_save
2026-09-06 11:06:21,638 [INFO] CodeEngine:279 - Generated code: D:\Neeraj_STM32_Projects\UART\Core\Src\stm32f4xx_it.c
2026-09-06 11:06:21,643 [INFO] CodeEngine:255 - oldGeneratedFile, D:\Neeraj_STM32_Projects\UART\Core\Inc\stm32f4xx_it.h_save
2026-09-06 11:06:21,707 [INFO] CodeEngine:279 - Generated code: D:\Neeraj_STM32_Projects\UART\Core\Inc\stm32f4xx_it.h
2026-09-06 11:06:21,727 [INFO] CodeEngine:255 - oldGeneratedFile, D:\Neeraj_STM32_Projects\UART\Core\Src\stm32f4xx_hal_msp.c_save
2026-09-06 11:06:21,832 [INFO] CodeEngine:279 - Generated code: D:\Neeraj_STM32_Projects\UART\Core\Src\stm32f4xx_hal_msp.c
2026-09-06 11:06:21,835 [INFO] CodeEngine:255 - oldGeneratedFile, D:\Neeraj_STM32_Projects\UART\MXTmpFiles\system.tmp_save
2026-09-06 11:06:21,889 [INFO] CodeEngine:279 - Generated code: D:\Neeraj_STM32_Projects\UART\MXTmpFiles\system.tmp
2026-09-06 11:06:21,908 [INFO] CodeEngine:311 - oldGeneratedFile, D:\Neeraj_STM32_Projects\UART\Core\Inc\stm32f4xx_hal_conf.h_save
2026-09-06 11:06:22,001 [INFO] CodeEngine:335 - Generated code: D:\Neeraj_STM32_Projects\UART\Core\Inc\stm32f4xx_hal_conf.h
2026-09-06 11:06:22,026 [WARN] IPConfigManager:3005 - Warning: the RefConfig PLL2P_FOR_MCO is not available in your config.xml file
2026-09-06 11:06:22,046 [INFO] CodeEngine:255 - oldGeneratedFile, D:\Neeraj_STM32_Projects\UART\Core\Inc\main.h_save
2026-09-06 11:06:22,132 [INFO] CodeEngine:279 - Generated code: D:\Neeraj_STM32_Projects\UART\Core\Inc\main.h
2026-09-06 11:06:22,145 [INFO] CodeEngine:255 - oldGeneratedFile, D:\Neeraj_STM32_Projects\UART\Core\Src\main.c_save
2026-09-06 11:06:22,262 [INFO] CodeEngine:279 - Generated code: D:\Neeraj_STM32_Projects\UART\Core\Src\main.c
2026-09-06 11:06:22,652 [INFO] ProjectBuilder:3249 - Time for Copy HAL[1] : 218mS.
2026-09-06 11:06:22,655 [INFO] ProjectBuilder:4828 - Project Generator version: 4.4.0-B60
2026-09-06 11:06:22,750 [INFO] ConfigFileManager:1531 - The Die is : DIE421
2026-09-06 11:06:22,752 [INFO] ApiDbMcu:508 - Load IP Config File for FATFS
2026-09-06 11:06:22,756 [INFO] ApiDbMcu:508 - Load IP Config File for FREERTOS
2026-09-06 11:06:22,758 [INFO] ApiDbMcu:508 - Load IP Config File for LIBJPEG
2026-09-06 11:06:22,762 [INFO] ApiDbMcu:508 - Load IP Config File for MBEDTLS
2026-09-06 11:06:22,768 [INFO] ApiDbMcu:508 - Load IP Config File for USB_DEVICE
2026-09-06 11:06:22,771 [INFO] ApiDbMcu:508 - Load IP Config File for USB_HOST
2026-09-06 11:06:23,710 [INFO] ProjectBuilder:5097 - Time for Generating toolchain IDE Files: 1054mS.
2026-09-06 11:06:23,711 [INFO] ProjectBuilder:3107 - Time for Copy CMSIS : 1mS.
2026-09-06 11:06:23,713 [INFO] ProjectBuilder:3107 - Time for Copy CMSIS : 0mS.
2026-09-06 14:04:46,676 [INFO] WebApp:189 - Connection lost
2026-09-06 14:05:27,467 [INFO] WebApp:186 - Connection restablished
2026-09-06 14:19:08,672 [INFO] MainUpdater:2873 - connection check result : 10
2026-09-06 14:19:08,672 [INFO] MainUpdater:2873 - connection check result : 10
2026-09-06 14:19:08,808 [INFO] MicroXplorer:468 - Change Database Path : 
2026-09-06 14:19:08,809 [INFO] MicroXplorer:498 - Change Database Version : DB.6.0.120
2026-09-06 14:19:08,821 [ERROR] ProjectManagerView:394 - 
java.lang.NullPointerException: Cannot invoke "javax.swing.JTextField.getText()" because the return value of "java.util.List.get(int)" is null
	at com.st.microxplorer.plugins.projectmanager.gui.ProjectChoiceTab$10.caretUpdate(ProjectChoiceTab.java:2622) ~[filemanager.jar:?]
	at javax.swing.text.JTextComponent.fireCaretUpdate(JTextComponent.java:412) ~[?:?]
	at javax.swing.text.JTextComponent$MutableCaretEvent.fire(JTextComponent.java:4491) ~[?:?]
	at javax.swing.text.JTextComponent$MutableCaretEvent.stateChanged(JTextComponent.java:4513) ~[?:?]
	at javax.swing.text.DefaultCaret.fireStateChanged(DefaultCaret.java:842) ~[?:?]
	at javax.swing.text.DefaultCaret.changeCaretPosition(DefaultCaret.java:1313) ~[?:?]
	at javax.swing.text.DefaultCaret.handleSetDot(DefaultCaret.java:1212) ~[?:?]
	at javax.swing.text.DefaultCaret.setDot(DefaultCaret.java:1193) ~[?:?]
	at javax.swing.text.DefaultCaret$Handler.insertUpdate(DefaultCaret.java:1789) ~[?:?]
	at javax.swing.text.AbstractDocument.fireInsertUpdate(AbstractDocument.java:226) ~[?:?]
	at javax.swing.text.AbstractDocument.handleInsertString(AbstractDocument.java:780) ~[?:?]
	at javax.swing.text.AbstractDocument.insertString(AbstractDocument.java:739) ~[?:?]
	at javax.swing.text.PlainDocument.insertString(PlainDocument.java:131) ~[?:?]
	at javax.swing.text.AbstractDocument.replace(AbstractDocument.java:698) ~[?:?]
	at javax.swing.text.JTextComponent.setText(JTextComponent.java:1729) ~[?:?]
	at com.st.microxplorer.plugins.projectmanager.gui.ProjectChoiceTab.createHeapStackFields(ProjectChoiceTab.java:972) ~[filemanager.jar:?]
	at com.st.microxplorer.plugins.projectmanager.gui.ProjectChoiceTab.buildLinkSettingsPanel(ProjectChoiceTab.java:3597) ~[filemanager.jar:?]
	at com.st.microxplorer.plugins.projectmanager.gui.ProjectChoiceTab.defineWindowsFields(ProjectChoiceTab.java:1940) ~[filemanager.jar:?]
	at com.st.microxplorer.plugins.projectmanager.gui.ProjectChoiceTab.updateSettings(ProjectChoiceTab.java:550) ~[filemanager.jar:?]
	at com.st.microxplorer.plugins.projectmanager.gui.ProjectSettingsPanel.UpdateDialog(ProjectSettingsPanel.java:245) ~[filemanager.jar:?]
	at com.st.microxplorer.plugins.projectmanager.ProjectManagerView.propertyChange(ProjectManagerView.java:391) ~[filemanager.jar:?]
	at java.beans.PropertyChangeSupport.fire(PropertyChangeSupport.java:343) ~[?:?]
	at java.beans.PropertyChangeSupport.firePropertyChange(PropertyChangeSupport.java:335) ~[?:?]
	at java.beans.PropertyChangeSupport.firePropertyChange(PropertyChangeSupport.java:268) ~[?:?]
	at com.st.microxplorer.util.MXPropertyChangeSupport.firePropertyChange(MXPropertyChangeSupport.java:54) ~[STM32CubeMX.jar:?]
	at com.st.microxplorer.mxsystem.MxSystem.closeConfig(MxSystem.java:900) ~[STM32CubeMX.jar:?]
	at com.st.microxplorer.maingui.MainPanel.closeConfig(MainPanel.java:781) ~[STM32CubeMX.jar:?]
	at com.st.microxplorer.plugins.filemanager.engine.OpenFileManager.loadConfigurationFile(OpenFileManager.java:265) ~[filemanager.jar:?]
	at com.st.microxplorer.plugins.filemanager.engine.MainFileManager.userLoadConfig(MainFileManager.java:352) ~[filemanager.jar:?]
	at com.st.microxplorer.plugins.filemanager.engine.MainFileManager.userLoadConfig(MainFileManager.java:330) ~[filemanager.jar:?]
	at com.st.microxplorer.plugins.filemanager.FileManagerView.getSpecificTask(FileManagerView.java:246) ~[filemanager.jar:?]
	at com.st.stm32cube.common.mx.editor.CubeMxEditor.getMxTabbedPaneInstance(CubeMxEditor.java:1198) ~[com.st.stm32cube.common.mx_6.12.0.202406281431/:?]
	at com.st.stm32cube.common.mx.editor.CubeMxEditor$12$1.createSwingComponent(CubeMxEditor.java:1068) ~[com.st.stm32cube.common.mx_6.12.0.202406281431/:?]
	at com.st.stm32cube.common.mx.oss.core.awtswtbridge.EmbeddedSwingComposite.doComponentCreation(EmbeddedSwingComposite.java:492) ~[com.st.stm32cube.common.mx.oss_6.12.0.202406281431/:?]
	at com.st.stm32cube.common.mx.oss.core.awtswtbridge.EmbeddedSwingComposite$4.run(EmbeddedSwingComposite.java:291) ~[com.st.stm32cube.common.mx.oss_6.12.0.202406281431/:?]
	at com.st.stm32cube.common.mx.oss.core.awtswtbridge.AwtEnvironment$2.run(AwtEnvironment.java:166) ~[com.st.stm32cube.common.mx.oss_6.12.0.202406281431/:?]
	at java.awt.event.InvocationEvent.dispatch(InvocationEvent.java:318) ~[?:?]
	at java.awt.EventQueue.dispatchEventImpl(EventQueue.java:773) ~[?:?]
	at java.awt.EventQueue$4.run(EventQueue.java:720) ~[?:?]
	at java.awt.EventQueue$4.run(EventQueue.java:714) ~[?:?]
	at java.security.AccessController.doPrivileged(AccessController.java:399) ~[?:?]
	at java.security.ProtectionDomain$JavaSecurityAccessImpl.doIntersectionPrivilege(ProtectionDomain.java:86) ~[?:?]
	at java.awt.EventQueue.dispatchEvent(EventQueue.java:742) ~[?:?]
	at java.awt.EventDispatchThread.pumpOneEventForFilters(EventDispatchThread.java:203) ~[?:?]
	at java.awt.EventDispatchThread.pumpEventsForFilter(EventDispatchThread.java:124) ~[?:?]
	at java.awt.EventDispatchThread.pumpEventsForHierarchy(EventDispatchThread.java:113) ~[?:?]
	at java.awt.EventDispatchThread.pumpEvents(EventDispatchThread.java:109) ~[?:?]
	at java.awt.EventDispatchThread.pumpEvents(EventDispatchThread.java:101) ~[?:?]
	at java.awt.EventDispatchThread.run(EventDispatchThread.java:90) ~[?:?]
2026-09-06 14:19:08,822 [WARN] ThirdParty:871 - waiting for thirdparty lock release [close project]
2026-09-06 14:19:08,822 [INFO] ThirdParty:873 - entering critical section [close project]
2026-09-06 14:19:08,822 [INFO] ThirdParty:883 - exiting critical section [close project]
2026-09-06 14:19:08,824 [INFO] PinOutPanel:1561 - setPackage(No Configuration,No Configuration)
2026-09-06 14:19:08,831 [WARN] IpParametersView:151 - Warning: This peripheral hasn't parameters
2026-09-06 14:19:08,835 [WARN] MainPanel:284 - <html><b><center>Warning: This peripheral has no parameters to be configured<br></b></html>
2026-09-06 14:19:08,839 [INFO] UtilMem:75 - Begin LoadConfig() Used Memory: 857771832 Bytes (1073741824)
2026-09-06 14:19:08,840 [INFO] MicroXplorer:468 - Change Database Path : 
2026-09-06 14:19:08,840 [INFO] MicroXplorer:498 - Change Database Version : DB.6.0.120
2026-09-06 14:19:08,840 [INFO] OpenFileManager:332 - Change cursor
2026-09-06 14:19:08,858 [INFO] RulesReader:64 - Compatibility file has been processed (297 Rules)
2026-09-06 14:19:08,861 [INFO] Mcu:2032 - Initializing MCU STM32F446R(C-E)Tx STM32F446RETx STM32F446RET6
2026-09-06 14:19:10,911 [INFO] Context:742 - Trying to add GPIOservice into a context  which must be forbidden
2026-09-06 14:19:11,279 [INFO] RtosManager:555 - Registered RTOS mode: class=CMSIS, group=RTOS, mode=CMSIS_V1, owner=FREERTOS
2026-09-06 14:19:11,279 [INFO] RtosManager:555 - Registered RTOS mode: class=CMSIS, group=RTOS2, mode=CMSIS_V2, owner=FREERTOS
2026-09-06 14:19:11,279 [INFO] RtosManager:555 - Registered RTOS mode: class=RTOS, group=Core, mode=CMSIS_V1, owner=FREERTOS
2026-09-06 14:19:11,279 [INFO] RtosManager:555 - Registered RTOS mode: class=RTOS, group=Core, mode=CMSIS_V2, owner=FREERTOS
2026-09-06 14:19:11,280 [WARN] ModelIntegratedComponent:184 - Missing modes for component STMicroelectronics:FreeRTOS:0.0.1:STMicroelectronics:RTOS:FreeRTOS:Core:::10.2.0:
2026-09-06 14:19:11,399 [WARN] ModelIntegratedComponent:63 - No mode defined for component null
2026-09-06 14:19:11,399 [WARN] ModelIntegratedComponent:63 - No mode defined for component null
2026-09-06 14:19:11,399 [WARN] ModelIntegratedComponent:63 - No mode defined for component null
2026-09-06 14:19:11,399 [WARN] ModelIntegratedComponent:63 - No mode defined for component null
2026-09-06 14:19:11,400 [WARN] ModelIntegratedComponent:63 - No mode defined for component null
2026-09-06 14:19:11,400 [WARN] ModelIntegratedComponent:63 - No mode defined for component null
2026-09-06 14:19:11,400 [WARN] ModelIntegratedComponent:63 - No mode defined for component null
2026-09-06 14:19:11,400 [WARN] ModelIntegratedComponent:63 - No mode defined for component null
2026-09-06 14:19:11,400 [WARN] ModelIntegratedComponent:63 - No mode defined for component null
2026-09-06 14:19:11,400 [WARN] ModelIntegratedComponent:63 - No mode defined for component null
2026-09-06 14:19:11,400 [WARN] ModelIntegratedComponent:63 - No mode defined for component null
2026-09-06 14:19:11,400 [WARN] ModelIntegratedComponent:63 - No mode defined for component null
2026-09-06 14:19:11,400 [WARN] ModelIntegratedComponent:63 - No mode defined for component null
2026-09-06 14:19:11,400 [WARN] ModelIntegratedComponent:63 - No mode defined for component null
2026-09-06 14:19:11,400 [WARN] ModelIntegratedComponent:63 - No mode defined for component null
2026-09-06 14:19:11,400 [WARN] ModelIntegratedComponent:63 - No mode defined for component null
2026-09-06 14:19:11,400 [WARN] ModelIntegratedComponent:63 - No mode defined for component null
2026-09-06 14:19:11,400 [WARN] ModelIntegratedComponent:63 - No mode defined for component null
2026-09-06 14:19:11,400 [WARN] ModelIntegratedComponent:63 - No mode defined for component null
2026-09-06 14:19:11,400 [WARN] ModelIntegratedComponent:63 - No mode defined for component null
2026-09-06 14:19:11,400 [WARN] ModelIntegratedComponent:63 - No mode defined for component null
2026-09-06 14:19:11,400 [WARN] ModelIntegratedComponent:63 - No mode defined for component null
2026-09-06 14:19:11,400 [WARN] ModelIntegratedComponent:63 - No mode defined for component null
2026-09-06 14:19:11,400 [WARN] ModelIntegratedComponent:63 - No mode defined for component null
2026-09-06 14:19:11,400 [WARN] ModelIntegratedComponent:63 - No mode defined for component null
2026-09-06 14:19:11,400 [WARN] ModelIntegratedComponent:63 - No mode defined for component null
2026-09-06 14:19:11,400 [WARN] ModelIntegratedComponent:63 - No mode defined for component null
2026-09-06 14:19:11,400 [WARN] ModelIntegratedComponent:63 - No mode defined for component null
2026-09-06 14:19:11,400 [WARN] ModelIntegratedComponent:63 - No mode defined for component null
2026-09-06 14:19:11,400 [WARN] ModelIntegratedComponent:63 - No mode defined for component null
2026-09-06 14:19:11,400 [WARN] ModelIntegratedComponent:63 - No mode defined for component null
2026-09-06 14:19:11,400 [WARN] ModelIntegratedComponent:63 - No mode defined for component null
2026-09-06 14:19:11,400 [WARN] ModelIntegratedComponent:63 - No mode defined for component null
2026-09-06 14:19:11,400 [WARN] ModelIntegratedComponent:63 - No mode defined for component null
2026-09-06 14:19:11,400 [WARN] ModelIntegratedComponent:63 - No mode defined for component null
2026-09-06 14:19:11,401 [WARN] ModelPack:524 - Component already loaded: STMicroelectronics:HAL Drivers:0.0.0:STMicroelectronics:Device:STMicro_Driver:XSPI:HAL::0.0.1:HAL_XSPI
2026-09-06 14:19:11,575 [INFO] ThirdPartyModel:298 - Start build external matchings
2026-09-06 14:19:12,632 [INFO] ThirdPartyModel:316 - End build external matchings
2026-09-06 14:19:12,645 [INFO] ImportTextPane:205 - (OptionalMessage_ERROR) IP (RCC) : Invalid parameter (FamilyName)
2026-09-06 14:19:12,646 [INFO] ImportTextPane:205 - (OptionalMessage_ERROR) IP (RCC) : Parameter (MCO2PinFreq_Value) has invalid value (180000000)
2026-09-06 14:19:12,646 [INFO] ImportTextPane:205 - (OptionalMessage_ERROR) IP (RCC) : Parameter (SDIOFreq_Value) has invalid value (180000000)
2026-09-06 14:19:12,647 [INFO] ImportTextPane:205 - (OptionalMessage_ERROR) IP (RCC) : Parameter (USBFreq_Value) has invalid value (180000000)
2026-09-06 14:19:13,157 [INFO] UtilMem:75 - End LoadConfig() Used Memory: 878465128 Bytes (1073741824)
2026-09-06 14:19:13,244 [WARN] ThirdParty:833 - waiting for thirdparty lock release [change project]
2026-09-06 14:19:13,244 [INFO] ThirdParty:835 - entering critical section [change project]
2026-09-06 14:19:13,244 [INFO] ThirdParty:1030 - CMSIS Pack Vendor :STMicroelectronics X-CUBE-AZRTOS-H7 3.5.0
2026-09-06 14:19:13,244 [INFO] ThirdParty:1030 - CMSIS Pack Vendor :STMicroelectronics X-CUBE-PM33A1 1.0.0
2026-09-06 14:19:13,244 [INFO] ThirdParty:1030 - CMSIS Pack Vendor :STMicroelectronics USBPD 4.1
2026-09-06 14:19:13,244 [INFO] ThirdParty:1030 - CMSIS Pack Vendor :STMicroelectronics X-CUBE-AZRTOS-H7 3.3.0
2026-09-06 14:19:13,244 [INFO] ThirdParty:1030 - CMSIS Pack Vendor :STMicroelectronics X-CUBE-NFC9 1.0.0
2026-09-06 14:19:13,244 [INFO] ThirdParty:1030 - CMSIS Pack Vendor :STMicroelectronics USB_HOST 2.0.0
2026-09-06 14:19:13,244 [INFO] ThirdParty:1030 - CMSIS Pack Vendor :STMicroelectronics FP-SNS-MOTENVWB1 1.4.0
2026-09-06 14:19:13,244 [INFO] ThirdParty:1030 - CMSIS Pack Vendor :STMicroelectronics FP-ATR-ASTRA1 2.0.3
2026-09-06 14:19:13,244 [INFO] ThirdParty:1030 - CMSIS Pack Vendor :STMicroelectronics X-CUBE-AZRTOS-F4 1.1.0
2026-09-06 14:19:13,244 [INFO] ThirdParty:1030 - CMSIS Pack Vendor :STMicroelectronics LIBJPEG 8.0.0
2026-09-06 14:19:13,244 [INFO] ThirdParty:1030 - CMSIS Pack Vendor :STMicroelectronics FP-ATR-ASTRA1 2.0.2
2026-09-06 14:19:13,244 [INFO] ThirdParty:1030 - CMSIS Pack Vendor :STMicroelectronics X-CUBE-BLE1 7.1.0
2026-09-06 14:19:13,244 [INFO] ThirdParty:1030 - CMSIS Pack Vendor :STMicroelectronics X-CUBE-SMBUS 2.1.0
2026-09-06 14:19:13,245 [INFO] ThirdParty:1030 - CMSIS Pack Vendor :wolfSSL I-CUBE-wolfMQTT 1.19.2
2026-09-06 14:19:13,245 [INFO] ThirdParty:1030 - CMSIS Pack Vendor :STMicroelectronics USB_DEVICE 3.0.0
2026-09-06 14:19:13,245 [INFO] ThirdParty:1030 - CMSIS Pack Vendor :STMicroelectronics X-CUBE-ISPU 2.1.0
2026-09-06 14:19:13,245 [INFO] ThirdParty:1030 - CMSIS Pack Vendor :STMicroelectronics X-CUBE-EEPRMA1 5.2.0
2026-09-06 14:19:13,245 [INFO] ThirdParty:1030 - CMSIS Pack Vendor :STMicroelectronics X-CUBE-AZRTOS-WB 2.0.0
2026-09-06 14:19:13,245 [INFO] ThirdParty:1030 - CMSIS Pack Vendor :STMicroelectronics X-CUBE-GNSS1 7.0.1
2026-09-06 14:19:13,245 [INFO] ThirdParty:1030 - CMSIS Pack Vendor :STMicroelectronics X-CUBE-NFC12 1.0.0
2026-09-06 14:19:13,245 [INFO] ThirdParty:1030 - CMSIS Pack Vendor :STMicroelectronics X-CUBE-AZRTOS-F7 1.1.0
2026-09-06 14:19:13,245 [INFO] ThirdParty:1030 - CMSIS Pack Vendor :STMicroelectronics X-CUBE-AZRTOS-L5 2.0.0
2026-09-06 14:19:13,245 [INFO] ThirdParty:1030 - CMSIS Pack Vendor :STMicroelectronics X-CUBE-TOUCHGFX 4.25.0
2026-09-06 14:19:13,246 [INFO] ThirdParty:1030 - CMSIS Pack Vendor :STMicroelectronics USB_DEVICE 2.0.0
2026-09-06 14:19:13,246 [INFO] ThirdParty:1030 - CMSIS Pack Vendor :STMicroelectronics X-CUBE-NFC6 3.1.0
2026-09-06 14:19:13,246 [INFO] ThirdParty:1030 - CMSIS Pack Vendor :STMicroelectronics X-CUBE-AI 10.1.0
2026-09-06 14:19:13,246 [INFO] ThirdParty:1030 - CMSIS Pack Vendor :STMicroelectronics FP-SNS-STBOX1 2.0.0
2026-09-06 14:19:13,246 [INFO] ThirdParty:1030 - CMSIS Pack Vendor :STMicroelectronics X-CUBE-STSE01 2.0.0
2026-09-06 14:19:13,246 [INFO] ThirdParty:1030 - CMSIS Pack Vendor :STMicroelectronics X-CUBE-ALGOBUILD 1.5.0
2026-09-06 14:19:13,246 [INFO] ThirdParty:1030 - CMSIS Pack Vendor :STMicroelectronics FreeRTOS 0.0.1
2026-09-06 14:19:13,246 [INFO] ThirdParty:1030 - CMSIS Pack Vendor :STMicroelectronics X-CUBE-AZRTOS-H7RS 1.3.0
2026-09-06 14:19:13,246 [INFO] ThirdParty:1030 - CMSIS Pack Vendor :STMicroelectronics X-CUBE-AZRTOS-G0 1.1.0
2026-09-06 14:19:13,246 [INFO] ThirdParty:1030 - CMSIS Pack Vendor :STMicroelectronics X-CUBE-SAFEA1 1.2.2
2026-09-06 14:19:13,246 [INFO] ThirdParty:1030 - CMSIS Pack Vendor :STMicroelectronics X-CUBE-NFC4 3.0.0
2026-09-06 14:19:13,247 [INFO] ThirdParty:1030 - CMSIS Pack Vendor :STMicroelectronics X-CUBE-SUBG2 5.0.0
2026-09-06 14:19:13,247 [INFO] ThirdParty:1030 - CMSIS Pack Vendor :STMicroelectronics X-CUBE-AZRTOS-H7RS 1.1.0
2026-09-06 14:19:13,247 [INFO] ThirdParty:1030 - CMSIS Pack Vendor :STMicroelectronics STM32_WPAN 1.0.0
2026-09-06 14:19:13,247 [INFO] ThirdParty:1030 - CMSIS Pack Vendor :EmbeddedOffice I-CUBE-FS-RTOS 1.0.1
2026-09-06 14:19:13,247 [INFO] ThirdParty:1030 - CMSIS Pack Vendor :STMicroelectronics lwIP 2.0.3
2026-09-06 14:19:13,247 [INFO] ThirdParty:1030 - CMSIS Pack Vendor :STMicroelectronics X-CUBE-MEMS1 13.0.0
2026-09-06 14:19:13,247 [INFO] ThirdParty:1030 - CMSIS Pack Vendor :Cesanta I-CUBE-Mongoose 7.13.0
2026-09-06 14:19:13,247 [INFO] ThirdParty:1030 - CMSIS Pack Vendor :STMicroelectronics USB_HOST 1.0.0
2026-09-06 14:19:13,247 [INFO] ThirdParty:1030 - CMSIS Pack Vendor :Infineon AIROC-Wi-Fi-Bluetooth-STM32 1.7.0
2026-09-06 14:19:13,247 [INFO] ThirdParty:1030 - CMSIS Pack Vendor :STMicroelectronics X-CUBE-AZRTOS-G4 2.0.0
2026-09-06 14:19:13,247 [INFO] ThirdParty:1030 - CMSIS Pack Vendor :STMicroelectronics X-CUBE-WB05N 2.0.0
2026-09-06 14:19:13,247 [INFO] ThirdParty:1030 - CMSIS Pack Vendor :STMicroelectronics PDM2PCM 3.1.0
2026-09-06 14:19:13,247 [INFO] ThirdParty:1030 - CMSIS Pack Vendor :STMicroelectronics PDM2PCM 3.3.0
2026-09-06 14:19:13,247 [INFO] ThirdParty:1030 - CMSIS Pack Vendor :wolfSSL I-CUBE-wolfTPM 3.8.0
2026-09-06 14:19:13,247 [INFO] ThirdParty:1030 - CMSIS Pack Vendor :STMicroelectronics X-CUBE-DISPLAY 3.0.0
2026-09-06 14:19:13,247 [INFO] ThirdParty:1030 - CMSIS Pack Vendor :wolfSSL I-CUBE-wolfSSH 1.4.20
2026-09-06 14:19:13,247 [INFO] ThirdParty:1030 - CMSIS Pack Vendor :STMicroelectronics X-CUBE-NFC7 2.0.0
2026-09-06 14:19:13,247 [INFO] ThirdParty:1030 - CMSIS Pack Vendor :STMicroelectronics X-CUBE-GNSS1 7.1.1
2026-09-06 14:19:13,247 [INFO] ThirdParty:1030 - CMSIS Pack Vendor :RealThread X-CUBE-RT-Thread_Nano 4.1.1
2026-09-06 14:19:13,247 [INFO] ThirdParty:1030 - CMSIS Pack Vendor :STMicroelectronics FP-ATR-SIGFOX1 3.2.0
2026-09-06 14:19:13,247 [INFO] ThirdParty:1030 - CMSIS Pack Vendor :STMicroelectronics X-CUBE-NFC10 1.0.0
2026-09-06 14:19:13,247 [INFO] ThirdParty:1030 - CMSIS Pack Vendor :STMicroelectronics X-CUBE-BLEMGR 4.0.0
2026-09-06 14:19:13,247 [INFO] ThirdParty:1030 - CMSIS Pack Vendor :STMicroelectronics X-CUBE-EEPRMA1 5.1.0
2026-09-06 14:19:13,247 [INFO] ThirdParty:1030 - CMSIS Pack Vendor :STMicroelectronics X-CUBE-FREERTOS 1.3.1
2026-09-06 14:19:13,247 [INFO] ThirdParty:1030 - CMSIS Pack Vendor :STMicroelectronics HAL Drivers 0.0.0
2026-09-06 14:19:13,247 [INFO] ThirdParty:1030 - CMSIS Pack Vendor :STMicroelectronics MBEDTLS 2.16.2
2026-09-06 14:19:13,247 [INFO] ThirdParty:1030 - CMSIS Pack Vendor :STMicroelectronics X-CUBE-ALS 1.0.2
2026-09-06 14:19:13,247 [INFO] ThirdParty:1030 - CMSIS Pack Vendor :emotas I-CUBE-CANOPEN 1.3.0
2026-09-06 14:19:13,247 [INFO] ThirdParty:1030 - CMSIS Pack Vendor :STMicroelectronics MBEDTLS 2.14.1
2026-09-06 14:19:13,247 [INFO] ThirdParty:1030 - CMSIS Pack Vendor :ITTIA_DB I-CUBE-ITTIADB 8.9.0
2026-09-06 14:19:13,247 [INFO] ThirdParty:1030 - CMSIS Pack Vendor :STMicroelectronics X-CUBE-TOUCHGFX 4.26.1
2026-09-06 14:19:13,247 [INFO] ThirdParty:1030 - CMSIS Pack Vendor :portGmbH I-Cube-SoM-uGOAL 1.1.0
2026-09-06 14:19:13,247 [INFO] ThirdParty:1030 - CMSIS Pack Vendor :STMicroelectronics X-CUBE-NFC6 3.2.0
2026-09-06 14:19:13,247 [INFO] ThirdParty:1030 - CMSIS Pack Vendor :quantropi X-CUBE-qispace-sdk-base 2.0.0
2026-09-06 14:19:13,248 [INFO] ThirdParty:1030 - CMSIS Pack Vendor :STMicroelectronics X-CUBE-AI 10.2.1
2026-09-06 14:19:13,248 [INFO] ThirdParty:1030 - CMSIS Pack Vendor :STMicroelectronics ThreadX 1.0.0
2026-09-06 14:19:13,248 [INFO] ThirdParty:1030 - CMSIS Pack Vendor :STMicroelectronics FP-SNS-SMARTAG2 1.2.0
2026-09-06 14:19:13,248 [INFO] ThirdParty:1030 - CMSIS Pack Vendor :STMicroelectronics X-CUBE-AZRTOS-WL 2.0.0
2026-09-06 14:19:13,248 [INFO] ThirdParty:1030 - CMSIS Pack Vendor :SEGGER I-CUBE-embOS 1.3.1
2026-09-06 14:19:13,248 [INFO] ThirdParty:1030 - CMSIS Pack Vendor :STMicroelectronics X-CUBE-ALGOBUILD 1.4.0
2026-09-06 14:19:13,248 [INFO] ThirdParty:1030 - CMSIS Pack Vendor :STMicroelectronics X-CUBE-DPower 1.3.0
2026-09-06 14:19:13,248 [INFO] ThirdParty:1030 - CMSIS Pack Vendor :STMicroelectronics X-CUBE-MEMS1 11.3.0
2026-09-06 14:19:13,248 [INFO] ThirdParty:1030 - CMSIS Pack Vendor :STMicroelectronics FP-SNS-MOTENV1 5.0.0
2026-09-06 14:19:13,248 [INFO] ThirdParty:1030 - CMSIS Pack Vendor :STMicroelectronics USB_DEVICE 1.0.0
2026-09-06 14:19:13,248 [INFO] ThirdParty:1030 - CMSIS Pack Vendor :STMicroelectronics X-CUBE-AZRTOS-L4 2.0.0
2026-09-06 14:19:13,248 [INFO] ThirdParty:1030 - CMSIS Pack Vendor :STMicroelectronics ThreadX 0.0.2
2026-09-06 14:19:13,248 [INFO] ThirdParty:1030 - CMSIS Pack Vendor :WES I-CUBE-Cesium 1.3.0
2026-09-06 14:19:13,248 [INFO] ThirdParty:1030 - CMSIS Pack Vendor :STMicroelectronics lwIP 2.1.2
2026-09-06 14:19:13,248 [INFO] ThirdParty:1030 - CMSIS Pack Vendor :STMicroelectronics X-CUBE-SFXS2LP1 4.0.0
2026-09-06 14:19:13,248 [INFO] ThirdParty:1030 - CMSIS Pack Vendor :STMicroelectronics X-CUBE-BLE2 3.3.0
2026-09-06 14:19:13,248 [INFO] ThirdParty:1030 - CMSIS Pack Vendor :STMicroelectronics X-CUBE-NFC13 1.0.0
2026-09-06 14:19:13,248 [INFO] ThirdParty:1030 - CMSIS Pack Vendor :STMicroelectronics PDM2PCM 3.2.0
2026-09-06 14:19:13,248 [INFO] ThirdParty:1030 - CMSIS Pack Vendor :STMicroelectronics X-CUBE-WB05N 2.1.0
2026-09-06 14:19:13,248 [INFO] ThirdParty:841 - exiting critical section [change project]
2026-09-06 14:19:13,493 [INFO] PinOutPanel:1561 - setPackage(No Configuration,No Configuration)
2026-09-06 14:19:13,494 [INFO] PinOutPanel:1561 - setPackage(STM32F446RETx,LQFP64)
2026-09-06 14:19:13,931 [INFO] UtilMem:75 - Before build in PCC Used Memory: 878932136 Bytes (1073741824)
2026-09-06 14:19:14,227 [INFO] UtilMem:75 - After build in PCC Used Memory: 930312360 Bytes (1073741824)
2026-09-06 14:19:14,283 [INFO] IPUIPlugin:80 - create IPUIPlugin
2026-09-06 14:19:14,283 [INFO] IPUIPlugin:80 - create IPUIPlugin
2026-09-06 14:19:14,283 [INFO] IPUIPlugin:80 - create IPUIPlugin
2026-09-06 14:19:14,283 [INFO] IPUIPlugin:80 - create IPUIPlugin
2026-09-06 14:19:14,283 [INFO] IPUIPlugin:80 - create IPUIPlugin
2026-09-06 14:19:14,284 [INFO] IPUIPlugin:80 - create IPUIPlugin
2026-09-06 14:19:14,284 [INFO] IPUIPlugin:80 - create IPUIPlugin
2026-09-06 14:19:14,284 [INFO] IPUIPlugin:80 - create IPUIPlugin
2026-09-06 14:19:14,284 [INFO] IPUIPlugin:80 - create IPUIPlugin
2026-09-06 14:19:14,284 [INFO] IPUIPlugin:80 - create IPUIPlugin
2026-09-06 14:19:14,284 [INFO] IPUIPlugin:80 - create IPUIPlugin
2026-09-06 14:19:14,284 [INFO] IPUIPlugin:80 - create IPUIPlugin
2026-09-06 14:19:14,284 [INFO] IPUIPlugin:80 - create IPUIPlugin
2026-09-06 14:19:14,285 [INFO] IPUIPlugin:80 - create IPUIPlugin
2026-09-06 14:19:14,285 [INFO] IPUIPlugin:80 - create IPUIPlugin
2026-09-06 14:19:14,285 [INFO] IPUIPlugin:80 - create IPUIPlugin
2026-09-06 14:19:14,285 [INFO] IPUIPlugin:80 - create IPUIPlugin
2026-09-06 14:19:14,285 [INFO] IPUIPlugin:80 - create IPUIPlugin
2026-09-06 14:19:14,285 [INFO] IPUIPlugin:80 - create IPUIPlugin
2026-09-06 14:19:14,285 [INFO] IPUIPlugin:80 - create IPUIPlugin
2026-09-06 14:19:14,285 [INFO] IPUIPlugin:80 - create IPUIPlugin
2026-09-06 14:19:14,286 [INFO] IPUIPlugin:80 - create IPUIPlugin
2026-09-06 14:19:14,286 [INFO] IPUIPlugin:80 - create IPUIPlugin
2026-09-06 14:19:14,286 [INFO] IPUIPlugin:80 - create IPUIPlugin
2026-09-06 14:19:14,287 [INFO] IPUIPlugin:80 - create IPUIPlugin
2026-09-06 14:19:14,287 [INFO] IPUIPlugin:80 - create IPUIPlugin
2026-09-06 14:19:14,288 [INFO] IPUIPlugin:80 - create IPUIPlugin
2026-09-06 14:19:14,288 [INFO] IPUIPlugin:80 - create IPUIPlugin
2026-09-06 14:19:14,288 [INFO] IPUIPlugin:80 - create IPUIPlugin
2026-09-06 14:19:14,289 [INFO] IPUIPlugin:80 - create IPUIPlugin
2026-09-06 14:19:14,302 [INFO] IPUIPlugin:80 - create IPUIPlugin
2026-09-06 14:19:14,303 [INFO] IPUIPlugin:80 - create IPUIPlugin
2026-09-06 14:19:14,304 [INFO] IPUIPlugin:80 - create IPUIPlugin
2026-09-06 14:19:14,304 [INFO] IPUIPlugin:80 - create IPUIPlugin
2026-09-06 14:19:14,304 [INFO] IPUIPlugin:80 - create IPUIPlugin
2026-09-06 14:19:14,305 [INFO] IPUIPlugin:80 - create IPUIPlugin
2026-09-06 14:19:14,305 [INFO] IPUIPlugin:80 - create IPUIPlugin
2026-09-06 14:19:14,305 [INFO] IPUIPlugin:80 - create IPUIPlugin
2026-09-06 14:19:14,306 [INFO] IPUIPlugin:80 - create IPUIPlugin
2026-09-06 14:19:14,306 [INFO] IPUIPlugin:80 - create IPUIPlugin
2026-09-06 14:19:14,306 [INFO] IPUIPlugin:80 - create IPUIPlugin
2026-09-06 14:19:14,307 [INFO] IPUIPlugin:80 - create IPUIPlugin
2026-09-06 14:19:14,307 [INFO] IPUIPlugin:80 - create IPUIPlugin
2026-09-06 14:19:14,307 [INFO] IPUIPlugin:80 - create IPUIPlugin
2026-09-06 14:19:14,308 [INFO] IPUIPlugin:80 - create IPUIPlugin
2026-09-06 14:19:14,308 [INFO] IPUIPlugin:80 - create IPUIPlugin
2026-09-06 14:19:14,309 [INFO] IPUIPlugin:80 - create IPUIPlugin
2026-09-06 14:19:14,309 [INFO] IPUIPlugin:80 - create IPUIPlugin
2026-09-06 14:19:14,310 [INFO] IPUIPlugin:80 - create IPUIPlugin
2026-09-06 14:19:14,310 [INFO] IPUIPlugin:80 - create IPUIPlugin
2026-09-06 14:19:14,311 [INFO] IPUIPlugin:80 - create IPUIPlugin
2026-09-06 14:19:14,312 [INFO] IPUIPlugin:80 - create IPUIPlugin
2026-09-06 14:19:14,313 [INFO] IPUIPlugin:80 - create IPUIPlugin
2026-09-06 14:19:14,313 [INFO] IPUIPlugin:80 - create IPUIPlugin
2026-09-06 14:19:14,314 [INFO] IPUIPlugin:80 - create IPUIPlugin
2026-09-06 14:19:14,314 [INFO] IPUIPlugin:80 - create IPUIPlugin
2026-09-06 14:19:14,315 [INFO] IPUIPlugin:80 - create IPUIPlugin
2026-09-06 14:19:14,315 [INFO] IPUIPlugin:80 - create IPUIPlugin
2026-09-06 14:19:14,316 [INFO] IPUIPlugin:80 - create IPUIPlugin
2026-09-06 14:19:14,317 [INFO] IPUIPlugin:80 - create IPUIPlugin
2026-09-06 14:19:14,323 [INFO] ApiDbMcu:508 - Load IP Config File for PDM2PCM
2026-09-06 14:19:14,357 [INFO] CADModel:165 - CPN selected for project levelSTM32F446RET6
2026-09-06 14:19:14,357 [INFO] CADModel:114 - Register for checkConnection events
2026-09-06 14:19:14,423 [INFO] OpenFileManager:363 - Restore cursor
2026-09-06 14:40:35,972 [INFO] UtilMem:75 - End SaveConfig() Used Memory: 771694984 Bytes (1073741824)
2026-09-06 14:40:38,405 [INFO] UtilMem:75 - End SaveConfig() Used Memory: 808395144 Bytes (1073741824)
2026-09-06 14:40:43,006 [INFO] UtilMem:75 - End SaveConfig() Used Memory: 895953288 Bytes (1073741824)
2026-09-06 14:40:43,198 [INFO] BlockDiagram:2766 - set Specific Code input for plugin: SYS
2026-09-06 14:40:43,198 [INFO] BlockDiagram:2766 - set Specific Code input for plugin: RCC
2026-09-06 14:40:43,198 [INFO] BlockDiagram:2766 - set Specific Code input for plugin: NVIC
2026-09-06 14:40:43,198 [INFO] BlockDiagram:2766 - set Specific Code input for plugin: GPIO
2026-09-06 14:40:43,199 [INFO] CodeGenerator:807 - code generatio: config db path: D:\ST\STM32CubeIDE_1.16.0\STM32CubeIDE\plugins\com.st.stm32cube.common.mx_6.12.0.202406281431\\db\
2026-09-06 14:40:43,333 [INFO] CodeEngine:255 - oldGeneratedFile, D:\Neeraj_STM32_Projects\basics\MXTmpFiles\license.tmp_save
2026-09-06 14:40:43,485 [INFO] CodeEngine:279 - Generated code: D:\Neeraj_STM32_Projects\basics\MXTmpFiles\license.tmp
2026-09-06 14:40:43,542 [INFO] CodeEngine:255 - oldGeneratedFile, D:\Neeraj_STM32_Projects\basics\MXTmpFiles\gpio.tmp_save
2026-09-06 14:40:43,719 [INFO] CodeEngine:279 - Generated code: D:\Neeraj_STM32_Projects\basics\MXTmpFiles\gpio.tmp
2026-09-06 14:40:43,762 [INFO] CodeEngine:255 - oldGeneratedFile, D:\Neeraj_STM32_Projects\basics\Core\Src\stm32f4xx_it.c_save
2026-09-06 14:40:43,995 [INFO] CodeEngine:279 - Generated code: D:\Neeraj_STM32_Projects\basics\Core\Src\stm32f4xx_it.c
2026-09-06 14:40:44,002 [INFO] CodeEngine:255 - oldGeneratedFile, D:\Neeraj_STM32_Projects\basics\Core\Inc\stm32f4xx_it.h_save
2026-09-06 14:40:44,104 [INFO] CodeEngine:279 - Generated code: D:\Neeraj_STM32_Projects\basics\Core\Inc\stm32f4xx_it.h
2026-09-06 14:40:44,129 [INFO] CodeEngine:255 - oldGeneratedFile, D:\Neeraj_STM32_Projects\basics\Core\Src\stm32f4xx_hal_msp.c_save
2026-09-06 14:40:44,278 [INFO] CodeEngine:279 - Generated code: D:\Neeraj_STM32_Projects\basics\Core\Src\stm32f4xx_hal_msp.c
2026-09-06 14:40:44,283 [INFO] CodeEngine:255 - oldGeneratedFile, D:\Neeraj_STM32_Projects\basics\MXTmpFiles\system.tmp_save
2026-09-06 14:40:44,374 [INFO] CodeEngine:279 - Generated code: D:\Neeraj_STM32_Projects\basics\MXTmpFiles\system.tmp
2026-09-06 14:40:44,401 [INFO] CodeEngine:311 - oldGeneratedFile, D:\Neeraj_STM32_Projects\basics\Core\Inc\stm32f4xx_hal_conf.h_save
2026-09-06 14:40:44,544 [INFO] CodeEngine:335 - Generated code: D:\Neeraj_STM32_Projects\basics\Core\Inc\stm32f4xx_hal_conf.h
2026-09-06 14:40:44,590 [WARN] IPConfigManager:3005 - Warning: the RefConfig PLL2P_FOR_MCO is not available in your config.xml file
2026-09-06 14:40:44,623 [INFO] CodeEngine:255 - oldGeneratedFile, D:\Neeraj_STM32_Projects\basics\Core\Inc\main.h_save
2026-09-06 14:40:44,793 [INFO] CodeEngine:279 - Generated code: D:\Neeraj_STM32_Projects\basics\Core\Inc\main.h
2026-09-06 14:40:44,813 [INFO] CodeEngine:255 - oldGeneratedFile, D:\Neeraj_STM32_Projects\basics\Core\Src\main.c_save
2026-09-06 14:40:44,988 [INFO] CodeEngine:279 - Generated code: D:\Neeraj_STM32_Projects\basics\Core\Src\main.c
2026-09-06 14:40:45,526 [INFO] ProjectBuilder:3249 - Time for Copy HAL[1] : 292mS.
2026-09-06 14:40:45,532 [INFO] ProjectBuilder:4828 - Project Generator version: 4.4.0-B60
2026-09-06 14:40:45,663 [INFO] ConfigFileManager:1531 - The Die is : DIE421
2026-09-06 14:40:45,667 [INFO] ApiDbMcu:508 - Load IP Config File for FATFS
2026-09-06 14:40:45,672 [INFO] ApiDbMcu:508 - Load IP Config File for FREERTOS
2026-09-06 14:40:45,676 [INFO] ApiDbMcu:508 - Load IP Config File for LIBJPEG
2026-09-06 14:40:45,682 [INFO] ApiDbMcu:508 - Load IP Config File for MBEDTLS
2026-09-06 14:40:45,694 [INFO] ApiDbMcu:508 - Load IP Config File for USB_DEVICE
2026-09-06 14:40:45,699 [INFO] ApiDbMcu:508 - Load IP Config File for USB_HOST
2026-09-06 14:40:46,953 [INFO] ProjectBuilder:5097 - Time for Generating toolchain IDE Files: 1421mS.
2026-09-06 14:40:46,955 [INFO] ProjectBuilder:3107 - Time for Copy CMSIS : 1mS.
2026-09-06 14:40:46,958 [INFO] ProjectBuilder:3107 - Time for Copy CMSIS : 0mS.
2026-09-06 15:37:30,454 [INFO] WebApp:189 - Connection lost
2026-09-06 15:38:07,437 [INFO] WebApp:186 - Connection restablished
2026-09-06 20:16:05,572 [INFO] WebApp:189 - Connection lost
2026-09-06 20:16:05,828 [INFO] WebApp:186 - Connection restablished
2026-09-06 21:05:49,551 [INFO] WebApp:189 - Connection lost
2026-09-06 21:05:50,224 [INFO] WebApp:186 - Connection restablished
2026-09-06 21:09:01,528 [ERROR] LogOutputStream:75 - [STDERR_REDIRECT] 
2026-09-06 21:09:01,529 [ERROR] LogOutputStream:75 - [STDERR_REDIRECT] 
