2026-09-05 10:29:37,831 [INFO] WebApp:189 - Connection lost
2026-09-05 10:32:00,800 [INFO] WebApp:186 - Connection restablished
2026-09-05 10:34:30,987 [INFO] WebApp:189 - Connection lost
2026-09-05 10:34:31,304 [INFO] WebApp:186 - Connection restablished
2026-09-05 10:36:31,486 [INFO] WebApp:189 - Connection lost
2026-09-05 10:36:31,830 [INFO] WebApp:186 - Connection restablished
2026-09-05 10:37:25,986 [INFO] WebApp:189 - Connection lost
2026-09-05 10:37:26,316 [INFO] WebApp:186 - Connection restablished
2026-09-05 10:37:40,991 [INFO] WebApp:189 - Connection lost
2026-09-05 10:37:41,247 [INFO] WebApp:186 - Connection restablished
2026-09-05 10:38:07,015 [INFO] WebApp:189 - Connection lost
2026-09-05 10:38:09,396 [INFO] WebApp:186 - Connection restablished
2026-09-05 10:38:13,977 [INFO] WebApp:189 - Connection lost
2026-09-05 10:38:14,230 [INFO] WebApp:186 - Connection restablished
2026-09-05 10:39:06,512 [INFO] WebApp:189 - Connection lost
2026-09-05 10:39:06,801 [INFO] WebApp:186 - Connection restablished
2026-09-05 10:40:27,992 [INFO] WebApp:189 - Connection lost
2026-09-05 10:40:28,269 [INFO] WebApp:186 - Connection restablished
2026-09-05 10:41:41,988 [INFO] WebApp:189 - Connection lost
2026-09-05 10:41:42,286 [INFO] WebApp:186 - Connection restablished
2026-09-05 10:42:21,516 [INFO] WebApp:189 - Connection lost
2026-09-05 10:42:22,006 [INFO] WebApp:186 - Connection restablished
2026-09-05 10:43:26,996 [INFO] WebApp:189 - Connection lost
2026-09-05 10:43:27,319 [INFO] WebApp:186 - Connection restablished
2026-09-05 10:43:58,483 [INFO] WebApp:189 - Connection lost
2026-09-05 10:43:59,119 [INFO] WebApp:186 - Connection restablished
2026-09-05 10:44:28,473 [INFO] WebApp:189 - Connection lost
2026-09-05 10:44:28,830 [INFO] WebApp:186 - Connection restablished
2026-09-05 10:45:01,473 [INFO] WebApp:189 - Connection lost
2026-09-05 10:45:01,971 [INFO] WebApp:186 - Connection restablished
2026-09-05 10:45:37,997 [INFO] WebApp:189 - Connection lost
2026-09-05 10:45:38,683 [INFO] WebApp:186 - Connection restablished
2026-09-05 10:46:42,491 [INFO] WebApp:189 - Connection lost
2026-09-05 10:46:42,843 [INFO] WebApp:186 - Connection restablished
2026-09-05 10:46:51,002 [INFO] WebApp:189 - Connection lost
2026-09-05 10:46:51,252 [INFO] WebApp:186 - Connection restablished
2026-09-05 10:47:08,997 [INFO] WebApp:189 - Connection lost
2026-09-05 10:47:09,240 [INFO] WebApp:186 - Connection restablished
2026-09-05 10:47:43,494 [INFO] WebApp:189 - Connection lost
2026-09-05 10:47:43,772 [INFO] WebApp:186 - Connection restablished
2026-09-05 10:48:46,000 [INFO] WebApp:189 - Connection lost
2026-09-05 10:48:46,289 [INFO] WebApp:186 - Connection restablished
2026-09-05 10:50:08,501 [INFO] WebApp:189 - Connection lost
2026-09-05 10:50:08,871 [INFO] WebApp:186 - Connection restablished
2026-09-05 10:51:59,478 [INFO] WebApp:189 - Connection lost
2026-09-05 10:51:59,722 [INFO] WebApp:186 - Connection restablished
2026-09-05 10:52:48,498 [INFO] WebApp:189 - Connection lost
2026-09-05 10:52:48,766 [INFO] WebApp:186 - Connection restablished
2026-09-05 10:53:37,486 [INFO] WebApp:189 - Connection lost
2026-09-05 10:53:37,752 [INFO] WebApp:186 - Connection restablished
2026-09-05 10:54:09,493 [INFO] WebApp:189 - Connection lost
2026-09-05 10:54:10,990 [INFO] WebApp:186 - Connection restablished
2026-09-05 10:54:26,988 [INFO] WebApp:189 - Connection lost
2026-09-05 10:54:27,308 [INFO] WebApp:186 - Connection restablished
2026-09-05 10:55:11,488 [INFO] WebApp:189 - Connection lost
2026-09-05 10:55:11,927 [INFO] WebApp:186 - Connection restablished
2026-09-05 10:55:27,993 [INFO] WebApp:189 - Connection lost
2026-09-05 10:55:28,270 [INFO] WebApp:186 - Connection restablished
2026-09-05 10:55:45,982 [INFO] WebApp:189 - Connection lost
2026-09-05 10:55:46,227 [INFO] WebApp:186 - Connection restablished
2026-09-05 10:56:38,980 [INFO] WebApp:189 - Connection lost
2026-09-05 10:56:39,271 [INFO] WebApp:186 - Connection restablished
2026-09-05 10:57:47,992 [INFO] WebApp:189 - Connection lost
2026-09-05 10:57:48,430 [INFO] WebApp:186 - Connection restablished
2026-09-05 10:58:17,485 [INFO] WebApp:189 - Connection lost
2026-09-05 10:58:17,730 [INFO] WebApp:186 - Connection restablished
2026-09-05 10:59:37,476 [INFO] WebApp:189 - Connection lost
2026-09-05 10:59:37,775 [INFO] WebApp:186 - Connection restablished
2026-09-05 11:01:35,473 [INFO] WebApp:189 - Connection lost
2026-09-05 11:01:35,791 [INFO] WebApp:186 - Connection restablished
2026-09-05 11:02:17,503 [INFO] WebApp:189 - Connection lost
2026-09-05 11:02:17,806 [INFO] WebApp:186 - Connection restablished
2026-09-05 11:02:37,489 [INFO] WebApp:189 - Connection lost
2026-09-05 11:02:37,708 [INFO] WebApp:186 - Connection restablished
2026-09-05 11:02:57,478 [INFO] WebApp:189 - Connection lost
2026-09-05 11:02:57,738 [INFO] WebApp:186 - Connection restablished
2026-09-05 11:03:43,992 [INFO] WebApp:189 - Connection lost
2026-09-05 11:03:44,340 [INFO] WebApp:186 - Connection restablished
2026-09-05 11:04:17,479 [INFO] WebApp:189 - Connection lost
2026-09-05 11:04:17,937 [INFO] WebApp:186 - Connection restablished
2026-09-05 11:04:37,001 [INFO] WebApp:189 - Connection lost
2026-09-05 11:04:37,227 [INFO] WebApp:186 - Connection restablished
2026-09-05 11:04:55,006 [INFO] WebApp:189 - Connection lost
2026-09-05 11:04:55,387 [INFO] WebApp:186 - Connection restablished
2026-09-05 11:05:29,494 [INFO] WebApp:189 - Connection lost
2026-09-05 11:05:29,844 [INFO] WebApp:186 - Connection restablished
2026-09-05 11:06:33,486 [INFO] WebApp:189 - Connection lost
2026-09-05 11:06:33,893 [INFO] WebApp:186 - Connection restablished
2026-09-05 11:07:47,487 [INFO] WebApp:189 - Connection lost
2026-09-05 11:07:47,858 [INFO] WebApp:186 - Connection restablished
2026-09-05 11:08:24,989 [INFO] WebApp:189 - Connection lost
2026-09-05 11:08:25,347 [INFO] WebApp:186 - Connection restablished
2026-09-05 11:08:42,978 [INFO] WebApp:189 - Connection lost
2026-09-05 11:08:43,216 [INFO] WebApp:186 - Connection restablished
2026-09-05 11:09:01,998 [INFO] WebApp:189 - Connection lost
2026-09-05 11:09:02,289 [INFO] WebApp:186 - Connection restablished
2026-09-05 11:09:27,500 [INFO] WebApp:189 - Connection lost
2026-09-05 11:09:27,895 [INFO] WebApp:186 - Connection restablished
2026-09-05 11:10:04,996 [INFO] WebApp:189 - Connection lost
2026-09-05 11:10:05,547 [INFO] WebApp:186 - Connection restablished
2026-09-05 11:10:13,486 [INFO] WebApp:189 - Connection lost
2026-09-05 11:10:13,746 [INFO] WebApp:186 - Connection restablished
2026-09-05 11:10:46,991 [INFO] WebApp:189 - Connection lost
2026-09-05 11:10:47,437 [INFO] WebApp:186 - Connection restablished
2026-09-05 11:12:49,002 [INFO] WebApp:189 - Connection lost
2026-09-05 11:12:49,454 [INFO] WebApp:186 - Connection restablished
2026-09-05 11:14:18,492 [INFO] WebApp:189 - Connection lost
2026-09-05 11:14:18,841 [INFO] WebApp:186 - Connection restablished
2026-09-05 11:15:15,489 [INFO] WebApp:189 - Connection lost
2026-09-05 11:15:15,935 [INFO] WebApp:186 - Connection restablished
2026-09-05 11:15:47,507 [INFO] WebApp:189 - Connection lost
2026-09-05 11:15:47,802 [INFO] WebApp:186 - Connection restablished
2026-09-05 11:18:17,503 [INFO] WebApp:189 - Connection lost
2026-09-05 11:18:17,830 [INFO] WebApp:186 - Connection restablished
2026-09-05 11:18:46,496 [INFO] WebApp:189 - Connection lost
2026-09-05 11:18:46,872 [INFO] WebApp:186 - Connection restablished
2026-09-05 11:19:36,490 [INFO] WebApp:189 - Connection lost
2026-09-05 11:19:36,860 [INFO] WebApp:186 - Connection restablished
2026-09-05 11:19:56,473 [INFO] WebApp:189 - Connection lost
2026-09-05 11:19:56,734 [INFO] WebApp:186 - Connection restablished
2026-09-05 11:20:36,482 [INFO] WebApp:189 - Connection lost
2026-09-05 11:20:36,791 [INFO] WebApp:186 - Connection restablished
2026-09-05 11:22:15,990 [INFO] WebApp:189 - Connection lost
2026-09-05 11:22:16,362 [INFO] WebApp:186 - Connection restablished
2026-09-05 11:22:52,472 [INFO] WebApp:189 - Connection lost
2026-09-05 11:22:52,769 [INFO] WebApp:186 - Connection restablished
2026-09-05 11:23:18,491 [INFO] WebApp:189 - Connection lost
2026-09-05 11:23:18,722 [INFO] WebApp:186 - Connection restablished
2026-09-05 11:23:47,492 [INFO] WebApp:189 - Connection lost
2026-09-05 11:23:47,724 [INFO] WebApp:186 - Connection restablished
2026-09-05 11:24:21,994 [INFO] WebApp:189 - Connection lost
2026-09-05 11:24:22,786 [INFO] WebApp:186 - Connection restablished
2026-09-05 11:24:59,503 [INFO] WebApp:189 - Connection lost
2026-09-05 11:24:59,849 [INFO] WebApp:186 - Connection restablished
2026-09-05 11:26:17,494 [INFO] WebApp:189 - Connection lost
2026-09-05 11:26:17,803 [INFO] WebApp:186 - Connection restablished
2026-09-05 11:26:37,493 [INFO] WebApp:189 - Connection lost
2026-09-05 11:26:37,727 [INFO] WebApp:186 - Connection restablished
2026-09-05 11:26:51,979 [INFO] WebApp:189 - Connection lost
2026-09-05 11:26:52,232 [INFO] WebApp:186 - Connection restablished
2026-09-05 11:27:27,995 [INFO] WebApp:189 - Connection lost
2026-09-05 11:27:28,312 [INFO] WebApp:186 - Connection restablished
2026-09-05 11:28:06,984 [INFO] WebApp:189 - Connection lost
2026-09-05 11:28:07,415 [INFO] WebApp:186 - Connection restablished
2026-09-05 11:28:57,504 [INFO] WebApp:189 - Connection lost
2026-09-05 11:28:57,781 [INFO] WebApp:186 - Connection restablished
2026-09-05 11:29:35,985 [INFO] WebApp:189 - Connection lost
2026-09-05 11:29:36,343 [INFO] WebApp:186 - Connection restablished
2026-09-05 11:32:33,493 [INFO] WebApp:189 - Connection lost
2026-09-05 11:32:33,786 [INFO] WebApp:186 - Connection restablished
2026-09-05 11:33:05,999 [INFO] WebApp:189 - Connection lost
2026-09-05 11:33:06,354 [INFO] WebApp:186 - Connection restablished
2026-09-05 11:34:03,996 [INFO] WebApp:189 - Connection lost
2026-09-05 11:34:04,277 [INFO] WebApp:186 - Connection restablished
2026-09-05 11:34:16,992 [INFO] WebApp:189 - Connection lost
2026-09-05 11:34:17,247 [INFO] WebApp:186 - Connection restablished
2026-09-05 11:35:47,001 [INFO] WebApp:189 - Connection lost
2026-09-05 11:35:47,309 [INFO] WebApp:186 - Connection restablished
2026-09-05 11:36:16,497 [INFO] WebApp:189 - Connection lost
2026-09-05 11:36:17,058 [INFO] WebApp:186 - Connection restablished
2026-09-05 11:37:12,012 [INFO] WebApp:189 - Connection lost
2026-09-05 11:37:12,364 [INFO] WebApp:186 - Connection restablished
2026-09-05 11:37:54,495 [INFO] WebApp:189 - Connection lost
2026-09-05 11:37:54,802 [INFO] WebApp:186 - Connection restablished
2026-09-05 11:39:04,989 [INFO] WebApp:189 - Connection lost
2026-09-05 11:39:05,603 [INFO] WebApp:186 - Connection restablished
2026-09-05 11:39:28,000 [INFO] WebApp:189 - Connection lost
2026-09-05 11:39:28,220 [INFO] WebApp:186 - Connection restablished
2026-09-05 11:40:07,002 [INFO] WebApp:189 - Connection lost
2026-09-05 11:40:07,460 [INFO] WebApp:186 - Connection restablished
2026-09-05 11:40:42,491 [INFO] WebApp:189 - Connection lost
2026-09-05 11:40:42,814 [INFO] WebApp:186 - Connection restablished
2026-09-05 14:22:26,963 [INFO] Activator:176 - 


2026-09-05 14:22:26,967 [INFO] Activator:177 - !SESSION log4j initialized
2026-09-05 14:22:31,012 [INFO] ApplicationProperties:184 - Using Application install path: D:\ST\STM32CubeIDE_1.16.0\STM32CubeIDE\plugins\com.st.stm32cube.common.mx_6.12.0.202406281431
2026-09-05 14:22:31,038 [INFO] DbMcusXml:78 - Set database path to: D:\ST\STM32CubeIDE_1.16.0\STM32CubeIDE\plugins\com.st.stm32cube.common.mx_6.12.0.202406281431\\db\/mcu/
2026-09-05 14:22:31,038 [INFO] ApiDb:274 - Set plugin database path to: D:\ST\STM32CubeIDE_1.16.0\STM32CubeIDE\plugins\com.st.stm32cube.common.mx_6.12.0.202406281431\\db\/plugins/boardmanager/
2026-09-05 14:22:31,039 [WARN] ApiDb:259 - Overriding images path with different value:  => D:\ST\STM32CubeIDE_1.16.0\STM32CubeIDE\plugins\com.st.stm32cube.common.mx_6.12.0.202406281431\\db\/plugins/mcufinder/images/
2026-09-05 14:22:31,049 [INFO] ApiDb:250 - Set database path to: C:\Users\user\.stmcufinder\plugins\mcufinder//mcu/
2026-09-05 14:22:31,050 [INFO] DbMcusAds:125 - Set database path to: C:\Users\user\.stmcufinder\plugins\mcufinder//mcu/
2026-09-05 14:22:31,295 [INFO] CrossReferenceDbSqlite:203 - Set database path to: C:\Users\user\.stmcufinder\plugins\mcufinder//mcu/cs/
2026-09-05 14:22:31,446 [INFO] RulesReader:64 - Compatibility file has been processed (297 Rules)
2026-09-05 14:22:31,598 [INFO] DbMcusXml:78 - Set database path to: D:\ST\STM32CubeIDE_1.16.0\STM32CubeIDE\plugins\com.st.stm32cube.common.mx_6.12.0.202406281431\\db\/mcu/
2026-09-05 14:22:31,598 [INFO] ApiDb:274 - Set plugin database path to: D:\ST\STM32CubeIDE_1.16.0\STM32CubeIDE\plugins\com.st.stm32cube.common.mx_6.12.0.202406281431\\db\/plugins/boardmanager/
2026-09-05 14:22:31,598 [INFO] ApiDb:261 - Set plugin images path to: D:\ST\STM32CubeIDE_1.16.0\STM32CubeIDE\plugins\com.st.stm32cube.common.mx_6.12.0.202406281431\\db\/plugins/mcufinder/images/
2026-09-05 14:22:31,599 [WARN] DbFile:41 - Overriding database path with different value: C:\Users\user\.stmcufinder\plugins\mcufinder/ => C:\Users\user\.stmcufinder\plugins\mcufinder
2026-09-05 14:22:31,599 [INFO] ApiDb:250 - Set database path to: C:\Users\user\.stmcufinder\plugins\mcufinder//mcu/
2026-09-05 14:22:31,599 [WARN] DbFile:41 - Overriding database path with different value: C:\Users\user\.stmcufinder\plugins\mcufinder/ => C:\Users\user\.stmcufinder\plugins\mcufinder
2026-09-05 14:22:31,599 [INFO] DbMcusAds:125 - Set database path to: C:\Users\user\.stmcufinder\plugins\mcufinder//mcu/
2026-09-05 14:22:31,599 [WARN] DbFile:41 - Overriding database path with different value: C:\Users\user\.stmcufinder\plugins\mcufinder/ => C:\Users\user\.stmcufinder\plugins\mcufinder
2026-09-05 14:22:31,599 [WARN] DbFile:41 - Overriding database path with different value: C:\Users\user\.stmcufinder\plugins\mcufinder/ => C:\Users\user\.stmcufinder\plugins\mcufinder
2026-09-05 14:22:31,599 [INFO] CrossReferenceDbSqlite:203 - Set database path to: C:\Users\user\.stmcufinder\plugins\mcufinder//mcu/cs/
2026-09-05 14:22:31,735 [INFO] MainPanel:268 - HeapMemory: 268435456
2026-09-05 14:22:32,050 [INFO] DbMcusXml:78 - Set database path to: D:\ST\STM32CubeIDE_1.16.0\STM32CubeIDE\plugins\com.st.stm32cube.common.mx_6.12.0.202406281431\\db\/mcu/
2026-09-05 14:22:32,050 [INFO] ApiDb:274 - Set plugin database path to: D:\ST\STM32CubeIDE_1.16.0\STM32CubeIDE\plugins\com.st.stm32cube.common.mx_6.12.0.202406281431\\db\/plugins/boardmanager/
2026-09-05 14:22:32,050 [INFO] ApiDb:261 - Set plugin images path to: D:\ST\STM32CubeIDE_1.16.0\STM32CubeIDE\plugins\com.st.stm32cube.common.mx_6.12.0.202406281431\\db\/plugins/mcufinder/images/
2026-09-05 14:22:32,051 [WARN] DbFile:41 - Overriding database path with different value: C:\Users\user\.stmcufinder\plugins\mcufinder/ => C:\Users\user\.stmcufinder\plugins\mcufinder
2026-09-05 14:22:32,051 [INFO] ApiDb:250 - Set database path to: C:\Users\user\.stmcufinder\plugins\mcufinder//mcu/
2026-09-05 14:22:32,051 [WARN] DbFile:41 - Overriding database path with different value: C:\Users\user\.stmcufinder\plugins\mcufinder/ => C:\Users\user\.stmcufinder\plugins\mcufinder
2026-09-05 14:22:32,051 [INFO] DbMcusAds:125 - Set database path to: C:\Users\user\.stmcufinder\plugins\mcufinder//mcu/
2026-09-05 14:22:32,051 [WARN] DbFile:41 - Overriding database path with different value: C:\Users\user\.stmcufinder\plugins\mcufinder/ => C:\Users\user\.stmcufinder\plugins\mcufinder
2026-09-05 14:22:32,051 [WARN] DbFile:41 - Overriding database path with different value: C:\Users\user\.stmcufinder\plugins\mcufinder/ => C:\Users\user\.stmcufinder\plugins\mcufinder
2026-09-05 14:22:32,051 [INFO] CrossReferenceDbSqlite:203 - Set database path to: C:\Users\user\.stmcufinder\plugins\mcufinder//mcu/cs/
2026-09-05 14:22:32,085 [INFO] ApplicationProperties:184 - Using Application install path: D:\ST\STM32CubeIDE_1.16.0\STM32CubeIDE\plugins\com.st.stm32cube.common.mx_6.12.0.202406281431
2026-09-05 14:22:32,087 [INFO] PluginManage:196 - Search for loadable plugins [exclusion list=, ]
2026-09-05 14:22:32,089 [INFO] PluginManage:310 - Check plugin analytics
2026-09-05 14:22:32,680 [INFO] AnalyticsPlugin:253 - Accepted Software Licenses: 
2026-09-05 14:22:32,681 [INFO] AnalyticsPlugin:255 - Accepted CMSIS Pack Licenses: 
2026-09-05 14:22:32,683 [INFO] AnalyticsPlugin:257 - Accepted Firmware Licenses: FW.L4.1.18.0,FW.F4.1.28.0
2026-09-05 14:22:32,689 [INFO] PluginManage:359 - Loaded plugin analytics (category:tool,tabindex:-1)
2026-09-05 14:22:32,690 [INFO] PluginManage:310 - Check plugin cadmodel
2026-09-05 14:22:32,722 [INFO] CADModel:105 - Init CAD model plugin
2026-09-05 14:22:32,722 [INFO] PluginManage:359 - Loaded plugin cadmodel (category:power,tabindex:5)
2026-09-05 14:22:32,723 [INFO] PluginManage:310 - Check plugin clock
2026-09-05 14:22:32,759 [INFO] PluginManage:359 - Loaded plugin clock (category:base,tabindex:2)
2026-09-05 14:22:32,760 [INFO] PluginManage:310 - Check plugin ddr
2026-09-05 14:22:32,766 [INFO] PluginManage:359 - Loaded plugin ddr (category:tool,tabindex:6)
2026-09-05 14:22:32,766 [INFO] PluginManage:310 - Check plugin filemanager
2026-09-05 14:22:33,026 [INFO] PluginManage:359 - Loaded plugin filemanager (category:base,tabindex:10)
2026-09-05 14:22:33,028 [INFO] PluginManage:310 - Check plugin ipmanager
2026-09-05 14:22:33,041 [INFO] PluginManage:359 - Loaded plugin ipmanager (category:base,tabindex:5)
2026-09-05 14:22:33,041 [INFO] PluginManage:310 - Check plugin lpbam
2026-09-05 14:22:33,068 [INFO] PluginManage:359 - Loaded plugin lpbam (category:base,tabindex:0)
2026-09-05 14:22:33,069 [INFO] PluginManage:310 - Check plugin memorymap
2026-09-05 14:22:33,107 [INFO] PluginManage:359 - Loaded plugin memorymap (category:base,tabindex:4)
2026-09-05 14:22:33,108 [INFO] PluginManage:310 - Check plugin pinoutandconfiguration
2026-09-05 14:22:33,136 [INFO] PluginManage:359 - Loaded plugin pinoutandconfiguration (category:base,tabindex:1)
2026-09-05 14:22:33,136 [INFO] PluginManage:310 - Check plugin pinoutconfig
2026-09-05 14:22:33,314 [WARN] SupportedApi:132 - Cannot load RTOS API schema: s4s-elt-must-match.1: The content of 'definitions' must match (annotation?, (simpleType | complexType)?, (unique | key | keyref)*)). A problem was found starting at: attribute.
2026-09-05 14:22:33,537 [INFO] PluginManage:359 - Loaded plugin pinoutconfig (category:base,tabindex:0)
2026-09-05 14:22:33,538 [INFO] PluginManage:310 - Check plugin power
2026-09-05 14:22:33,572 [INFO] PluginManage:359 - Loaded plugin power (category:power,tabindex:4)
2026-09-05 14:22:33,572 [INFO] PluginManage:310 - Check plugin projectmanager
2026-09-05 14:22:33,600 [INFO] PluginManage:359 - Loaded plugin projectmanager (category:projectmanager,tabindex:4)
2026-09-05 14:22:33,600 [INFO] PluginManage:310 - Check plugin rif
2026-09-05 14:22:33,625 [INFO] PluginManage:359 - Loaded plugin rif (category:base,tabindex:3)
2026-09-05 14:22:33,625 [INFO] PluginManage:310 - Check plugin thirdparty
2026-09-05 14:22:34,135 [WARN] IntegrityCheckThread:84 - waiting for thirdparty lock release [integrity check]
2026-09-05 14:22:34,135 [INFO] IntegrityCheckThread:86 - entering critical section [integrity check]
2026-09-05 14:22:34,135 [INFO] PluginManage:359 - Loaded plugin thirdparty (category:base,tabindex:-1)
2026-09-05 14:22:34,136 [INFO] PluginManage:310 - Check plugin tools
2026-09-05 14:22:34,136 [INFO] ThirdPartyUpdaterWithRetryManager:70 - Updater plugin not ready yet. [1/15]
2026-09-05 14:22:34,212 [INFO] PluginManage:359 - Loaded plugin tools (category:base,tabindex:7)
2026-09-05 14:22:34,212 [INFO] PluginManage:310 - Check plugin tutovideos
2026-09-05 14:22:34,549 [INFO] PluginManage:359 - Loaded plugin tutovideos (category:base,tabindex:-1)
2026-09-05 14:22:34,549 [INFO] PluginManage:310 - Check plugin updater
2026-09-05 14:22:34,577 [INFO] PluginManage:359 - Loaded plugin updater (category:base,tabindex:12)
2026-09-05 14:22:34,578 [INFO] PluginManage:310 - Check plugin userauth
2026-09-05 14:22:34,585 [INFO] UserAuth:113 - Init User Auth plugin
2026-09-05 14:22:34,585 [INFO] PluginManage:359 - Loaded plugin userauth (category:base,tabindex:14)
2026-09-05 14:22:34,587 [INFO] PluginManage:283 - PluginManage : Loaded plugins [18]
2026-09-05 14:22:34,999 [INFO] PinOutPanel:1561 - setPackage(No Configuration,No Configuration)
2026-09-05 14:22:35,154 [INFO] CADModel:165 - CPN selected for project level
2026-09-05 14:22:35,155 [INFO] CADModel:114 - Register for checkConnection events
2026-09-05 14:22:35,193 [INFO] IPUIPlugin:80 - create IPUIPlugin
2026-09-05 14:22:35,194 [INFO] PluginManager:220 - loadIPPluginJar : add adc
2026-09-05 14:22:35,252 [INFO] IPUIPlugin:80 - create IPUIPlugin
2026-09-05 14:22:35,252 [INFO] PluginManager:220 - loadIPPluginJar : add aes
2026-09-05 14:22:35,319 [INFO] IPUIPlugin:80 - create IPUIPlugin
2026-09-05 14:22:35,320 [INFO] PluginManager:220 - loadIPPluginJar : add can
2026-09-05 14:22:35,354 [INFO] IPUIPlugin:80 - create IPUIPlugin
2026-09-05 14:22:35,354 [INFO] PluginManager:220 - loadIPPluginJar : add comp
2026-09-05 14:22:35,404 [INFO] IPUIPlugin:80 - create IPUIPlugin
2026-09-05 14:22:35,404 [INFO] PluginManager:220 - loadIPPluginJar : add cryp
2026-09-05 14:22:35,426 [INFO] IPUIPlugin:80 - create IPUIPlugin
2026-09-05 14:22:35,427 [INFO] PluginManager:220 - loadIPPluginJar : add ddr_ctrl_phy
2026-09-05 14:22:35,472 [INFO] IPUIPlugin:80 - create IPUIPlugin
2026-09-05 14:22:35,473 [INFO] PluginManager:220 - loadIPPluginJar : add dfsdm
2026-09-05 14:22:35,492 [INFO] IPUIPlugin:80 - create IPUIPlugin
2026-09-05 14:22:35,493 [INFO] PluginManager:220 - loadIPPluginJar : add dma
2026-09-05 14:22:35,559 [INFO] IPUIPlugin:80 - create IPUIPlugin
2026-09-05 14:22:35,559 [INFO] PluginManager:220 - loadIPPluginJar : add dma3
2026-09-05 14:22:35,632 [INFO] IPUIPlugin:80 - create IPUIPlugin
2026-09-05 14:22:35,632 [INFO] PluginManager:220 - loadIPPluginJar : add extmemmanager
2026-09-05 14:22:35,666 [INFO] IPUIPlugin:80 - create IPUIPlugin
2026-09-05 14:22:35,667 [INFO] PluginManager:220 - loadIPPluginJar : add fatfs
2026-09-05 14:22:35,746 [INFO] IPUIPlugin:80 - create IPUIPlugin
2026-09-05 14:22:35,746 [INFO] PluginManager:220 - loadIPPluginJar : add fmc
2026-09-05 14:22:35,771 [INFO] IPUIPlugin:80 - create IPUIPlugin
2026-09-05 14:22:35,771 [INFO] PluginManager:220 - loadIPPluginJar : add freertos
2026-09-05 14:22:35,803 [INFO] IPUIPlugin:80 - create IPUIPlugin
2026-09-05 14:22:35,803 [INFO] PluginManager:220 - loadIPPluginJar : add genericplugin
2026-09-05 14:22:35,953 [INFO] IPUIPlugin:80 - create IPUIPlugin
2026-09-05 14:22:35,954 [INFO] PluginManager:220 - loadIPPluginJar : add gfxmmu
2026-09-05 14:22:36,168 [INFO] IPUIPlugin:80 - create IPUIPlugin
2026-09-05 14:22:36,168 [INFO] PluginManager:220 - loadIPPluginJar : add gic
2026-09-05 14:22:36,195 [INFO] IPUIPlugin:80 - create IPUIPlugin
2026-09-05 14:22:36,197 [INFO] PluginManager:220 - loadIPPluginJar : add gpio
2026-09-05 14:22:36,346 [INFO] IPUIPlugin:80 - create IPUIPlugin
2026-09-05 14:22:36,346 [INFO] PluginManager:220 - loadIPPluginJar : add gtzc
2026-09-05 14:22:36,405 [INFO] IPUIPlugin:80 - create IPUIPlugin
2026-09-05 14:22:36,406 [INFO] PluginManager:220 - loadIPPluginJar : add hash
2026-09-05 14:22:36,490 [INFO] IPUIPlugin:80 - create IPUIPlugin
2026-09-05 14:22:36,490 [INFO] PluginManager:220 - loadIPPluginJar : add i2c
2026-09-05 14:22:36,551 [INFO] IPUIPlugin:80 - create IPUIPlugin
2026-09-05 14:22:36,552 [INFO] PluginManager:220 - loadIPPluginJar : add i2s
2026-09-05 14:22:36,618 [INFO] IPUIPlugin:80 - create IPUIPlugin
2026-09-05 14:22:36,618 [INFO] PluginManager:220 - loadIPPluginJar : add i3c
2026-09-05 14:22:36,794 [INFO] IPUIPlugin:80 - create IPUIPlugin
2026-09-05 14:22:36,794 [INFO] PluginManager:220 - loadIPPluginJar : add ipddr
2026-09-05 14:22:36,951 [INFO] IPUIPlugin:80 - create IPUIPlugin
2026-09-05 14:22:36,952 [INFO] PluginManager:220 - loadIPPluginJar : add linkedlist
2026-09-05 14:22:37,010 [INFO] IPUIPlugin:80 - create IPUIPlugin
2026-09-05 14:22:37,011 [INFO] PluginManager:220 - loadIPPluginJar : add lorawan
2026-09-05 14:22:37,068 [INFO] IPUIPlugin:80 - create IPUIPlugin
2026-09-05 14:22:37,068 [INFO] PluginManager:220 - loadIPPluginJar : add ltdc
2026-09-05 14:22:37,090 [INFO] IPUIPlugin:80 - create IPUIPlugin
2026-09-05 14:22:37,090 [INFO] PluginManager:220 - loadIPPluginJar : add mdma
2026-09-05 14:22:37,110 [INFO] IPUIPlugin:80 - create IPUIPlugin
2026-09-05 14:22:37,110 [INFO] PluginManager:220 - loadIPPluginJar : add nvic
2026-09-05 14:22:37,145 [INFO] ThirdPartyUpdaterWithRetryManager:70 - Updater plugin not ready yet. [2/15]
2026-09-05 14:22:37,168 [INFO] IPUIPlugin:80 - create IPUIPlugin
2026-09-05 14:22:37,169 [INFO] PluginManager:220 - loadIPPluginJar : add opamp
2026-09-05 14:22:37,269 [INFO] IPUIPlugin:80 - create IPUIPlugin
2026-09-05 14:22:37,269 [INFO] PluginManager:220 - loadIPPluginJar : add openamp
2026-09-05 14:22:37,337 [INFO] IPUIPlugin:80 - create IPUIPlugin
2026-09-05 14:22:37,337 [INFO] PluginManager:220 - loadIPPluginJar : add pdm2pcm
2026-09-05 14:22:37,359 [INFO] IPUIPlugin:80 - create IPUIPlugin
2026-09-05 14:22:37,362 [INFO] PluginManager:220 - loadIPPluginJar : add plateformsettings
2026-09-05 14:22:37,396 [INFO] IPUIPlugin:80 - create IPUIPlugin
2026-09-05 14:22:37,396 [INFO] PluginManager:220 - loadIPPluginJar : add quadspi
2026-09-05 14:22:37,434 [INFO] IPUIPlugin:80 - create IPUIPlugin
2026-09-05 14:22:37,437 [INFO] PluginManager:220 - loadIPPluginJar : add radio
2026-09-05 14:22:37,454 [INFO] IPUIPlugin:80 - create IPUIPlugin
2026-09-05 14:22:37,454 [INFO] PluginManager:220 - loadIPPluginJar : add resmgrutility
2026-09-05 14:22:37,525 [INFO] IPUIPlugin:80 - create IPUIPlugin
2026-09-05 14:22:37,525 [INFO] PluginManager:220 - loadIPPluginJar : add sai
2026-09-05 14:22:37,579 [INFO] IPUIPlugin:80 - create IPUIPlugin
2026-09-05 14:22:37,580 [INFO] PluginManager:220 - loadIPPluginJar : add spi
2026-09-05 14:22:37,680 [INFO] IPUIPlugin:80 - create IPUIPlugin
2026-09-05 14:22:37,680 [INFO] PluginManager:220 - loadIPPluginJar : add stm32_wpan
2026-09-05 14:22:37,715 [INFO] IPUIPlugin:80 - create IPUIPlugin
2026-09-05 14:22:37,715 [INFO] PluginManager:220 - loadIPPluginJar : add tim
2026-09-05 14:22:37,800 [INFO] IPUIPlugin:80 - create IPUIPlugin
2026-09-05 14:22:37,800 [INFO] PluginManager:220 - loadIPPluginJar : add touchsensing
2026-09-05 14:22:37,830 [INFO] IPUIPlugin:80 - create IPUIPlugin
2026-09-05 14:22:37,830 [INFO] PluginManager:220 - loadIPPluginJar : add tracer_emb
2026-09-05 14:22:37,862 [INFO] IPUIPlugin:80 - create IPUIPlugin
2026-09-05 14:22:37,862 [INFO] PluginManager:220 - loadIPPluginJar : add ts
2026-09-05 14:22:37,890 [INFO] IPUIPlugin:80 - create IPUIPlugin
2026-09-05 14:22:37,890 [INFO] PluginManager:220 - loadIPPluginJar : add tsc
2026-09-05 14:22:37,919 [INFO] IPUIPlugin:80 - create IPUIPlugin
2026-09-05 14:22:37,919 [INFO] PluginManager:220 - loadIPPluginJar : add ucpd
2026-09-05 14:22:37,977 [INFO] IPUIPlugin:80 - create IPUIPlugin
2026-09-05 14:22:37,977 [INFO] PluginManager:220 - loadIPPluginJar : add usart
2026-09-05 14:22:38,034 [INFO] IPUIPlugin:80 - create IPUIPlugin
2026-09-05 14:22:38,034 [INFO] PluginManager:220 - loadIPPluginJar : add usbx
2026-09-05 14:22:38,192 [INFO] CADModel:165 - CPN selected for project level
2026-09-05 14:22:38,192 [INFO] CADModel:114 - Register for checkConnection events
2026-09-05 14:22:38,192 [FATAL] Updater:334 - Updater called before beeing initialized
2026-09-05 14:22:38,193 [ERROR] CADModel:125 - Updater not yet initialized, retry later 
2026-09-05 14:22:38,395 [INFO] CADModel:165 - CPN selected for project level
2026-09-05 14:22:38,395 [INFO] CADModel:114 - Register for checkConnection events
2026-09-05 14:22:38,395 [FATAL] Updater:334 - Updater called before beeing initialized
2026-09-05 14:22:38,395 [ERROR] CADModel:125 - Updater not yet initialized, retry later 
2026-09-05 14:22:38,399 [FATAL] Updater:334 - Updater called before beeing initialized
2026-09-05 14:22:38,553 [FATAL] Updater:334 - Updater called before beeing initialized
2026-09-05 14:22:38,566 [INFO] DbMcusAds:53 - JSON generation date=Wed Jul 15 15:14:54 IST 2026 (1784108694001)
2026-09-05 14:22:38,566 [FATAL] Updater:334 - Updater called before beeing initialized
2026-09-05 14:22:38,666 [WARN] DetailPanel:346 - Failed to get advertising image, set to default
2026-09-05 14:22:38,765 [FATAL] Updater:334 - Updater called before beeing initialized
2026-09-05 14:22:38,769 [FATAL] Updater:334 - Updater called before beeing initialized
2026-09-05 14:22:38,769 [FATAL] Updater:334 - Updater called before beeing initialized
2026-09-05 14:22:38,769 [WARN] DetailPanel:346 - Failed to get advertising image, set to default
2026-09-05 14:22:38,771 [FATAL] Updater:334 - Updater called before beeing initialized
2026-09-05 14:22:38,855 [ERROR] Updater:1164 - MainUpdater not yet initialized. External WinMGr cannot be set.
2026-09-05 14:22:38,871 [INFO] Updater:1100 - Updater Version found : 6.12.0
2026-09-05 14:22:38,893 [INFO] ApplicationProperties:184 - Using Application install path: D:\ST\STM32CubeIDE_1.16.0\STM32CubeIDE\plugins\com.st.stm32cube.common.mx_6.12.0.202406281431
2026-09-05 14:22:40,147 [INFO] ThirdPartyUpdaterWithRetryManager:70 - Updater plugin not ready yet. [3/15]
2026-09-05 14:22:40,546 [ERROR] LogOutputStream:75 - [STDERR_REDIRECT] Sep 05, 2026 2:22:40 PM java.util.prefs.WindowsPreferences <init>
2026-09-05 14:22:40,550 [ERROR] LogOutputStream:75 - [STDERR_REDIRECT] WARNING: Could not open/create prefs root node Software\JavaSoft\Prefs at root 0xffffffff80000002. Windows RegCreateKeyEx(...) returned error code 5.
2026-09-05 14:22:40,550 [ERROR] LogOutputStream:75 - [STDERR_REDIRECT] 
2026-09-05 14:22:41,515 [INFO] MainUpdater:2873 - connection check result : 10
2026-09-05 14:22:41,517 [INFO] MainUpdater:290 - Updater Check For Update Now.
2026-09-05 14:22:41,517 [INFO] MicroXplorer:498 - Change Database Version : DB.6.0.120
2026-09-05 14:22:41,839 [INFO] CheckServerUpdateThread:120 - End of CheckServer Thread
2026-09-05 14:22:42,036 [INFO] MainUpdater:2873 - connection check result : 10
2026-09-05 14:22:42,049 [INFO] MainUpdater:2873 - connection check result : 10
2026-09-05 14:22:42,599 [INFO] RulesReader:64 - Compatibility file has been processed (297 Rules)
2026-09-05 14:22:42,626 [INFO] RulesReader:64 - Compatibility file has been processed (297 Rules)
2026-09-05 14:22:42,641 [INFO] MicroXplorer:468 - Change Database Path : 
2026-09-05 14:22:42,642 [INFO] MicroXplorer:498 - Change Database Version : DB.6.0.120
2026-09-05 14:22:42,671 [WARN] ThirdParty:871 - waiting for thirdparty lock release [close project]
2026-09-05 14:22:43,827 [WARN] PackLoader:240 - Cannot read IP mode file for STMicroelectronics.X-CUBE-AZRTOS-H7.3.5.0
2026-09-05 14:22:43,864 [WARN] PackLoader:240 - Cannot read IP mode file for STMicroelectronics.FP-SNS-MOTENVWB1.1.4.0
2026-09-05 14:22:43,892 [WARN] PackLoader:240 - Cannot read IP mode file for STMicroelectronics.FP-ATR-ASTRA1.2.0.3
2026-09-05 14:22:43,914 [WARN] PackLoader:240 - Cannot read IP mode file for STMicroelectronics.FP-ATR-ASTRA1.2.0.2
2026-09-05 14:22:43,937 [ERROR] Engine:466 - C:\Users\user\.stm32cubemx\thirdparties\pdsc\STMicroelectronics.X-CUBE-SMBUS.2.1.1.pdsc: PDSC version is not supported
2026-09-05 14:22:43,957 [WARN] PackLoader:240 - Cannot read IP mode file for STMicroelectronics.X-CUBE-SMBUS.2.1.0
2026-09-05 14:22:43,973 [ERROR] Engine:466 - C:\Users\user\.stm32cubemx\thirdparties\pdsc\STMicroelectronics.X-CUBE-ST60.1.0.0.pdsc: PDSC version is not supported
2026-09-05 14:22:44,065 [WARN] PackLoader:240 - Cannot read IP mode file for STMicroelectronics.X-CUBE-AZRTOS-F7.1.1.0
2026-09-05 14:22:44,112 [ERROR] Engine:466 - C:\Users\user\.stm32cubemx\thirdparties\pdsc\STMicroelectronics.X-CUBE-FREERTOS.1.6.0.pdsc: PDSC version is not supported
2026-09-05 14:22:44,128 [ERROR] Engine:466 - C:\Users\user\.stm32cubemx\thirdparties\pdsc\STMicroelectronics.FP-SNS-MOTENV1.5.1.0.pdsc: PDSC version is not supported
2026-09-05 14:22:44,190 [WARN] PackLoader:240 - Cannot read IP mode file for STMicroelectronics.X-CUBE-AZRTOS-H7RS.1.3.0
2026-09-05 14:22:44,261 [WARN] PackLoader:240 - Cannot read IP mode file for Infineon.AIROC-Wi-Fi-Bluetooth-STM32.1.7.0
2026-09-05 14:22:44,299 [WARN] PackLoader:240 - Cannot read IP mode file for STMicroelectronics.X-CUBE-DISPLAY.3.0.0
2026-09-05 14:22:44,332 [WARN] PackLoader:240 - Cannot read IP mode file for STMicroelectronics.X-CUBE-GNSS1.7.1.1
2026-09-05 14:22:44,357 [ERROR] Engine:466 - C:\Users\user\.stm32cubemx\thirdparties\pdsc\STMicroelectronics.FP-SNS-MOTENVWB1.1.5.0.pdsc: PDSC version is not supported
2026-09-05 14:22:44,382 [WARN] PackLoader:240 - Cannot read IP mode file for STMicroelectronics.X-CUBE-NFC10.1.0.0
2026-09-05 14:22:44,418 [WARN] PackLoader:240 - Cannot read IP mode file for STMicroelectronics.X-CUBE-BLEMGR.4.0.0
2026-09-05 14:22:44,441 [ERROR] Engine:466 - C:\Users\user\.stm32cubemx\thirdparties\pdsc\STMicroelectronics.X-CUBE-ST60.1.1.0.pdsc: PDSC version is not supported
2026-09-05 14:22:44,462 [WARN] PackLoader:240 - Cannot read IP mode file for emotas.I-CUBE-CANOPEN.1.3.0
2026-09-05 14:22:44,480 [ERROR] Engine:466 - C:\Users\user\.stm32cubemx\thirdparties\pdsc\STMicroelectronics.X-CUBE-WBA.1.1.0.pdsc: PDSC version is not supported
2026-09-05 14:22:44,500 [WARN] ConditionMgr:438 - getConditionDescription Invalid condition id : Cortex-A Device cause : null
2026-09-05 14:22:44,529 [WARN] ConditionMgr:1039 - genDependencies : Invalid condition id : Cortex-A Device cause : null
2026-09-05 14:22:44,529 [WARN] ConditionMgr:1039 - genDependencies : Invalid condition id : Cortex-A Device cause : null
2026-09-05 14:22:44,529 [WARN] ConditionMgr:1039 - genDependencies : Invalid condition id : Cortex-A Device cause : null
2026-09-05 14:22:44,548 [ERROR] Engine:466 - C:\Users\user\.stm32cubemx\thirdparties\pdsc\STMicroelectronics.FP-SNS-STBOX1.2.1.0.pdsc: PDSC version is not supported
2026-09-05 14:22:44,570 [WARN] PackLoader:240 - Cannot read IP mode file for STMicroelectronics.FP-SNS-SMARTAG2.1.2.0
2026-09-05 14:22:44,594 [ERROR] Engine:466 - C:\Users\user\.stm32cubemx\thirdparties\pdsc\STMicroelectronics.FP-SNS-FLIGHT1.5.1.0.pdsc: PDSC version is not supported
2026-09-05 14:22:44,642 [INFO] LogOutputStream:77 - [STDOUT_REDIRECT] 1 : Invalid condition id : UX_CORESTACK_Condition cause : null
2026-09-05 14:22:44,644 [INFO] LogOutputStream:77 - [STDOUT_REDIRECT] 1 : Invalid condition id : UX_CORESTACK_Condition cause : null
2026-09-05 14:22:44,646 [INFO] LogOutputStream:77 - [STDOUT_REDIRECT] 1 : Invalid condition id : UX_CORESTACK_Condition cause : null
2026-09-05 14:22:44,647 [INFO] LogOutputStream:77 - [STDOUT_REDIRECT] 1 : Invalid condition id : UX_CORESTACK_Condition cause : null
2026-09-05 14:22:44,650 [INFO] LogOutputStream:77 - [STDOUT_REDIRECT] 1 : Invalid condition id : UX_CORESTACK_Condition cause : null
2026-09-05 14:22:44,655 [WARN] PackLoader:240 - Cannot read IP mode file for STMicroelectronics.X-CUBE-AZRTOS-WL.2.0.0
2026-09-05 14:22:44,680 [WARN] PackLoader:240 - Cannot read IP mode file for STMicroelectronics.FP-SNS-MOTENV1.5.0.0
2026-09-05 14:22:44,712 [WARN] PackLoader:240 - Cannot read IP mode file for WES.I-CUBE-Cesium.1.3.0
2026-09-05 14:22:44,738 [WARN] PackLoader:240 - Cannot read IP mode file for STMicroelectronics.X-CUBE-BLE2.3.3.0
2026-09-05 14:22:44,758 [ERROR] Engine:466 - C:\Users\user\.stm32cubemx\thirdparties\pdsc\Avnet-IOTCONNECT.X-CUBE-iotc-st67-sdk.1.0.0.pdsc: PDSC version is not supported
2026-09-05 14:22:44,782 [WARN] PackLoader:240 - Cannot read IP mode file for STMicroelectronics.X-CUBE-NFC9.1.0.0
2026-09-05 14:22:44,810 [WARN] PackLoader:240 - Cannot read IP mode file for STMicroelectronics.X-CUBE-BLE1.7.1.0
2026-09-05 14:22:44,839 [WARN] PackLoader:240 - Cannot read IP mode file for wolfSSL.I-CUBE-wolfMQTT.1.19.2
2026-09-05 14:22:44,867 [WARN] PackLoader:240 - Cannot read IP mode file for STMicroelectronics.X-CUBE-EEPRMA1.5.2.0
2026-09-05 14:22:44,891 [WARN] PackLoader:240 - Cannot read IP mode file for STMicroelectronics.X-CUBE-AI.10.1.0
2026-09-05 14:22:44,933 [WARN] PackLoader:240 - Cannot read IP mode file for STMicroelectronics.X-CUBE-AZRTOS-G0.1.1.0
2026-09-05 14:22:44,961 [WARN] PackLoader:240 - Cannot read IP mode file for STMicroelectronics.X-CUBE-SAFEA1.1.2.2
2026-09-05 14:22:44,989 [WARN] PackLoader:240 - Cannot read IP mode file for STMicroelectronics.X-CUBE-NFC4.3.0.0
2026-09-05 14:22:45,017 [WARN] PackLoader:240 - Cannot read IP mode file for EmbeddedOffice.I-CUBE-FS-RTOS.1.0.1
2026-09-05 14:22:45,018 [ERROR] ConditionMgr:805 - Attr not supported : Dmpu
2026-09-05 14:22:45,018 [ERROR] ConditionMgr:805 - Attr not supported : Dmpu
2026-09-05 14:22:45,018 [ERROR] ConditionMgr:805 - Attr not supported : Dmpu
2026-09-05 14:22:45,018 [ERROR] ConditionMgr:805 - Attr not supported : Dmpu
2026-09-05 14:22:45,018 [ERROR] ConditionMgr:805 - Attr not supported : Dmpu
2026-09-05 14:22:45,019 [ERROR] ConditionMgr:805 - Attr not supported : Dmpu
2026-09-05 14:22:45,019 [ERROR] ConditionMgr:805 - Attr not supported : Dmpu
2026-09-05 14:22:45,019 [ERROR] ConditionMgr:805 - Attr not supported : Dmpu
2026-09-05 14:22:45,019 [ERROR] ConditionMgr:805 - Attr not supported : Dmpu
2026-09-05 14:22:45,020 [ERROR] ConditionMgr:805 - Attr not supported : Dmpu
2026-09-05 14:22:45,020 [ERROR] ConditionMgr:805 - Attr not supported : Dmpu
2026-09-05 14:22:45,020 [ERROR] ConditionMgr:805 - Attr not supported : Dmpu
2026-09-05 14:22:45,020 [ERROR] ConditionMgr:805 - Attr not supported : Dmpu
2026-09-05 14:22:45,020 [ERROR] ConditionMgr:805 - Attr not supported : Dmpu
2026-09-05 14:22:45,020 [ERROR] ConditionMgr:805 - Attr not supported : Dmpu
2026-09-05 14:22:45,020 [ERROR] ConditionMgr:805 - Attr not supported : Dmpu
2026-09-05 14:22:45,020 [ERROR] ConditionMgr:805 - Attr not supported : Dmpu
2026-09-05 14:22:45,020 [ERROR] ConditionMgr:805 - Attr not supported : Dmpu
2026-09-05 14:22:45,021 [ERROR] ConditionMgr:805 - Attr not supported : Dmpu
2026-09-05 14:22:45,021 [ERROR] ConditionMgr:805 - Attr not supported : Dmpu
2026-09-05 14:22:45,021 [ERROR] ConditionMgr:805 - Attr not supported : Dmpu
2026-09-05 14:22:45,021 [ERROR] ConditionMgr:805 - Attr not supported : Dmpu
2026-09-05 14:22:45,021 [ERROR] ConditionMgr:805 - Attr not supported : Dmpu
2026-09-05 14:22:45,021 [ERROR] ConditionMgr:805 - Attr not supported : Dmpu
2026-09-05 14:22:45,021 [ERROR] ConditionMgr:805 - Attr not supported : Dmpu
2026-09-05 14:22:45,021 [ERROR] ConditionMgr:805 - Attr not supported : Dmpu
2026-09-05 14:22:45,021 [ERROR] ConditionMgr:805 - Attr not supported : Dmpu
2026-09-05 14:22:45,021 [ERROR] ConditionMgr:805 - Attr not supported : Dmpu
2026-09-05 14:22:45,021 [ERROR] ConditionMgr:805 - Attr not supported : Dmpu
2026-09-05 14:22:45,021 [ERROR] ConditionMgr:805 - Attr not supported : Dmpu
2026-09-05 14:22:45,022 [ERROR] ConditionMgr:805 - Attr not supported : Dmpu
2026-09-05 14:22:45,022 [ERROR] ConditionMgr:805 - Attr not supported : Dmpu
2026-09-05 14:22:45,022 [ERROR] ConditionMgr:805 - Attr not supported : Dmpu
2026-09-05 14:22:45,022 [ERROR] ConditionMgr:805 - Attr not supported : Dmpu
2026-09-05 14:22:45,022 [ERROR] ConditionMgr:805 - Attr not supported : Dmpu
2026-09-05 14:22:45,022 [ERROR] ConditionMgr:805 - Attr not supported : Dmpu
2026-09-05 14:22:45,022 [ERROR] ConditionMgr:805 - Attr not supported : Dmpu
2026-09-05 14:22:45,022 [ERROR] ConditionMgr:805 - Attr not supported : Dmpu
2026-09-05 14:22:45,022 [ERROR] ConditionMgr:805 - Attr not supported : Dmpu
2026-09-05 14:22:45,022 [ERROR] ConditionMgr:805 - Attr not supported : Dmpu
2026-09-05 14:22:45,022 [ERROR] ConditionMgr:805 - Attr not supported : Dmpu
2026-09-05 14:22:45,023 [ERROR] ConditionMgr:805 - Attr not supported : Dmpu
2026-09-05 14:22:45,023 [ERROR] ConditionMgr:805 - Attr not supported : Dmpu
2026-09-05 14:22:45,023 [ERROR] ConditionMgr:805 - Attr not supported : Dmpu
2026-09-05 14:22:45,023 [ERROR] ConditionMgr:805 - Attr not supported : Dmpu
2026-09-05 14:22:45,023 [ERROR] ConditionMgr:805 - Attr not supported : Dmpu
2026-09-05 14:22:45,023 [ERROR] ConditionMgr:805 - Attr not supported : Dmpu
2026-09-05 14:22:45,023 [ERROR] ConditionMgr:805 - Attr not supported : Dmpu
2026-09-05 14:22:45,023 [ERROR] ConditionMgr:805 - Attr not supported : Dmpu
2026-09-05 14:22:45,023 [ERROR] ConditionMgr:805 - Attr not supported : Dmpu
2026-09-05 14:22:45,023 [ERROR] ConditionMgr:805 - Attr not supported : Dmpu
2026-09-05 14:22:45,023 [ERROR] ConditionMgr:805 - Attr not supported : Dmpu
2026-09-05 14:22:45,024 [ERROR] ConditionMgr:805 - Attr not supported : Dmpu
2026-09-05 14:22:45,024 [ERROR] ConditionMgr:805 - Attr not supported : Dmpu
2026-09-05 14:22:45,024 [ERROR] ConditionMgr:805 - Attr not supported : Dmpu
2026-09-05 14:22:45,024 [ERROR] ConditionMgr:805 - Attr not supported : Dmpu
2026-09-05 14:22:45,024 [ERROR] ConditionMgr:805 - Attr not supported : Dmpu
2026-09-05 14:22:45,024 [ERROR] ConditionMgr:805 - Attr not supported : Dmpu
2026-09-05 14:22:45,024 [ERROR] ConditionMgr:805 - Attr not supported : Dmpu
2026-09-05 14:22:45,024 [ERROR] ConditionMgr:805 - Attr not supported : Dmpu
2026-09-05 14:22:45,024 [ERROR] ConditionMgr:805 - Attr not supported : Dmpu
2026-09-05 14:22:45,024 [ERROR] ConditionMgr:805 - Attr not supported : Dmpu
2026-09-05 14:22:45,024 [ERROR] ConditionMgr:805 - Attr not supported : Dmpu
2026-09-05 14:22:45,025 [ERROR] ConditionMgr:805 - Attr not supported : Dmpu
2026-09-05 14:22:45,048 [WARN] PackLoader:240 - Cannot read IP mode file for STMicroelectronics.X-CUBE-WB05N.2.0.0
2026-09-05 14:22:45,069 [WARN] PackLoader:240 - Cannot read IP mode file for wolfSSL.I-CUBE-wolfTPM.3.8.0
2026-09-05 14:22:45,088 [ERROR] Engine:466 - C:\Users\user\.stm32cubemx\thirdparties\pdsc\STMicroelectronics.X-CUBE-TCPP.4.2.0.pdsc: PDSC version is not supported
2026-09-05 14:22:45,115 [WARN] PackLoader:240 - Cannot read IP mode file for RealThread.X-CUBE-RT-Thread_Nano.4.1.1
2026-09-05 14:22:45,132 [WARN] PackLoader:240 - Cannot read IP mode file for STMicroelectronics.FP-ATR-SIGFOX1.3.2.0
2026-09-05 14:22:45,152 [WARN] PackLoader:240 - Cannot read IP mode file for STMicroelectronics.X-CUBE-EEPRMA1.5.1.0
2026-09-05 14:22:45,174 [WARN] PackLoader:240 - Cannot read IP mode file for ITTIA_DB.I-CUBE-ITTIADB.8.9.0
2026-09-05 14:22:45,194 [WARN] PackLoader:240 - Cannot read IP mode file for STMicroelectronics.X-CUBE-NFC6.3.2.0
2026-09-05 14:22:45,214 [ERROR] Engine:466 - C:\Users\user\.stm32cubemx\thirdparties\pdsc\STMicroelectronics.X-CUBE-ST67W61.1.0.0.pdsc: PDSC version is not supported
2026-09-05 14:22:45,232 [WARN] PackLoader:240 - Cannot read IP mode file for STMicroelectronics.X-CUBE-AI.10.2.1
2026-09-05 14:22:45,277 [WARN] PackLoader:240 - Cannot read IP mode file for SEGGER.I-CUBE-embOS.1.3.1
2026-09-05 14:22:45,359 [WARN] PackLoader:240 - Cannot read IP mode file for STMicroelectronics.X-CUBE-ALGOBUILD.1.4.0
2026-09-05 14:22:45,431 [WARN] PackLoader:240 - Cannot read IP mode file for STMicroelectronics.X-CUBE-MEMS1.11.3.0
2026-09-05 14:22:45,586 [ERROR] Engine:466 - C:\Users\user\.stm32cubemx\thirdparties\pdsc\STMicroelectronics.FP-SNS-STAIOTCFT.2.0.0.pdsc: PDSC version is not supported
2026-09-05 14:22:45,609 [WARN] PackLoader:240 - Cannot read IP mode file for STMicroelectronics.X-CUBE-NFC13.1.0.0
2026-09-05 14:22:45,629 [WARN] PackLoader:240 - Cannot read IP mode file for STMicroelectronics.X-CUBE-PM33A1.1.0.0
2026-09-05 14:22:45,675 [WARN] PackLoader:240 - Cannot read IP mode file for STMicroelectronics.X-CUBE-AZRTOS-F4.1.1.0
2026-09-05 14:22:45,698 [ERROR] Engine:466 - C:\Users\user\.stm32cubemx\thirdparties\pdsc\Avnet-IotConnect.X-CUBE-IoTC-DA16k-PMOD.1.0.0.pdsc: PDSC version is not supported
2026-09-05 14:22:45,719 [WARN] PackLoader:240 - Cannot read IP mode file for STMicroelectronics.X-CUBE-ISPU.2.1.0
2026-09-05 14:22:45,742 [ERROR] Engine:466 - C:\Users\user\.stm32cubemx\thirdparties\pdsc\STMicroelectronics.X-CUBE-IPS.3.2.0.pdsc: PDSC version is not supported
2026-09-05 14:22:45,759 [ERROR] Engine:466 - C:\Users\user\.stm32cubemx\thirdparties\pdsc\STMicroelectronics.eDS-WB_DPC_TT-BIDIR.2.1.1.pdsc: PDSC version is not supported
2026-09-05 14:22:45,784 [WARN] PackLoader:240 - Cannot read IP mode file for STMicroelectronics.X-CUBE-NFC12.1.0.0
2026-09-05 14:22:45,830 [WARN] PackLoader:240 - Cannot read IP mode file for STMicroelectronics.X-CUBE-AZRTOS-L5.2.0.0
2026-09-05 14:22:45,860 [WARN] PackLoader:240 - Cannot read IP mode file for STMicroelectronics.X-CUBE-NFC6.3.1.0
2026-09-05 14:22:45,884 [WARN] PackLoader:240 - Cannot read IP mode file for STMicroelectronics.X-CUBE-ALGOBUILD.1.5.0
2026-09-05 14:22:45,902 [ERROR] Engine:466 - C:\Users\user\.stm32cubemx\thirdparties\pdsc\STMicroelectronics.eDS-WB_DPC_VIENNA.1.2.0.pdsc: PDSC version is not supported
2026-09-05 14:22:45,983 [WARN] PackLoader:240 - Cannot read IP mode file for STMicroelectronics.X-CUBE-MEMS1.13.0.0
2026-09-05 14:22:46,095 [ERROR] Engine:466 - C:\Users\user\.stm32cubemx\thirdparties\pdsc\STMicroelectronics.eDS-WB_DPC_3PH2L-BIDIR.1.1.1.pdsc: PDSC version is not supported
2026-09-05 14:22:46,118 [ERROR] Engine:466 - C:\Users\user\.stm32cubemx\thirdparties\pdsc\STMicroelectronics.X-CUBE-ST67W61.1.3.0.pdsc: PDSC version is not supported
2026-09-05 14:22:46,142 [WARN] PackLoader:240 - Cannot read IP mode file for STMicroelectronics.X-CUBE-FREERTOS.1.3.1
2026-09-05 14:22:46,170 [WARN] PackLoader:240 - Cannot read IP mode file for STMicroelectronics.X-CUBE-TOUCHGFX.4.26.1
2026-09-05 14:22:46,193 [ERROR] Engine:466 - C:\Users\user\.stm32cubemx\thirdparties\pdsc\STMicroelectronics.FP-SNS-STAIOTCFT.1.0.0.pdsc: PDSC version is not supported
2026-09-05 14:22:46,215 [WARN] PackLoader:240 - Cannot read IP mode file for STMicroelectronics.X-CUBE-DPower.1.3.0
2026-09-05 14:22:46,259 [WARN] ConditionMgr:438 - getConditionDescription Invalid condition id : LAN8742 Phy interface Condition cause : null
2026-09-05 14:22:46,260 [WARN] PackLoader:240 - Cannot read IP mode file for STMicroelectronics.X-CUBE-AZRTOS-L4.2.0.0
2026-09-05 14:22:46,261 [WARN] ConditionMgr:1039 - genDependencies : Invalid condition id : LAN8742 Phy interface Condition cause : null
2026-09-05 14:22:46,261 [WARN] ConditionMgr:1039 - genDependencies : Invalid condition id : LAN8742 Phy interface Condition cause : null
2026-09-05 14:22:46,262 [WARN] ConditionMgr:1039 - genDependencies : Invalid condition id : LAN8742 Phy interface Condition cause : null
2026-09-05 14:22:46,284 [WARN] PackLoader:240 - Cannot read IP mode file for STMicroelectronics.X-CUBE-SFXS2LP1.4.0.0
2026-09-05 14:22:46,309 [WARN] PackLoader:240 - Cannot read IP mode file for STMicroelectronics.X-CUBE-WB05N.2.1.0
2026-09-05 14:22:46,358 [WARN] PackLoader:240 - Cannot read IP mode file for STMicroelectronics.X-CUBE-AZRTOS-H7.3.3.0
2026-09-05 14:22:46,392 [WARN] ConditionMgr:438 - getConditionDescription Invalid condition id : UX DEVICE CLASS RTOS Condition cause : null
2026-09-05 14:22:46,393 [WARN] ConditionMgr:438 - getConditionDescription Invalid condition id : UX DEVICE CLASS RTOS Condition cause : null
2026-09-05 14:22:46,395 [WARN] PackLoader:240 - Cannot read IP mode file for STMicroelectronics.X-CUBE-AZRTOS-WB.2.0.0
2026-09-05 14:22:46,396 [WARN] ConditionMgr:1039 - genDependencies : Invalid condition id : UX DEVICE CLASS RTOS Condition cause : null
2026-09-05 14:22:46,396 [WARN] ConditionMgr:1039 - genDependencies : Invalid condition id : UX DEVICE CLASS RTOS Condition cause : null
2026-09-05 14:22:46,397 [WARN] ConditionMgr:1039 - genDependencies : Invalid condition id : UX DEVICE CLASS RTOS Condition cause : null
2026-09-05 14:22:46,398 [WARN] ConditionMgr:1039 - genDependencies : Invalid condition id : UX DEVICE CLASS RTOS Condition cause : null
2026-09-05 14:22:46,398 [WARN] ConditionMgr:1039 - genDependencies : Invalid condition id : UX DEVICE CLASS RTOS Condition cause : null
2026-09-05 14:22:46,426 [WARN] PackLoader:240 - Cannot read IP mode file for STMicroelectronics.X-CUBE-GNSS1.7.0.1
2026-09-05 14:22:46,455 [WARN] PackLoader:240 - Cannot read IP mode file for STMicroelectronics.X-CUBE-TOUCHGFX.4.25.0
2026-09-05 14:22:46,485 [WARN] PackLoader:240 - Cannot read IP mode file for STMicroelectronics.FP-SNS-STBOX1.2.0.0
2026-09-05 14:22:46,514 [WARN] PackLoader:240 - Cannot read IP mode file for STMicroelectronics.X-CUBE-STSE01.2.0.0
2026-09-05 14:22:46,546 [WARN] PackLoader:240 - Cannot read IP mode file for STMicroelectronics.X-CUBE-SUBG2.5.0.0
2026-09-05 14:22:46,597 [WARN] PackLoader:240 - Cannot read IP mode file for STMicroelectronics.X-CUBE-AZRTOS-H7RS.1.1.0
2026-09-05 14:22:46,625 [WARN] PackLoader:240 - Cannot read IP mode file for Cesanta.I-CUBE-Mongoose.7.13.0
2026-09-05 14:22:46,658 [WARN] PackLoader:240 - Cannot read IP mode file for STMicroelectronics.X-CUBE-AZRTOS-G4.2.0.0
2026-09-05 14:22:46,677 [WARN] PackLoader:240 - Cannot read IP mode file for wolfSSL.I-CUBE-wolfSSH.1.4.20
2026-09-05 14:22:46,701 [WARN] PackLoader:240 - Cannot read IP mode file for STMicroelectronics.X-CUBE-NFC7.2.0.0
2026-09-05 14:22:46,723 [ERROR] Engine:466 - C:\Users\user\.stm32cubemx\thirdparties\pdsc\STMicroelectronics.X-CUBE-IPS.3.1.0.pdsc: PDSC version is not supported
2026-09-05 14:22:46,740 [ERROR] Engine:466 - C:\Users\user\.stm32cubemx\thirdparties\pdsc\STMicroelectronics.X-CUBE-BLEMGR.4.2.0.pdsc: PDSC version is not supported
2026-09-05 14:22:46,757 [WARN] PackLoader:240 - Cannot read IP mode file for STMicroelectronics.X-CUBE-ALS.1.0.2
2026-09-05 14:22:46,780 [WARN] PackLoader:240 - Cannot read IP mode file for portGmbH.I-Cube-SoM-uGOAL.1.1.0
2026-09-05 14:22:46,800 [ERROR] Engine:466 - C:\Users\user\.stm32cubemx\thirdparties\pdsc\STMicroelectronics.X-CUBE-TOF1.3.4.3.pdsc: PDSC version is not supported
2026-09-05 14:22:46,801 [INFO] ThirdParty:978 - Integrity check success = true
2026-09-05 14:22:46,801 [INFO] IntegrityCheckThread:100 - exiting critical section [integrity check]
2026-09-05 14:22:46,801 [INFO] IntegrityCheckThread:103 - End integrity checks thread
2026-09-05 14:22:46,801 [INFO] ThirdParty:873 - entering critical section [close project]
2026-09-05 14:22:46,804 [INFO] ThirdParty:883 - exiting critical section [close project]
2026-09-05 14:22:46,809 [INFO] PinOutPanel:1561 - setPackage(No Configuration,No Configuration)
2026-09-05 14:22:46,816 [INFO] UtilMem:75 - Begin LoadConfig() Used Memory: 160824864 Bytes (268435456)
2026-09-05 14:22:46,818 [INFO] MicroXplorer:468 - Change Database Path : 
2026-09-05 14:22:46,818 [INFO] MicroXplorer:498 - Change Database Version : DB.6.0.120
2026-09-05 14:22:46,819 [INFO] OpenFileManager:332 - Change cursor
2026-09-05 14:22:46,873 [INFO] Mcu:2032 - Initializing MCU STM32F446R(C-E)Tx STM32F446RETx STM32F446RET6
2026-09-05 14:22:49,930 [INFO] Context:742 - Trying to add GPIOservice into a context  which must be forbidden
2026-09-05 14:22:50,673 [INFO] RtosManager:555 - Registered RTOS mode: class=CMSIS, group=RTOS, mode=CMSIS_V1, owner=FREERTOS
2026-09-05 14:22:50,673 [INFO] RtosManager:555 - Registered RTOS mode: class=CMSIS, group=RTOS2, mode=CMSIS_V2, owner=FREERTOS
2026-09-05 14:22:50,673 [INFO] RtosManager:555 - Registered RTOS mode: class=RTOS, group=Core, mode=CMSIS_V1, owner=FREERTOS
2026-09-05 14:22:50,673 [INFO] RtosManager:555 - Registered RTOS mode: class=RTOS, group=Core, mode=CMSIS_V2, owner=FREERTOS
2026-09-05 14:22:50,674 [WARN] ModelIntegratedComponent:184 - Missing modes for component STMicroelectronics:FreeRTOS:0.0.1:STMicroelectronics:RTOS:FreeRTOS:Core:::10.2.0:
2026-09-05 14:22:50,759 [WARN] ModelIntegratedComponent:63 - No mode defined for component null
2026-09-05 14:22:50,759 [WARN] ModelIntegratedComponent:63 - No mode defined for component null
2026-09-05 14:22:50,759 [WARN] ModelIntegratedComponent:63 - No mode defined for component null
2026-09-05 14:22:50,759 [WARN] ModelIntegratedComponent:63 - No mode defined for component null
2026-09-05 14:22:50,759 [WARN] ModelIntegratedComponent:63 - No mode defined for component null
2026-09-05 14:22:50,759 [WARN] ModelIntegratedComponent:63 - No mode defined for component null
2026-09-05 14:22:50,760 [WARN] ModelIntegratedComponent:63 - No mode defined for component null
2026-09-05 14:22:50,760 [WARN] ModelIntegratedComponent:63 - No mode defined for component null
2026-09-05 14:22:50,760 [WARN] ModelIntegratedComponent:63 - No mode defined for component null
2026-09-05 14:22:50,760 [WARN] ModelIntegratedComponent:63 - No mode defined for component null
2026-09-05 14:22:50,760 [WARN] ModelIntegratedComponent:63 - No mode defined for component null
2026-09-05 14:22:50,760 [WARN] ModelIntegratedComponent:63 - No mode defined for component null
2026-09-05 14:22:50,760 [WARN] ModelIntegratedComponent:63 - No mode defined for component null
2026-09-05 14:22:50,760 [WARN] ModelIntegratedComponent:63 - No mode defined for component null
2026-09-05 14:22:50,760 [WARN] ModelIntegratedComponent:63 - No mode defined for component null
2026-09-05 14:22:50,760 [WARN] ModelIntegratedComponent:63 - No mode defined for component null
2026-09-05 14:22:50,760 [WARN] ModelIntegratedComponent:63 - No mode defined for component null
2026-09-05 14:22:50,760 [WARN] ModelIntegratedComponent:63 - No mode defined for component null
2026-09-05 14:22:50,760 [WARN] ModelIntegratedComponent:63 - No mode defined for component null
2026-09-05 14:22:50,760 [WARN] ModelIntegratedComponent:63 - No mode defined for component null
2026-09-05 14:22:50,760 [WARN] ModelIntegratedComponent:63 - No mode defined for component null
2026-09-05 14:22:50,760 [WARN] ModelIntegratedComponent:63 - No mode defined for component null
2026-09-05 14:22:50,761 [WARN] ModelIntegratedComponent:63 - No mode defined for component null
2026-09-05 14:22:50,761 [WARN] ModelIntegratedComponent:63 - No mode defined for component null
2026-09-05 14:22:50,761 [WARN] ModelIntegratedComponent:63 - No mode defined for component null
2026-09-05 14:22:50,761 [WARN] ModelIntegratedComponent:63 - No mode defined for component null
2026-09-05 14:22:50,761 [WARN] ModelIntegratedComponent:63 - No mode defined for component null
2026-09-05 14:22:50,761 [WARN] ModelIntegratedComponent:63 - No mode defined for component null
2026-09-05 14:22:50,761 [WARN] ModelIntegratedComponent:63 - No mode defined for component null
2026-09-05 14:22:50,761 [WARN] ModelIntegratedComponent:63 - No mode defined for component null
2026-09-05 14:22:50,761 [WARN] ModelIntegratedComponent:63 - No mode defined for component null
2026-09-05 14:22:50,761 [WARN] ModelIntegratedComponent:63 - No mode defined for component null
2026-09-05 14:22:50,761 [WARN] ModelIntegratedComponent:63 - No mode defined for component null
2026-09-05 14:22:50,761 [WARN] ModelIntegratedComponent:63 - No mode defined for component null
2026-09-05 14:22:50,761 [WARN] ModelIntegratedComponent:63 - No mode defined for component null
2026-09-05 14:22:50,762 [WARN] ModelPack:524 - Component already loaded: STMicroelectronics:HAL Drivers:0.0.0:STMicroelectronics:Device:STMicro_Driver:XSPI:HAL::0.0.1:HAL_XSPI
2026-09-05 14:22:50,878 [INFO] ThirdPartyModel:298 - Start build external matchings
2026-09-05 14:22:51,365 [INFO] ThirdPartyModel:316 - End build external matchings
2026-09-05 14:22:51,937 [INFO] ApiDb:581 - Connected to CubeFinder SQLite database (C:\Users\user\.stmcufinder\plugins\mcufinder\mcu\cube-finder-db.db)
2026-09-05 14:22:52,077 [INFO] ApiDb:668 - CubeFinder database Data Model version=2.1
2026-09-05 14:22:52,077 [INFO] ApiDb:669 - CubeFinder database Configuration version=3.0.42
2026-09-05 14:22:52,077 [INFO] ApiDb:670 - CubeFinder database generation date=2026-08-04 (1785840812)
2026-09-05 14:22:52,078 [INFO] ApiDb:671 - CubeFinder database FW Pack versions=[FP-ATR-ASTRA1_V2.0.0, FP-SNS-FLIGHT1_V5.1.0, FP-SNS-MOTENV1_V5.1.0, FP-SNS-MOTENVWB1_V1.5.0, FP-SNS-SMARTAG2_V1.2.0, FP-SNS-STBOX1_V2.1.0, STM32Cube_FW_C0_V1.4.1, STM32Cube_FW_F4_V1.28.3, STM32Cube_FW_F7_V1.17.4, STM32Cube_FW_G0_V1.6.3, STM32Cube_FW_G4_V1.6.2, STM32Cube_FW_H5_V1.7.0, STM32Cube_FW_H7RS_V1.3.0, STM32Cube_FW_H7_V1.13.0, STM32Cube_FW_L0_V1.12.2, STM32Cube_FW_L4_V1.18.2, STM32Cube_FW_L5_V1.6.0, STM32Cube_FW_N6_V1.4.0, STM32Cube_FW_U0_V1.3.0, STM32Cube_FW_U3_V1.4.0, STM32Cube_FW_U5_V1.9.0, STM32Cube_FW_WB0_V1.5.0, STM32Cube_FW_WBA_V1.10.0, STM32Cube_FW_WB_V1.24.0, STM32Cube_FW_WL3_V1.5.0, STM32Cube_FW_WL_V1.6.0, X-CUBE-ALGOBUILD_V1.5.0, X-CUBE-ALS_V1.0.2, X-CUBE-AZRTOS-F4_V1.1.0, X-CUBE-AZRTOS-F7_V1.1.0, X-CUBE-AZRTOS-G0_V1.1.0, X-CUBE-AZRTOS-G4_V2.0.0, X-CUBE-AZRTOS-H7RS_V1.3.0, X-CUBE-AZRTOS-H7_V3.5.0, X-CUBE-AZRTOS-L4_V2.0.0, X-CUBE-AZRTOS-L5_V2.0.0, X-CUBE-AZRTOS-WB_V2.0.0, X-CUBE-AZRTOS-WL_V2.0.0, X-CUBE-BLE1_V7.1.0, X-CUBE-BLE2_V3.3.0, X-CUBE-BLEMGR_V4.2.0, X-CUBE-EEPRMA1_V5.2.0, X-CUBE-FREERTOS_V1.6.0, X-CUBE-GNSS1_V7.1.1, X-CUBE-MEMS1_V13.0.0, X-CUBE-NFC4_V3.0.0, X-CUBE-NFC7_V2.0.0, X-CUBE-SFXS2LP1_V4.0.0, X-CUBE-ST67W61_V1.3.0, X-CUBE-SUBG2_V5.0.0, X-CUBE-TOF1_V3.4.3]
2026-09-05 14:22:52,254 [INFO] DbBoardsSqlite:226 - include board P-NUCLEO-WB55-NUCLEO as a kit item of type 'Nucleo-64'
2026-09-05 14:22:52,254 [INFO] DbBoardsSqlite:226 - include board P-NUCLEO-WB55-USBDONGLE as a kit item of type 'Nucleo USB Dongle'
2026-09-05 14:22:52,256 [INFO] DbBoardsSqlite:226 - include board STEVAL-IDP005V1 as a kit item of type 'Evaluation Board'
2026-09-05 14:22:52,256 [INFO] DbBoardsSqlite:226 - include board STEVAL-IDP005V2 as a kit item of type 'Evaluation Board'
2026-09-05 14:22:52,845 [INFO] ApiDb:240 - Found 646 in-development CPN: [B-G473E-ZEST1S, B-WB1M-WPAN1, B-WL5M-SUBG1, NUCLEO-C031C6, NUCLEO-C071RB, NUCLEO-H503RB, NUCLEO-H533RE, NUCLEO-H563ZI, NUCLEO-H7S3L8, NUCLEO-U031R8, NUCLEO-U083RC, NUCLEO-U545RE-Q, NUCLEO-U5A5ZJ-Q, NUCLEO-WB05KZ, NUCLEO-WB07CC, NUCLEO-WB09KE, NUCLEO-WBA52CG, NUCLEO-WBA55CG, STEVAL-PROTEUS1, STEVAL-SMARTAG2, STEVAL-STWINBX1, STM320518-EVAL, STM32C0116-DK, STM32C011D6Y3TR, STM32C011D6Y6TR, STM32C011F4P3, STM32C011F4P6, STM32C011F4U3, STM32C011F4U6TR, STM32C011F6P3, STM32C011F6P6, STM32C011F6U3, STM32C011F6U6TR, STM32C011J4M3, STM32C011J4M6, STM32C011J6M3, STM32C011J6M6, STM32C0316-DK, STM32C031C4T3, STM32C031C4T6, STM32C031C4U3, STM32C031C4U6, STM32C031C6T3, STM32C031C6T6, STM32C031C6U3, STM32C031C6U6, STM32C031F4P3, STM32C031F4P6, STM32C031F6P3, STM32C031F6P6, STM32C031G4U3, STM32C031G4U6, STM32C031G6U3, STM32C031G6U6, STM32C031K4T3, STM32C031K4T6, STM32C031K4U3, STM32C031K4U6, STM32C031K6T3, STM32C031K6T6, STM32C031K6U3, STM32C031K6U6, STM32C071C8T6, STM32C071C8T6N, STM32C071C8U6, STM32C071C8U6N, STM32C071CBT6, STM32C071CBT6N, STM32C071CBU6, STM32C071CBU6N, STM32C071F8P6, STM32C071F8P6N, STM32C071FBP6, STM32C071FBP6N, STM32C071FBY6TR, STM32C071G8U6, STM32C071G8U6N, STM32C071GBU6, STM32C071GBU6N, STM32C071K8T6, STM32C071K8T6N, STM32C071K8U6, STM32C071K8U6N, STM32C071KBT6, STM32C071KBT6N, STM32C071KBU6, STM32C071KBU6N, STM32C071R8T6, STM32C071R8T6N, STM32C071RBI6N, STM32C071RBT6, STM32C071RBT6N, STM32G071K8TXN, STM32G071K8UXN, STM32G081GBU6N, STM32G081KBT6N, STM32G081KBUXN, STM32G0B1CCT6N, STM32G0B1KCT6, STM32G0B1NEY6TR, STM32G0B1RCT6N, STM32G0C1CCT6, STM32G0C1CCT6N, STM32G0C1CCU6N, STM32G0C1CET6N, STM32G0C1CEU6N, STM32G0C1KCT6, STM32G0C1NEY6TR, STM32G0C1RCI6N, STM32G0C1RCT6N, STM32G0C1REI6N, STM32G0C1RET6N, STM32G0C1VCI6, STM32G0C1VEI6, STM32G411C6T3, STM32G411C6T6, STM32G411C6U3, STM32G411C6U6, STM32G411C8T3, STM32G411C8T6, STM32G411C8U3, STM32G411C8U6, STM32G411CBT3, STM32G411CBT6, STM32G411CBU3, STM32G411CBU6, STM32G411K6T3, STM32G411K6T6, STM32G411K6U3, STM32G411K6U6, STM32G411K8T3, STM32G411K8T6, STM32G411K8U3, STM32G411K8U6, STM32G411KBT3, STM32G411KBT6, STM32G411KBU3, STM32G411KBU6, STM32G411M6T3, STM32G411M6T6, STM32G411M8T3, STM32G411M8T6, STM32G411MBT3, STM32G411MBT6, STM32G411R6T3, STM32G411R6T6, STM32G411R8T3, STM32G411R8T6, STM32G411RBT3, STM32G411RBT6, STM32G414CBT3, STM32G414CBT6, STM32G414CBU3, STM32G414CBU6, STM32G414CCT3, STM32G414CCT6, STM32G414CCU3, STM32G414CCU6, STM32G414MBT3, STM32G414MBT6, STM32G414MCT3, STM32G414MCT6, STM32G414RBT3, STM32G414RBT6, STM32G414RCT3, STM32G414RCT6, STM32G414VBT3, STM32G414VBT6, STM32G414VCT3, STM32G414VCT6, STM32G431CBT3Z, STM32G431RBT3Z, STM32G471CCT6, STM32G471CCU6, STM32G471CET3, STM32G471CET6, STM32G471CEU3, STM32G471CEU6, STM32G471MCT6, STM32G471MET3, STM32G471MET6, STM32G471MEY6TR, STM32G471QCT6, STM32G471QET3, STM32G471RCT6, STM32G471RET3, STM32G471RET6, STM32G471VCH6, STM32G471VCI6, STM32G471VCT6, STM32G471VEH3, STM32G471VEH6, STM32G471VEI3, STM32G471VEI6, STM32G471VET3, STM32G471VET6, STM32G473QET3Z, STM32G473RET3Z, STM32G474CCT6, STM32G491RET3Z, STM32H503CBT6, STM32H503CBU6, STM32H503EBY6TR, STM32H503KBU6, STM32H503RBT6, STM32H523CCT6, STM32H523CCU6, STM32H523CET6, STM32H523CEU6, STM32H523HEY6TR, STM32H523RCT6, STM32H523RET6, STM32H523VCI6, STM32H523VCT6, STM32H523VEI6, STM32H523VET6, STM32H523ZCJ6, STM32H523ZCT6, STM32H523ZEJ6, STM32H523ZET6, STM32H533CET6, STM32H533CEU6, STM32H533HEY6TR, STM32H533RET6, STM32H533VEI6, STM32H533VET6, STM32H533ZEJ6, STM32H533ZET6, STM32H562AGI6, STM32H562AII6, STM32H562IGK6, STM32H562IGT6, STM32H562IIK6, STM32H562IIT6, STM32H562RGT6, STM32H562RGV6, STM32H562RIT6, STM32H562RIV6, STM32H562VGT6, STM32H562VIT6, STM32H562ZGT6, STM32H562ZIT6, STM32H563AGI6, STM32H563AII3Q, STM32H563AII6, STM32H563IGK6, STM32H563IGT6, STM32H563IIK3Q, STM32H563IIK6, STM32H563IIT3Q, STM32H563IIT6, STM32H563MIY3QTR, STM32H563RGT6, STM32H563RGV6, STM32H563RIT6, STM32H563RIV6, STM32H563VGT6, STM32H563VIT3Q, STM32H563VIT6, STM32H563ZGT6, STM32H563ZIT3Q, STM32H563ZIT6, STM32H573AII3Q, STM32H573AII6, STM32H573I-DK, STM32H573IIK3Q, STM32H573IIK6, STM32H573IIT3Q, STM32H573IIT6, STM32H573MIY3QTR, STM32H573RIT6, STM32H573RIV6, STM32H573VIT3Q, STM32H573VIT6, STM32H573ZIT3Q, STM32H573ZIT6, STM32H7R3A8I6, STM32H7R3I8K6, STM32H7R3I8T6, STM32H7R3L8H6, STM32H7R3L8H6H, STM32H7R3R8V6, STM32H7R3V8H6, STM32H7R3V8T6, STM32H7R3V8Y6TR, STM32H7R3Z8J6, STM32H7R3Z8T6, STM32H7R7A8I6, STM32H7R7I8K6, STM32H7R7I8T6, STM32H7R7L8H6, STM32H7R7L8H6H, STM32H7R7Z8J6, STM32H7S3A8I6, STM32H7S3I8K6, STM32H7S3I8T6, STM32H7S3L8H6, STM32H7S3L8H6H, STM32H7S3R8V6, STM32H7S3V8H6, STM32H7S3V8T6, STM32H7S3V8Y6TR, STM32H7S3Z8J6, STM32H7S3Z8T6, STM32H7S78-DK, STM32H7S7A8I6, STM32H7S7I8K6, STM32H7S7I8T6, STM32H7S7L8H6, STM32H7S7L8H6H, STM32H7S7Z8J6, STM32L4R5QGI6STR, STM32MP131AAE3, STM32MP131AAF3, STM32MP131AAG3, STM32MP131CAE3, STM32MP131CAF3, STM32MP131CAG3, STM32MP131DAE7, STM32MP131DAF7, STM32MP131DAG7, STM32MP131FAE7, STM32MP131FAF7, STM32MP131FAG7, STM32MP133AAE3, STM32MP133AAF3, STM32MP133AAG3, STM32MP133CAE3, STM32MP133CAF3, STM32MP133CAG3, STM32MP133DAE7, STM32MP133DAF7, STM32MP133DAG7, STM32MP133FAE7, STM32MP133FAF7, STM32MP133FAG7, STM32MP135AAE3, STM32MP135AAF3, STM32MP135AAG3, STM32MP135CAE3, STM32MP135CAF3, STM32MP135CAG3, STM32MP135DAE7, STM32MP135DAF7, STM32MP135DAG7, STM32MP135F-DK, STM32MP135FAE7, STM32MP135FAF7, STM32MP135FAF7T, STM32MP135FAF7U, STM32MP135FAG7, STM32MP251AAI3, STM32MP251AAK3, STM32MP251AAL3, STM32MP251CAI3, STM32MP251CAK3, STM32MP251CAL3, STM32MP251DAI3, STM32MP251DAK3, STM32MP251DAL3, STM32MP251FAI3, STM32MP251FAK3, STM32MP251FAL3, STM32MP253AAI3, STM32MP253AAK3, STM32MP253AAL3, STM32MP253CAI3, STM32MP253CAK3, STM32MP253CAL3, STM32MP253DAI3, STM32MP253DAK3, STM32MP253DAL3, STM32MP253FAI3, STM32MP253FAK3, STM32MP253FAL3, STM32MP255AAI3, STM32MP255AAK3, STM32MP255AAL3, STM32MP255CAI3, STM32MP255CAK3, STM32MP255CAL3, STM32MP255DAI3, STM32MP255DAK3, STM32MP255DAL3, STM32MP255FAI3, STM32MP255FAK3, STM32MP255FAL3, STM32MP257AAI3, STM32MP257AAK3, STM32MP257AAL3, STM32MP257CAI3, STM32MP257CAK3, STM32MP257CAL3, STM32MP257DAI3, STM32MP257DAK3, STM32MP257DAL3, STM32MP257F-DK, STM32MP257F-EV1, STM32MP257FAI3, STM32MP257FAK3, STM32MP257FAL3, STM32U031C6T6, STM32U031C6U6, STM32U031C8T6, STM32U031C8U6, STM32U031F4P6, STM32U031F6P6, STM32U031F8P6, STM32U031G6Y6TR, STM32U031G8Y6TR, STM32U031K4U6, STM32U031K6U6, STM32U031K8U6, STM32U031R6I6, STM32U031R6T6, STM32U031R8I6, STM32U031R8T6, STM32U073C8T6, STM32U073C8U6, STM32U073CBT6, STM32U073CBU6, STM32U073CCT6, STM32U073CCU6, STM32U073H8Y6TR, STM32U073HBY6TR, STM32U073HCY6TR, STM32U073K8U6, STM32U073KBU6, STM32U073KCU6, STM32U073M8I6, STM32U073M8T6, STM32U073MBI6, STM32U073MBT6, STM32U073MCI6, STM32U073MCT6, STM32U073R8I6, STM32U073R8T6, STM32U073RBI6, STM32U073RBT6, STM32U073RCI6, STM32U073RCT6, STM32U083C-DK, STM32U083CCT6, STM32U083CCU6, STM32U083HCY6TR, STM32U083KCU6, STM32U083MCI6, STM32U083MCT6, STM32U083RCI6, STM32U083RCT6, STM32U535CBT6, STM32U535CBT6Q, STM32U535CBU6, STM32U535CBU6Q, STM32U535CCT6, STM32U535CCT6Q, STM32U535CCU6, STM32U535CCU6Q, STM32U535CET6, STM32U535CET6Q, STM32U535CEU6, STM32U535CEU6Q, STM32U535JEY6QTR, STM32U535NCY6QTR, STM32U535NEY6QTR, STM32U535RBI6, STM32U535RBI6Q, STM32U535RBT6, STM32U535RBT6Q, STM32U535RCI6, STM32U535RCI6Q, STM32U535RCT6, STM32U535RCT6Q, STM32U535REI6, STM32U535REI6Q, STM32U535RET6, STM32U535RET6Q, STM32U535VCI6, STM32U535VCI6Q, STM32U535VCT6, STM32U535VCT6Q, STM32U535VEI6, STM32U535VEI6Q, STM32U535VET6, STM32U535VET6Q, STM32U545CET6, STM32U545CET6Q, STM32U545CEU6, STM32U545CEU6Q, STM32U545JEY6QTR, STM32U545NEY6QTR, STM32U545REI6, STM32U545REI6Q, STM32U545RET6, STM32U545RET6Q, STM32U545VEI6, STM32U545VEI6Q, STM32U545VET6, STM32U545VET6Q, STM32U595AIH6, STM32U595AIH6Q, STM32U595AJH6, STM32U595AJH6Q, STM32U595QII6, STM32U595QII6Q, STM32U595QJI6, STM32U595QJI6Q, STM32U595RIT6, STM32U595RIT6Q, STM32U595RJT6, STM32U595RJT6Q, STM32U595VIT6, STM32U595VIT6Q, STM32U595VJT6, STM32U595VJT6Q, STM32U595ZIT6, STM32U595ZIT6Q, STM32U595ZIY6QTR, STM32U595ZJT6, STM32U595ZJT6Q, STM32U595ZJY6QTR, STM32U599BJY6QTR, STM32U599NIH6Q, STM32U599NJH6Q, STM32U599VIT6Q, STM32U599VJT6, STM32U599VJT6Q, STM32U599ZIT6Q, STM32U599ZIY6QTR, STM32U599ZJT6Q, STM32U599ZJY6QTR, STM32U5A5AJH6, STM32U5A5AJH6Q, STM32U5A5QII3Q , STM32U5A5QJI6, STM32U5A5QJI6Q, STM32U5A5RJT6, STM32U5A5RJT6Q, STM32U5A5VJT6, STM32U5A5VJT6Q, STM32U5A5ZJT6, STM32U5A5ZJT6Q, STM32U5A5ZJY6QTR, STM32U5A9BJY6QTR, STM32U5A9J-DK, STM32U5A9NJH6Q, STM32U5A9VJT6Q, STM32U5A9ZJT6Q, STM32U5A9ZJY6QTR, STM32U5F7VIT6, STM32U5F7VIT6Q, STM32U5F7VJT6, STM32U5F7VJT6Q, STM32U5F9BJY6QTR, STM32U5F9NJH6Q, STM32U5F9VIT6Q, STM32U5F9VJT6Q, STM32U5F9ZIJ6QTR, STM32U5F9ZIT6Q, STM32U5F9ZJJ6QTR, STM32U5F9ZJT6Q, STM32U5G7VJT6, STM32U5G7VJT6Q, STM32U5G9BJY6QTR, STM32U5G9J-DK1, STM32U5G9J-DK2, STM32U5G9NJH6Q, STM32U5G9VJT6Q, STM32U5G9ZJJ6QTR, STM32U5G9ZJT6Q, STM32WB05KZV6TR, STM32WB05KZV7TR, STM32WB05TZF6TR, STM32WB05TZF7TR, STM32WB06CCF6TR, STM32WB06CCF7TR, STM32WB06CCV6TR, STM32WB06CCV7TR, STM32WB06KCV6TR, STM32WB06KCV7TR, STM32WB07CCF6TR, STM32WB07CCF7TR, STM32WB07CCV6TR, STM32WB07CCV7TR, STM32WB07KCV6TR, STM32WB07KCV7TR, STM32WB09KEV6TR, STM32WB09KEV7TR, STM32WB09TEF6TR, STM32WB09TEF7TR, STM32WB1MMCH6, STM32WBA50KGU6, STM32WBA50KGU6TR, STM32WBA52CEU6, STM32WBA52CEU6TR, STM32WBA52CEU7, STM32WBA52CEU7TR, STM32WBA52CGU6, STM32WBA52CGU6TR, STM32WBA52CGU6U, STM32WBA52CGU7, STM32WBA52CGU7TR, STM32WBA52KEU6, STM32WBA52KEU6TR, STM32WBA52KGU6, STM32WBA52KGU6TR, STM32WBA54CEU6, STM32WBA54CEU6TR, STM32WBA54CEU7, STM32WBA54CEU7TR, STM32WBA54CGU6, STM32WBA54CGU6TR, STM32WBA54CGU7, STM32WBA54CGU7TR, STM32WBA54KEU6, STM32WBA54KEU6TR, STM32WBA54KEU7, STM32WBA54KEU7TR, STM32WBA54KGU6, STM32WBA54KGU6TR, STM32WBA54KGU7, STM32WBA54KGU7TR, STM32WBA55CEU6, STM32WBA55CEU6TR, STM32WBA55CEU7, STM32WBA55CEU7TR, STM32WBA55CGU6, STM32WBA55CGU6TR, STM32WBA55CGU6U, STM32WBA55CGU7, STM32WBA55CGU7TR, STM32WBA55G-DK1, STM32WBA55HEF6, STM32WBA55HEF7, STM32WBA55HGF6, STM32WBA55HGF7, STM32WBA55UEI6, STM32WBA55UEI6TR, STM32WBA55UEI7, STM32WBA55UEI7TR, STM32WBA55UGI6, STM32WBA55UGI6TR, STM32WBA55UGI7, STM32WBA55UGI7TR, STM32WL5MOCH6, STM32WL5MOCH6TR]
2026-09-05 14:22:52,850 [INFO] ApiDb:668 - CubeFinder database Data Model version=2.1
2026-09-05 14:22:52,851 [INFO] ApiDb:669 - CubeFinder database Configuration version=3.0.42
2026-09-05 14:22:52,851 [INFO] ApiDb:670 - CubeFinder database generation date=2026-08-04 (1785840812)
2026-09-05 14:22:52,851 [INFO] ApiDb:671 - CubeFinder database FW Pack versions=[FP-ATR-ASTRA1_V2.0.0, FP-SNS-FLIGHT1_V5.1.0, FP-SNS-MOTENV1_V5.1.0, FP-SNS-MOTENVWB1_V1.5.0, FP-SNS-SMARTAG2_V1.2.0, FP-SNS-STBOX1_V2.1.0, STM32Cube_FW_C0_V1.4.1, STM32Cube_FW_F4_V1.28.3, STM32Cube_FW_F7_V1.17.4, STM32Cube_FW_G0_V1.6.3, STM32Cube_FW_G4_V1.6.2, STM32Cube_FW_H5_V1.7.0, STM32Cube_FW_H7RS_V1.3.0, STM32Cube_FW_H7_V1.13.0, STM32Cube_FW_L0_V1.12.2, STM32Cube_FW_L4_V1.18.2, STM32Cube_FW_L5_V1.6.0, STM32Cube_FW_N6_V1.4.0, STM32Cube_FW_U0_V1.3.0, STM32Cube_FW_U3_V1.4.0, STM32Cube_FW_U5_V1.9.0, STM32Cube_FW_WB0_V1.5.0, STM32Cube_FW_WBA_V1.10.0, STM32Cube_FW_WB_V1.24.0, STM32Cube_FW_WL3_V1.5.0, STM32Cube_FW_WL_V1.6.0, X-CUBE-ALGOBUILD_V1.5.0, X-CUBE-ALS_V1.0.2, X-CUBE-AZRTOS-F4_V1.1.0, X-CUBE-AZRTOS-F7_V1.1.0, X-CUBE-AZRTOS-G0_V1.1.0, X-CUBE-AZRTOS-G4_V2.0.0, X-CUBE-AZRTOS-H7RS_V1.3.0, X-CUBE-AZRTOS-H7_V3.5.0, X-CUBE-AZRTOS-L4_V2.0.0, X-CUBE-AZRTOS-L5_V2.0.0, X-CUBE-AZRTOS-WB_V2.0.0, X-CUBE-AZRTOS-WL_V2.0.0, X-CUBE-BLE1_V7.1.0, X-CUBE-BLE2_V3.3.0, X-CUBE-BLEMGR_V4.2.0, X-CUBE-EEPRMA1_V5.2.0, X-CUBE-FREERTOS_V1.6.0, X-CUBE-GNSS1_V7.1.1, X-CUBE-MEMS1_V13.0.0, X-CUBE-NFC4_V3.0.0, X-CUBE-NFC7_V2.0.0, X-CUBE-SFXS2LP1_V4.0.0, X-CUBE-ST67W61_V1.3.0, X-CUBE-SUBG2_V5.0.0, X-CUBE-TOF1_V3.4.3]
2026-09-05 14:22:55,872 [INFO] ApiDb:240 - Found 646 in-development CPN: [B-G473E-ZEST1S, B-WB1M-WPAN1, B-WL5M-SUBG1, NUCLEO-C031C6, NUCLEO-C071RB, NUCLEO-H503RB, NUCLEO-H533RE, NUCLEO-H563ZI, NUCLEO-H7S3L8, NUCLEO-U031R8, NUCLEO-U083RC, NUCLEO-U545RE-Q, NUCLEO-U5A5ZJ-Q, NUCLEO-WB05KZ, NUCLEO-WB07CC, NUCLEO-WB09KE, NUCLEO-WBA52CG, NUCLEO-WBA55CG, STEVAL-PROTEUS1, STEVAL-SMARTAG2, STEVAL-STWINBX1, STM320518-EVAL, STM32C0116-DK, STM32C011D6Y3TR, STM32C011D6Y6TR, STM32C011F4P3, STM32C011F4P6, STM32C011F4U3, STM32C011F4U6TR, STM32C011F6P3, STM32C011F6P6, STM32C011F6U3, STM32C011F6U6TR, STM32C011J4M3, STM32C011J4M6, STM32C011J6M3, STM32C011J6M6, STM32C0316-DK, STM32C031C4T3, STM32C031C4T6, STM32C031C4U3, STM32C031C4U6, STM32C031C6T3, STM32C031C6T6, STM32C031C6U3, STM32C031C6U6, STM32C031F4P3, STM32C031F4P6, STM32C031F6P3, STM32C031F6P6, STM32C031G4U3, STM32C031G4U6, STM32C031G6U3, STM32C031G6U6, STM32C031K4T3, STM32C031K4T6, STM32C031K4U3, STM32C031K4U6, STM32C031K6T3, STM32C031K6T6, STM32C031K6U3, STM32C031K6U6, STM32C071C8T6, STM32C071C8T6N, STM32C071C8U6, STM32C071C8U6N, STM32C071CBT6, STM32C071CBT6N, STM32C071CBU6, STM32C071CBU6N, STM32C071F8P6, STM32C071F8P6N, STM32C071FBP6, STM32C071FBP6N, STM32C071FBY6TR, STM32C071G8U6, STM32C071G8U6N, STM32C071GBU6, STM32C071GBU6N, STM32C071K8T6, STM32C071K8T6N, STM32C071K8U6, STM32C071K8U6N, STM32C071KBT6, STM32C071KBT6N, STM32C071KBU6, STM32C071KBU6N, STM32C071R8T6, STM32C071R8T6N, STM32C071RBI6N, STM32C071RBT6, STM32C071RBT6N, STM32G071K8TXN, STM32G071K8UXN, STM32G081GBU6N, STM32G081KBT6N, STM32G081KBUXN, STM32G0B1CCT6N, STM32G0B1KCT6, STM32G0B1NEY6TR, STM32G0B1RCT6N, STM32G0C1CCT6, STM32G0C1CCT6N, STM32G0C1CCU6N, STM32G0C1CET6N, STM32G0C1CEU6N, STM32G0C1KCT6, STM32G0C1NEY6TR, STM32G0C1RCI6N, STM32G0C1RCT6N, STM32G0C1REI6N, STM32G0C1RET6N, STM32G0C1VCI6, STM32G0C1VEI6, STM32G411C6T3, STM32G411C6T6, STM32G411C6U3, STM32G411C6U6, STM32G411C8T3, STM32G411C8T6, STM32G411C8U3, STM32G411C8U6, STM32G411CBT3, STM32G411CBT6, STM32G411CBU3, STM32G411CBU6, STM32G411K6T3, STM32G411K6T6, STM32G411K6U3, STM32G411K6U6, STM32G411K8T3, STM32G411K8T6, STM32G411K8U3, STM32G411K8U6, STM32G411KBT3, STM32G411KBT6, STM32G411KBU3, STM32G411KBU6, STM32G411M6T3, STM32G411M6T6, STM32G411M8T3, STM32G411M8T6, STM32G411MBT3, STM32G411MBT6, STM32G411R6T3, STM32G411R6T6, STM32G411R8T3, STM32G411R8T6, STM32G411RBT3, STM32G411RBT6, STM32G414CBT3, STM32G414CBT6, STM32G414CBU3, STM32G414CBU6, STM32G414CCT3, STM32G414CCT6, STM32G414CCU3, STM32G414CCU6, STM32G414MBT3, STM32G414MBT6, STM32G414MCT3, STM32G414MCT6, STM32G414RBT3, STM32G414RBT6, STM32G414RCT3, STM32G414RCT6, STM32G414VBT3, STM32G414VBT6, STM32G414VCT3, STM32G414VCT6, STM32G431CBT3Z, STM32G431RBT3Z, STM32G471CCT6, STM32G471CCU6, STM32G471CET3, STM32G471CET6, STM32G471CEU3, STM32G471CEU6, STM32G471MCT6, STM32G471MET3, STM32G471MET6, STM32G471MEY6TR, STM32G471QCT6, STM32G471QET3, STM32G471RCT6, STM32G471RET3, STM32G471RET6, STM32G471VCH6, STM32G471VCI6, STM32G471VCT6, STM32G471VEH3, STM32G471VEH6, STM32G471VEI3, STM32G471VEI6, STM32G471VET3, STM32G471VET6, STM32G473QET3Z, STM32G473RET3Z, STM32G474CCT6, STM32G491RET3Z, STM32H503CBT6, STM32H503CBU6, STM32H503EBY6TR, STM32H503KBU6, STM32H503RBT6, STM32H523CCT6, STM32H523CCU6, STM32H523CET6, STM32H523CEU6, STM32H523HEY6TR, STM32H523RCT6, STM32H523RET6, STM32H523VCI6, STM32H523VCT6, STM32H523VEI6, STM32H523VET6, STM32H523ZCJ6, STM32H523ZCT6, STM32H523ZEJ6, STM32H523ZET6, STM32H533CET6, STM32H533CEU6, STM32H533HEY6TR, STM32H533RET6, STM32H533VEI6, STM32H533VET6, STM32H533ZEJ6, STM32H533ZET6, STM32H562AGI6, STM32H562AII6, STM32H562IGK6, STM32H562IGT6, STM32H562IIK6, STM32H562IIT6, STM32H562RGT6, STM32H562RGV6, STM32H562RIT6, STM32H562RIV6, STM32H562VGT6, STM32H562VIT6, STM32H562ZGT6, STM32H562ZIT6, STM32H563AGI6, STM32H563AII3Q, STM32H563AII6, STM32H563IGK6, STM32H563IGT6, STM32H563IIK3Q, STM32H563IIK6, STM32H563IIT3Q, STM32H563IIT6, STM32H563MIY3QTR, STM32H563RGT6, STM32H563RGV6, STM32H563RIT6, STM32H563RIV6, STM32H563VGT6, STM32H563VIT3Q, STM32H563VIT6, STM32H563ZGT6, STM32H563ZIT3Q, STM32H563ZIT6, STM32H573AII3Q, STM32H573AII6, STM32H573I-DK, STM32H573IIK3Q, STM32H573IIK6, STM32H573IIT3Q, STM32H573IIT6, STM32H573MIY3QTR, STM32H573RIT6, STM32H573RIV6, STM32H573VIT3Q, STM32H573VIT6, STM32H573ZIT3Q, STM32H573ZIT6, STM32H7R3A8I6, STM32H7R3I8K6, STM32H7R3I8T6, STM32H7R3L8H6, STM32H7R3L8H6H, STM32H7R3R8V6, STM32H7R3V8H6, STM32H7R3V8T6, STM32H7R3V8Y6TR, STM32H7R3Z8J6, STM32H7R3Z8T6, STM32H7R7A8I6, STM32H7R7I8K6, STM32H7R7I8T6, STM32H7R7L8H6, STM32H7R7L8H6H, STM32H7R7Z8J6, STM32H7S3A8I6, STM32H7S3I8K6, STM32H7S3I8T6, STM32H7S3L8H6, STM32H7S3L8H6H, STM32H7S3R8V6, STM32H7S3V8H6, STM32H7S3V8T6, STM32H7S3V8Y6TR, STM32H7S3Z8J6, STM32H7S3Z8T6, STM32H7S78-DK, STM32H7S7A8I6, STM32H7S7I8K6, STM32H7S7I8T6, STM32H7S7L8H6, STM32H7S7L8H6H, STM32H7S7Z8J6, STM32L4R5QGI6STR, STM32MP131AAE3, STM32MP131AAF3, STM32MP131AAG3, STM32MP131CAE3, STM32MP131CAF3, STM32MP131CAG3, STM32MP131DAE7, STM32MP131DAF7, STM32MP131DAG7, STM32MP131FAE7, STM32MP131FAF7, STM32MP131FAG7, STM32MP133AAE3, STM32MP133AAF3, STM32MP133AAG3, STM32MP133CAE3, STM32MP133CAF3, STM32MP133CAG3, STM32MP133DAE7, STM32MP133DAF7, STM32MP133DAG7, STM32MP133FAE7, STM32MP133FAF7, STM32MP133FAG7, STM32MP135AAE3, STM32MP135AAF3, STM32MP135AAG3, STM32MP135CAE3, STM32MP135CAF3, STM32MP135CAG3, STM32MP135DAE7, STM32MP135DAF7, STM32MP135DAG7, STM32MP135F-DK, STM32MP135FAE7, STM32MP135FAF7, STM32MP135FAF7T, STM32MP135FAF7U, STM32MP135FAG7, STM32MP251AAI3, STM32MP251AAK3, STM32MP251AAL3, STM32MP251CAI3, STM32MP251CAK3, STM32MP251CAL3, STM32MP251DAI3, STM32MP251DAK3, STM32MP251DAL3, STM32MP251FAI3, STM32MP251FAK3, STM32MP251FAL3, STM32MP253AAI3, STM32MP253AAK3, STM32MP253AAL3, STM32MP253CAI3, STM32MP253CAK3, STM32MP253CAL3, STM32MP253DAI3, STM32MP253DAK3, STM32MP253DAL3, STM32MP253FAI3, STM32MP253FAK3, STM32MP253FAL3, STM32MP255AAI3, STM32MP255AAK3, STM32MP255AAL3, STM32MP255CAI3, STM32MP255CAK3, STM32MP255CAL3, STM32MP255DAI3, STM32MP255DAK3, STM32MP255DAL3, STM32MP255FAI3, STM32MP255FAK3, STM32MP255FAL3, STM32MP257AAI3, STM32MP257AAK3, STM32MP257AAL3, STM32MP257CAI3, STM32MP257CAK3, STM32MP257CAL3, STM32MP257DAI3, STM32MP257DAK3, STM32MP257DAL3, STM32MP257F-DK, STM32MP257F-EV1, STM32MP257FAI3, STM32MP257FAK3, STM32MP257FAL3, STM32U031C6T6, STM32U031C6U6, STM32U031C8T6, STM32U031C8U6, STM32U031F4P6, STM32U031F6P6, STM32U031F8P6, STM32U031G6Y6TR, STM32U031G8Y6TR, STM32U031K4U6, STM32U031K6U6, STM32U031K8U6, STM32U031R6I6, STM32U031R6T6, STM32U031R8I6, STM32U031R8T6, STM32U073C8T6, STM32U073C8U6, STM32U073CBT6, STM32U073CBU6, STM32U073CCT6, STM32U073CCU6, STM32U073H8Y6TR, STM32U073HBY6TR, STM32U073HCY6TR, STM32U073K8U6, STM32U073KBU6, STM32U073KCU6, STM32U073M8I6, STM32U073M8T6, STM32U073MBI6, STM32U073MBT6, STM32U073MCI6, STM32U073MCT6, STM32U073R8I6, STM32U073R8T6, STM32U073RBI6, STM32U073RBT6, STM32U073RCI6, STM32U073RCT6, STM32U083C-DK, STM32U083CCT6, STM32U083CCU6, STM32U083HCY6TR, STM32U083KCU6, STM32U083MCI6, STM32U083MCT6, STM32U083RCI6, STM32U083RCT6, STM32U535CBT6, STM32U535CBT6Q, STM32U535CBU6, STM32U535CBU6Q, STM32U535CCT6, STM32U535CCT6Q, STM32U535CCU6, STM32U535CCU6Q, STM32U535CET6, STM32U535CET6Q, STM32U535CEU6, STM32U535CEU6Q, STM32U535JEY6QTR, STM32U535NCY6QTR, STM32U535NEY6QTR, STM32U535RBI6, STM32U535RBI6Q, STM32U535RBT6, STM32U535RBT6Q, STM32U535RCI6, STM32U535RCI6Q, STM32U535RCT6, STM32U535RCT6Q, STM32U535REI6, STM32U535REI6Q, STM32U535RET6, STM32U535RET6Q, STM32U535VCI6, STM32U535VCI6Q, STM32U535VCT6, STM32U535VCT6Q, STM32U535VEI6, STM32U535VEI6Q, STM32U535VET6, STM32U535VET6Q, STM32U545CET6, STM32U545CET6Q, STM32U545CEU6, STM32U545CEU6Q, STM32U545JEY6QTR, STM32U545NEY6QTR, STM32U545REI6, STM32U545REI6Q, STM32U545RET6, STM32U545RET6Q, STM32U545VEI6, STM32U545VEI6Q, STM32U545VET6, STM32U545VET6Q, STM32U595AIH6, STM32U595AIH6Q, STM32U595AJH6, STM32U595AJH6Q, STM32U595QII6, STM32U595QII6Q, STM32U595QJI6, STM32U595QJI6Q, STM32U595RIT6, STM32U595RIT6Q, STM32U595RJT6, STM32U595RJT6Q, STM32U595VIT6, STM32U595VIT6Q, STM32U595VJT6, STM32U595VJT6Q, STM32U595ZIT6, STM32U595ZIT6Q, STM32U595ZIY6QTR, STM32U595ZJT6, STM32U595ZJT6Q, STM32U595ZJY6QTR, STM32U599BJY6QTR, STM32U599NIH6Q, STM32U599NJH6Q, STM32U599VIT6Q, STM32U599VJT6, STM32U599VJT6Q, STM32U599ZIT6Q, STM32U599ZIY6QTR, STM32U599ZJT6Q, STM32U599ZJY6QTR, STM32U5A5AJH6, STM32U5A5AJH6Q, STM32U5A5QII3Q , STM32U5A5QJI6, STM32U5A5QJI6Q, STM32U5A5RJT6, STM32U5A5RJT6Q, STM32U5A5VJT6, STM32U5A5VJT6Q, STM32U5A5ZJT6, STM32U5A5ZJT6Q, STM32U5A5ZJY6QTR, STM32U5A9BJY6QTR, STM32U5A9J-DK, STM32U5A9NJH6Q, STM32U5A9VJT6Q, STM32U5A9ZJT6Q, STM32U5A9ZJY6QTR, STM32U5F7VIT6, STM32U5F7VIT6Q, STM32U5F7VJT6, STM32U5F7VJT6Q, STM32U5F9BJY6QTR, STM32U5F9NJH6Q, STM32U5F9VIT6Q, STM32U5F9VJT6Q, STM32U5F9ZIJ6QTR, STM32U5F9ZIT6Q, STM32U5F9ZJJ6QTR, STM32U5F9ZJT6Q, STM32U5G7VJT6, STM32U5G7VJT6Q, STM32U5G9BJY6QTR, STM32U5G9J-DK1, STM32U5G9J-DK2, STM32U5G9NJH6Q, STM32U5G9VJT6Q, STM32U5G9ZJJ6QTR, STM32U5G9ZJT6Q, STM32WB05KZV6TR, STM32WB05KZV7TR, STM32WB05TZF6TR, STM32WB05TZF7TR, STM32WB06CCF6TR, STM32WB06CCF7TR, STM32WB06CCV6TR, STM32WB06CCV7TR, STM32WB06KCV6TR, STM32WB06KCV7TR, STM32WB07CCF6TR, STM32WB07CCF7TR, STM32WB07CCV6TR, STM32WB07CCV7TR, STM32WB07KCV6TR, STM32WB07KCV7TR, STM32WB09KEV6TR, STM32WB09KEV7TR, STM32WB09TEF6TR, STM32WB09TEF7TR, STM32WB1MMCH6, STM32WBA50KGU6, STM32WBA50KGU6TR, STM32WBA52CEU6, STM32WBA52CEU6TR, STM32WBA52CEU7, STM32WBA52CEU7TR, STM32WBA52CGU6, STM32WBA52CGU6TR, STM32WBA52CGU6U, STM32WBA52CGU7, STM32WBA52CGU7TR, STM32WBA52KEU6, STM32WBA52KEU6TR, STM32WBA52KGU6, STM32WBA52KGU6TR, STM32WBA54CEU6, STM32WBA54CEU6TR, STM32WBA54CEU7, STM32WBA54CEU7TR, STM32WBA54CGU6, STM32WBA54CGU6TR, STM32WBA54CGU7, STM32WBA54CGU7TR, STM32WBA54KEU6, STM32WBA54KEU6TR, STM32WBA54KEU7, STM32WBA54KEU7TR, STM32WBA54KGU6, STM32WBA54KGU6TR, STM32WBA54KGU7, STM32WBA54KGU7TR, STM32WBA55CEU6, STM32WBA55CEU6TR, STM32WBA55CEU7, STM32WBA55CEU7TR, STM32WBA55CGU6, STM32WBA55CGU6TR, STM32WBA55CGU6U, STM32WBA55CGU7, STM32WBA55CGU7TR, STM32WBA55G-DK1, STM32WBA55HEF6, STM32WBA55HEF7, STM32WBA55HGF6, STM32WBA55HGF7, STM32WBA55UEI6, STM32WBA55UEI6TR, STM32WBA55UEI7, STM32WBA55UEI7TR, STM32WBA55UGI6, STM32WBA55UGI6TR, STM32WBA55UGI7, STM32WBA55UGI7TR, STM32WL5MOCH6, STM32WL5MOCH6TR]
2026-09-05 14:22:55,883 [INFO] DbMcus:218 - Found 5304 MCUs, 5116 are supported
2026-09-05 14:22:55,884 [INFO] ApiDb:423 - Load user favorites file C:\Users\user/.stm32cubeide/favorites.mcus.txt: 0 item(s)
2026-09-05 14:22:55,885 [INFO] ApiDb:427 - User favorites MCUs=[]
2026-09-05 14:22:55,885 [INFO] DbMcus:224 - Set 0 / 0 favorites MCUs
2026-09-05 14:22:56,387 [INFO] BoardInfo:889 - No configuration file found for board B-WBA5M-WPAN
2026-09-05 14:22:56,387 [INFO] DbBoards:161 - Board is not supported: B-WBA5M-WPAN
2026-09-05 14:22:56,391 [INFO] BoardInfo:889 - No configuration file found for board NUCLEO-C051C8
2026-09-05 14:22:56,391 [INFO] DbBoards:161 - Board is not supported: NUCLEO-C051C8
2026-09-05 14:22:56,394 [INFO] BoardInfo:889 - No configuration file found for board NUCLEO-C092RC
2026-09-05 14:22:56,394 [INFO] DbBoards:161 - Board is not supported: NUCLEO-C092RC
2026-09-05 14:22:56,457 [INFO] BoardInfo:889 - No configuration file found for board NUCLEO-H553ZG
2026-09-05 14:22:56,458 [INFO] DbBoards:161 - Board is not supported: NUCLEO-H553ZG
2026-09-05 14:22:56,462 [INFO] BoardInfo:889 - No configuration file found for board NUCLEO-H5E5ZJ
2026-09-05 14:22:56,463 [INFO] DbBoards:161 - Board is not supported: NUCLEO-H5E5ZJ
2026-09-05 14:22:56,507 [INFO] BoardInfo:889 - No configuration file found for board NUCLEO-N657X0-Q
2026-09-05 14:22:56,507 [INFO] DbBoards:161 - Board is not supported: NUCLEO-N657X0-Q
2026-09-05 14:22:56,511 [INFO] BoardInfo:889 - No configuration file found for board NUCLEO-U385RG-Q
2026-09-05 14:22:56,511 [INFO] DbBoards:161 - Board is not supported: NUCLEO-U385RG-Q
2026-09-05 14:22:56,513 [INFO] BoardInfo:889 - No configuration file found for board NUCLEO-U3C5ZI-Q
2026-09-05 14:22:56,513 [INFO] DbBoards:161 - Board is not supported: NUCLEO-U3C5ZI-Q
2026-09-05 14:22:56,522 [INFO] BoardInfo:889 - No configuration file found for board NUCLEO-WBA25CE1
2026-09-05 14:22:56,522 [INFO] DbBoards:161 - Board is not supported: NUCLEO-WBA25CE1
2026-09-05 14:22:56,525 [INFO] BoardInfo:889 - No configuration file found for board NUCLEO-WBA65RI
2026-09-05 14:22:56,526 [INFO] DbBoards:161 - Board is not supported: NUCLEO-WBA65RI
2026-09-05 14:22:56,527 [INFO] BoardInfo:889 - No configuration file found for board NUCLEO-WL33CC1
2026-09-05 14:22:56,528 [INFO] DbBoards:161 - Board is not supported: NUCLEO-WL33CC1
2026-09-05 14:22:56,529 [INFO] BoardInfo:889 - No configuration file found for board NUCLEO-WL33CC2
2026-09-05 14:22:56,529 [INFO] DbBoards:161 - Board is not supported: NUCLEO-WL33CC2
2026-09-05 14:22:56,530 [INFO] BoardInfo:889 - No configuration file found for board NUCLEO-WL3RKB1
2026-09-05 14:22:56,530 [INFO] DbBoards:161 - Board is not supported: NUCLEO-WL3RKB1
2026-09-05 14:22:56,531 [INFO] BoardInfo:889 - No configuration file found for board NUCLEO-WL3RKB2
2026-09-05 14:22:56,532 [INFO] DbBoards:161 - Board is not supported: NUCLEO-WL3RKB2
2026-09-05 14:22:56,537 [INFO] BoardInfo:889 - No configuration file found for board P-NUCLEO-WB55
2026-09-05 14:22:56,538 [INFO] DbBoards:161 - Kit is not supported: P-NUCLEO-WB55
2026-09-05 14:22:56,542 [INFO] BoardInfo:889 - No configuration file found for board STEVAL-BFA001V1B
2026-09-05 14:22:56,543 [INFO] DbBoards:161 - Kit is not supported: STEVAL-BFA001V1B
2026-09-05 14:22:56,544 [INFO] BoardInfo:889 - No configuration file found for board STEVAL-BFA001V2B
2026-09-05 14:22:56,545 [INFO] DbBoards:161 - Kit is not supported: STEVAL-BFA001V2B
2026-09-05 14:22:56,618 [INFO] BoardInfo:889 - No configuration file found for board STM32H5F5J-DK
2026-09-05 14:22:56,618 [INFO] DbBoards:161 - Board is not supported: STM32H5F5J-DK
2026-09-05 14:22:56,658 [INFO] BoardInfo:889 - No configuration file found for board STM32MP215F-DK
2026-09-05 14:22:56,659 [INFO] DbBoards:161 - Board is not supported: STM32MP215F-DK
2026-09-05 14:22:56,662 [INFO] BoardInfo:889 - No configuration file found for board STM32N6570-DK
2026-09-05 14:22:56,663 [INFO] DbBoards:161 - Board is not supported: STM32N6570-DK
2026-09-05 14:22:56,672 [INFO] BoardInfo:889 - No configuration file found for board STM32WBA65I-DK1
2026-09-05 14:22:56,672 [INFO] DbBoards:161 - Board is not supported: STM32WBA65I-DK1
2026-09-05 14:22:56,672 [INFO] DbBoards:168 - Found 219 boards, 198 are supported
2026-09-05 14:22:56,672 [INFO] DbBoards:169 - Found 219 boards, 25 of them is supported for  Bsp
2026-09-05 14:22:56,675 [INFO] ApiDb:423 - Load user favorites file C:\Users\user/.stm32cubeide/favorites.boards.txt: 0 item(s)
2026-09-05 14:22:56,676 [INFO] ApiDb:427 - User favorites Boards=[]
2026-09-05 14:22:56,676 [INFO] DbBoards:198 - Set 0 / 0 favorites Boards
2026-09-05 14:22:56,738 [INFO] UtilMem:75 - End LoadConfig() Used Memory: 218974080 Bytes (290455552)
2026-09-05 14:22:56,923 [WARN] ThirdParty:833 - waiting for thirdparty lock release [change project]
2026-09-05 14:22:56,923 [INFO] ThirdParty:835 - entering critical section [change project]
2026-09-05 14:22:56,923 [INFO] ThirdParty:1030 - CMSIS Pack Vendor :STMicroelectronics X-CUBE-AZRTOS-H7 3.5.0
2026-09-05 14:22:56,923 [INFO] ThirdParty:1030 - CMSIS Pack Vendor :STMicroelectronics X-CUBE-PM33A1 1.0.0
2026-09-05 14:22:56,923 [INFO] ThirdParty:1030 - CMSIS Pack Vendor :STMicroelectronics USBPD 4.1
2026-09-05 14:22:56,923 [INFO] ThirdParty:1030 - CMSIS Pack Vendor :STMicroelectronics X-CUBE-AZRTOS-H7 3.3.0
2026-09-05 14:22:56,923 [INFO] ThirdParty:1030 - CMSIS Pack Vendor :STMicroelectronics X-CUBE-NFC9 1.0.0
2026-09-05 14:22:56,923 [INFO] ThirdParty:1030 - CMSIS Pack Vendor :STMicroelectronics USB_HOST 2.0.0
2026-09-05 14:22:56,923 [INFO] ThirdParty:1030 - CMSIS Pack Vendor :STMicroelectronics FP-SNS-MOTENVWB1 1.4.0
2026-09-05 14:22:56,923 [INFO] ThirdParty:1030 - CMSIS Pack Vendor :STMicroelectronics FP-ATR-ASTRA1 2.0.3
2026-09-05 14:22:56,923 [INFO] ThirdParty:1030 - CMSIS Pack Vendor :STMicroelectronics X-CUBE-AZRTOS-F4 1.1.0
2026-09-05 14:22:56,924 [INFO] ThirdParty:1030 - CMSIS Pack Vendor :STMicroelectronics LIBJPEG 8.0.0
2026-09-05 14:22:56,924 [INFO] ThirdParty:1030 - CMSIS Pack Vendor :STMicroelectronics FP-ATR-ASTRA1 2.0.2
2026-09-05 14:22:56,924 [INFO] ThirdParty:1030 - CMSIS Pack Vendor :STMicroelectronics X-CUBE-BLE1 7.1.0
2026-09-05 14:22:56,924 [INFO] ThirdParty:1030 - CMSIS Pack Vendor :STMicroelectronics X-CUBE-SMBUS 2.1.0
2026-09-05 14:22:56,924 [INFO] ThirdParty:1030 - CMSIS Pack Vendor :wolfSSL I-CUBE-wolfMQTT 1.19.2
2026-09-05 14:22:56,924 [INFO] ThirdParty:1030 - CMSIS Pack Vendor :STMicroelectronics USB_DEVICE 3.0.0
2026-09-05 14:22:56,924 [INFO] ThirdParty:1030 - CMSIS Pack Vendor :STMicroelectronics X-CUBE-ISPU 2.1.0
2026-09-05 14:22:56,924 [INFO] ThirdParty:1030 - CMSIS Pack Vendor :STMicroelectronics X-CUBE-EEPRMA1 5.2.0
2026-09-05 14:22:56,924 [INFO] ThirdParty:1030 - CMSIS Pack Vendor :STMicroelectronics X-CUBE-AZRTOS-WB 2.0.0
2026-09-05 14:22:56,924 [INFO] ThirdParty:1030 - CMSIS Pack Vendor :STMicroelectronics X-CUBE-GNSS1 7.0.1
2026-09-05 14:22:56,924 [INFO] ThirdParty:1030 - CMSIS Pack Vendor :STMicroelectronics X-CUBE-NFC12 1.0.0
2026-09-05 14:22:56,924 [INFO] ThirdParty:1030 - CMSIS Pack Vendor :STMicroelectronics X-CUBE-AZRTOS-F7 1.1.0
2026-09-05 14:22:56,924 [INFO] ThirdParty:1030 - CMSIS Pack Vendor :STMicroelectronics X-CUBE-AZRTOS-L5 2.0.0
2026-09-05 14:22:56,924 [INFO] ThirdParty:1030 - CMSIS Pack Vendor :STMicroelectronics X-CUBE-TOUCHGFX 4.25.0
2026-09-05 14:22:56,924 [INFO] ThirdParty:1030 - CMSIS Pack Vendor :STMicroelectronics USB_DEVICE 2.0.0
2026-09-05 14:22:56,924 [INFO] ThirdParty:1030 - CMSIS Pack Vendor :STMicroelectronics X-CUBE-NFC6 3.1.0
2026-09-05 14:22:56,924 [INFO] ThirdParty:1030 - CMSIS Pack Vendor :STMicroelectronics X-CUBE-AI 10.1.0
2026-09-05 14:22:56,924 [INFO] ThirdParty:1030 - CMSIS Pack Vendor :STMicroelectronics FP-SNS-STBOX1 2.0.0
2026-09-05 14:22:56,924 [INFO] ThirdParty:1030 - CMSIS Pack Vendor :STMicroelectronics X-CUBE-STSE01 2.0.0
2026-09-05 14:22:56,924 [INFO] ThirdParty:1030 - CMSIS Pack Vendor :STMicroelectronics X-CUBE-ALGOBUILD 1.5.0
2026-09-05 14:22:56,924 [INFO] ThirdParty:1030 - CMSIS Pack Vendor :STMicroelectronics FreeRTOS 0.0.1
2026-09-05 14:22:56,924 [INFO] ThirdParty:1030 - CMSIS Pack Vendor :STMicroelectronics X-CUBE-AZRTOS-H7RS 1.3.0
2026-09-05 14:22:56,926 [INFO] ThirdParty:1030 - CMSIS Pack Vendor :STMicroelectronics X-CUBE-AZRTOS-G0 1.1.0
2026-09-05 14:22:56,926 [INFO] ThirdParty:1030 - CMSIS Pack Vendor :STMicroelectronics X-CUBE-SAFEA1 1.2.2
2026-09-05 14:22:56,926 [INFO] ThirdParty:1030 - CMSIS Pack Vendor :STMicroelectronics X-CUBE-NFC4 3.0.0
2026-09-05 14:22:56,926 [INFO] ThirdParty:1030 - CMSIS Pack Vendor :STMicroelectronics X-CUBE-SUBG2 5.0.0
2026-09-05 14:22:56,926 [INFO] ThirdParty:1030 - CMSIS Pack Vendor :STMicroelectronics X-CUBE-AZRTOS-H7RS 1.1.0
2026-09-05 14:22:56,926 [INFO] ThirdParty:1030 - CMSIS Pack Vendor :STMicroelectronics STM32_WPAN 1.0.0
2026-09-05 14:22:56,926 [INFO] ThirdParty:1030 - CMSIS Pack Vendor :EmbeddedOffice I-CUBE-FS-RTOS 1.0.1
2026-09-05 14:22:56,926 [INFO] ThirdParty:1030 - CMSIS Pack Vendor :STMicroelectronics lwIP 2.0.3
2026-09-05 14:22:56,926 [INFO] ThirdParty:1030 - CMSIS Pack Vendor :STMicroelectronics X-CUBE-MEMS1 13.0.0
2026-09-05 14:22:56,927 [INFO] ThirdParty:1030 - CMSIS Pack Vendor :Cesanta I-CUBE-Mongoose 7.13.0
2026-09-05 14:22:56,927 [INFO] ThirdParty:1030 - CMSIS Pack Vendor :STMicroelectronics USB_HOST 1.0.0
2026-09-05 14:22:56,927 [INFO] ThirdParty:1030 - CMSIS Pack Vendor :Infineon AIROC-Wi-Fi-Bluetooth-STM32 1.7.0
2026-09-05 14:22:56,927 [INFO] ThirdParty:1030 - CMSIS Pack Vendor :STMicroelectronics X-CUBE-AZRTOS-G4 2.0.0
2026-09-05 14:22:56,927 [INFO] ThirdParty:1030 - CMSIS Pack Vendor :STMicroelectronics X-CUBE-WB05N 2.0.0
2026-09-05 14:22:56,927 [INFO] ThirdParty:1030 - CMSIS Pack Vendor :STMicroelectronics PDM2PCM 3.1.0
2026-09-05 14:22:56,927 [INFO] ThirdParty:1030 - CMSIS Pack Vendor :STMicroelectronics PDM2PCM 3.3.0
2026-09-05 14:22:56,927 [INFO] ThirdParty:1030 - CMSIS Pack Vendor :wolfSSL I-CUBE-wolfTPM 3.8.0
2026-09-05 14:22:56,927 [INFO] ThirdParty:1030 - CMSIS Pack Vendor :STMicroelectronics X-CUBE-DISPLAY 3.0.0
2026-09-05 14:22:56,927 [INFO] ThirdParty:1030 - CMSIS Pack Vendor :wolfSSL I-CUBE-wolfSSH 1.4.20
2026-09-05 14:22:56,927 [INFO] ThirdParty:1030 - CMSIS Pack Vendor :STMicroelectronics X-CUBE-NFC7 2.0.0
2026-09-05 14:22:56,927 [INFO] ThirdParty:1030 - CMSIS Pack Vendor :STMicroelectronics X-CUBE-GNSS1 7.1.1
2026-09-05 14:22:56,927 [INFO] ThirdParty:1030 - CMSIS Pack Vendor :RealThread X-CUBE-RT-Thread_Nano 4.1.1
2026-09-05 14:22:56,927 [INFO] ThirdParty:1030 - CMSIS Pack Vendor :STMicroelectronics FP-ATR-SIGFOX1 3.2.0
2026-09-05 14:22:56,927 [INFO] ThirdParty:1030 - CMSIS Pack Vendor :STMicroelectronics X-CUBE-NFC10 1.0.0
2026-09-05 14:22:56,927 [INFO] ThirdParty:1030 - CMSIS Pack Vendor :STMicroelectronics X-CUBE-BLEMGR 4.0.0
2026-09-05 14:22:56,928 [INFO] ThirdParty:1030 - CMSIS Pack Vendor :STMicroelectronics X-CUBE-EEPRMA1 5.1.0
2026-09-05 14:22:56,928 [INFO] ThirdParty:1030 - CMSIS Pack Vendor :STMicroelectronics X-CUBE-FREERTOS 1.3.1
2026-09-05 14:22:56,928 [INFO] ThirdParty:1030 - CMSIS Pack Vendor :STMicroelectronics HAL Drivers 0.0.0
2026-09-05 14:22:56,928 [INFO] ThirdParty:1030 - CMSIS Pack Vendor :STMicroelectronics MBEDTLS 2.16.2
2026-09-05 14:22:56,928 [INFO] ThirdParty:1030 - CMSIS Pack Vendor :STMicroelectronics X-CUBE-ALS 1.0.2
2026-09-05 14:22:56,928 [INFO] ThirdParty:1030 - CMSIS Pack Vendor :emotas I-CUBE-CANOPEN 1.3.0
2026-09-05 14:22:56,928 [INFO] ThirdParty:1030 - CMSIS Pack Vendor :STMicroelectronics MBEDTLS 2.14.1
2026-09-05 14:22:56,928 [INFO] ThirdParty:1030 - CMSIS Pack Vendor :ITTIA_DB I-CUBE-ITTIADB 8.9.0
2026-09-05 14:22:56,928 [INFO] ThirdParty:1030 - CMSIS Pack Vendor :STMicroelectronics X-CUBE-TOUCHGFX 4.26.1
2026-09-05 14:22:56,928 [INFO] ThirdParty:1030 - CMSIS Pack Vendor :portGmbH I-Cube-SoM-uGOAL 1.1.0
2026-09-05 14:22:56,928 [INFO] ThirdParty:1030 - CMSIS Pack Vendor :STMicroelectronics X-CUBE-NFC6 3.2.0
2026-09-05 14:22:56,928 [INFO] ThirdParty:1030 - CMSIS Pack Vendor :quantropi X-CUBE-qispace-sdk-base 2.0.0
2026-09-05 14:22:56,928 [INFO] ThirdParty:1030 - CMSIS Pack Vendor :STMicroelectronics X-CUBE-AI 10.2.1
2026-09-05 14:22:56,928 [INFO] ThirdParty:1030 - CMSIS Pack Vendor :STMicroelectronics ThreadX 1.0.0
2026-09-05 14:22:56,928 [INFO] ThirdParty:1030 - CMSIS Pack Vendor :STMicroelectronics FP-SNS-SMARTAG2 1.2.0
2026-09-05 14:22:56,928 [INFO] ThirdParty:1030 - CMSIS Pack Vendor :STMicroelectronics X-CUBE-AZRTOS-WL 2.0.0
2026-09-05 14:22:56,928 [INFO] ThirdParty:1030 - CMSIS Pack Vendor :SEGGER I-CUBE-embOS 1.3.1
2026-09-05 14:22:56,928 [INFO] ThirdParty:1030 - CMSIS Pack Vendor :STMicroelectronics X-CUBE-ALGOBUILD 1.4.0
2026-09-05 14:22:56,928 [INFO] ThirdParty:1030 - CMSIS Pack Vendor :STMicroelectronics X-CUBE-DPower 1.3.0
2026-09-05 14:22:56,928 [INFO] ThirdParty:1030 - CMSIS Pack Vendor :STMicroelectronics X-CUBE-MEMS1 11.3.0
2026-09-05 14:22:56,928 [INFO] ThirdParty:1030 - CMSIS Pack Vendor :STMicroelectronics FP-SNS-MOTENV1 5.0.0
2026-09-05 14:22:56,928 [INFO] ThirdParty:1030 - CMSIS Pack Vendor :STMicroelectronics USB_DEVICE 1.0.0
2026-09-05 14:22:56,928 [INFO] ThirdParty:1030 - CMSIS Pack Vendor :STMicroelectronics X-CUBE-AZRTOS-L4 2.0.0
2026-09-05 14:22:56,928 [INFO] ThirdParty:1030 - CMSIS Pack Vendor :STMicroelectronics ThreadX 0.0.2
2026-09-05 14:22:56,929 [INFO] ThirdParty:1030 - CMSIS Pack Vendor :WES I-CUBE-Cesium 1.3.0
2026-09-05 14:22:56,929 [INFO] ThirdParty:1030 - CMSIS Pack Vendor :STMicroelectronics lwIP 2.1.2
2026-09-05 14:22:56,929 [INFO] ThirdParty:1030 - CMSIS Pack Vendor :STMicroelectronics X-CUBE-SFXS2LP1 4.0.0
2026-09-05 14:22:56,929 [INFO] ThirdParty:1030 - CMSIS Pack Vendor :STMicroelectronics X-CUBE-BLE2 3.3.0
2026-09-05 14:22:56,929 [INFO] ThirdParty:1030 - CMSIS Pack Vendor :STMicroelectronics X-CUBE-NFC13 1.0.0
2026-09-05 14:22:56,929 [INFO] ThirdParty:1030 - CMSIS Pack Vendor :STMicroelectronics PDM2PCM 3.2.0
2026-09-05 14:22:56,929 [INFO] ThirdParty:1030 - CMSIS Pack Vendor :STMicroelectronics X-CUBE-WB05N 2.1.0
2026-09-05 14:22:56,929 [INFO] ThirdParty:841 - exiting critical section [change project]
2026-09-05 14:22:57,839 [INFO] PinOutPanel:1561 - setPackage(No Configuration,No Configuration)
2026-09-05 14:22:57,840 [INFO] PinOutPanel:1561 - setPackage(STM32F446RETx,LQFP64)
2026-09-05 14:22:58,655 [INFO] UtilMem:75 - Before build in PCC Used Memory: 153327992 Bytes (290455552)
2026-09-05 14:23:00,019 [INFO] UtilMem:75 - After build in PCC Used Memory: 229961712 Bytes (290455552)
2026-09-05 14:23:00,086 [INFO] IPUIPlugin:80 - create IPUIPlugin
2026-09-05 14:23:00,088 [INFO] IPUIPlugin:80 - create IPUIPlugin
2026-09-05 14:23:00,088 [INFO] IPUIPlugin:80 - create IPUIPlugin
2026-09-05 14:23:00,088 [INFO] IPUIPlugin:80 - create IPUIPlugin
2026-09-05 14:23:00,088 [INFO] IPUIPlugin:80 - create IPUIPlugin
2026-09-05 14:23:00,089 [INFO] IPUIPlugin:80 - create IPUIPlugin
2026-09-05 14:23:00,089 [INFO] IPUIPlugin:80 - create IPUIPlugin
2026-09-05 14:23:00,090 [INFO] IPUIPlugin:80 - create IPUIPlugin
2026-09-05 14:23:00,090 [INFO] IPUIPlugin:80 - create IPUIPlugin
2026-09-05 14:23:00,090 [INFO] IPUIPlugin:80 - create IPUIPlugin
2026-09-05 14:23:00,090 [INFO] IPUIPlugin:80 - create IPUIPlugin
2026-09-05 14:23:00,090 [INFO] IPUIPlugin:80 - create IPUIPlugin
2026-09-05 14:23:00,091 [INFO] IPUIPlugin:80 - create IPUIPlugin
2026-09-05 14:23:00,091 [INFO] IPUIPlugin:80 - create IPUIPlugin
2026-09-05 14:23:00,091 [INFO] IPUIPlugin:80 - create IPUIPlugin
2026-09-05 14:23:00,091 [INFO] IPUIPlugin:80 - create IPUIPlugin
2026-09-05 14:23:00,091 [INFO] IPUIPlugin:80 - create IPUIPlugin
2026-09-05 14:23:00,092 [INFO] IPUIPlugin:80 - create IPUIPlugin
2026-09-05 14:23:00,092 [INFO] IPUIPlugin:80 - create IPUIPlugin
2026-09-05 14:23:00,092 [INFO] IPUIPlugin:80 - create IPUIPlugin
2026-09-05 14:23:00,092 [INFO] IPUIPlugin:80 - create IPUIPlugin
2026-09-05 14:23:00,093 [INFO] IPUIPlugin:80 - create IPUIPlugin
2026-09-05 14:23:00,093 [INFO] IPUIPlugin:80 - create IPUIPlugin
2026-09-05 14:23:00,094 [INFO] IPUIPlugin:80 - create IPUIPlugin
2026-09-05 14:23:00,094 [INFO] IPUIPlugin:80 - create IPUIPlugin
2026-09-05 14:23:00,094 [INFO] IPUIPlugin:80 - create IPUIPlugin
2026-09-05 14:23:00,096 [INFO] IPUIPlugin:80 - create IPUIPlugin
2026-09-05 14:23:00,096 [INFO] IPUIPlugin:80 - create IPUIPlugin
2026-09-05 14:23:00,096 [INFO] IPUIPlugin:80 - create IPUIPlugin
2026-09-05 14:23:00,097 [INFO] IPUIPlugin:80 - create IPUIPlugin
2026-09-05 14:23:00,097 [INFO] IPUIPlugin:80 - create IPUIPlugin
2026-09-05 14:23:00,097 [INFO] IPUIPlugin:80 - create IPUIPlugin
2026-09-05 14:23:00,098 [INFO] IPUIPlugin:80 - create IPUIPlugin
2026-09-05 14:23:00,098 [INFO] IPUIPlugin:80 - create IPUIPlugin
2026-09-05 14:23:00,098 [INFO] IPUIPlugin:80 - create IPUIPlugin
2026-09-05 14:23:00,099 [INFO] IPUIPlugin:80 - create IPUIPlugin
2026-09-05 14:23:00,099 [INFO] IPUIPlugin:80 - create IPUIPlugin
2026-09-05 14:23:00,100 [INFO] IPUIPlugin:80 - create IPUIPlugin
2026-09-05 14:23:00,100 [INFO] IPUIPlugin:80 - create IPUIPlugin
2026-09-05 14:23:00,100 [INFO] IPUIPlugin:80 - create IPUIPlugin
2026-09-05 14:23:00,106 [INFO] IPUIPlugin:80 - create IPUIPlugin
2026-09-05 14:23:00,107 [INFO] IPUIPlugin:80 - create IPUIPlugin
2026-09-05 14:23:00,107 [INFO] IPUIPlugin:80 - create IPUIPlugin
2026-09-05 14:23:00,107 [INFO] IPUIPlugin:80 - create IPUIPlugin
2026-09-05 14:23:00,108 [INFO] IPUIPlugin:80 - create IPUIPlugin
2026-09-05 14:23:00,108 [INFO] IPUIPlugin:80 - create IPUIPlugin
2026-09-05 14:23:00,108 [INFO] IPUIPlugin:80 - create IPUIPlugin
2026-09-05 14:23:00,108 [INFO] IPUIPlugin:80 - create IPUIPlugin
2026-09-05 14:23:00,108 [INFO] IPUIPlugin:80 - create IPUIPlugin
2026-09-05 14:23:00,110 [INFO] IPUIPlugin:80 - create IPUIPlugin
2026-09-05 14:23:00,110 [INFO] IPUIPlugin:80 - create IPUIPlugin
2026-09-05 14:23:00,111 [INFO] IPUIPlugin:80 - create IPUIPlugin
2026-09-05 14:23:00,111 [INFO] IPUIPlugin:80 - create IPUIPlugin
2026-09-05 14:23:00,112 [INFO] IPUIPlugin:80 - create IPUIPlugin
2026-09-05 14:23:00,112 [INFO] IPUIPlugin:80 - create IPUIPlugin
2026-09-05 14:23:00,113 [INFO] IPUIPlugin:80 - create IPUIPlugin
2026-09-05 14:23:00,113 [INFO] IPUIPlugin:80 - create IPUIPlugin
2026-09-05 14:23:00,114 [INFO] IPUIPlugin:80 - create IPUIPlugin
2026-09-05 14:23:00,115 [INFO] IPUIPlugin:80 - create IPUIPlugin
2026-09-05 14:23:00,116 [INFO] IPUIPlugin:80 - create IPUIPlugin
2026-09-05 14:23:00,255 [INFO] ApiDbMcu:508 - Load IP Config File for PDM2PCM
2026-09-05 14:23:00,590 [INFO] CADModel:165 - CPN selected for project levelSTM32F446RET6
2026-09-05 14:23:00,590 [INFO] CADModel:114 - Register for checkConnection events
2026-09-05 14:23:00,648 [INFO] OpenFileManager:363 - Restore cursor
2026-09-05 14:23:05,054 [INFO] LogOutputStream:77 - [STDOUT_REDIRECT] 
2026-09-05 14:23:05,756 [INFO] McuFinderGlobals:63 - Set McuFinder mode to 2 (CubeIDE integrated)
2026-09-05 14:23:05,767 [INFO] UserAuth:417 - Internet connection configuration mode: 1
2026-09-05 14:23:05,971 [INFO] JxBrowserEngine:152 - Initiate JxBrowser Engine with user profile folder
2026-09-05 14:23:08,436 [INFO] WebApp:167 - Instantiating new browser for Auth
2026-09-05 14:23:09,587 [INFO] WebApp:448 - Apply proxy settings
2026-09-05 14:23:09,594 [INFO] WebApp:493 - Chromium authenticates against Manually configured proxy
2026-09-05 14:23:09,605 [INFO] WebApp:501 - Username used for proxy authentication: 
2026-09-05 14:23:09,659 [INFO] WebApp:869 - Register for checkConnection events
2026-09-05 14:23:09,660 [INFO] WebApp:448 - Apply proxy settings
2026-09-05 14:23:09,664 [INFO] WebApp:493 - Chromium authenticates against Manually configured proxy
2026-09-05 14:23:09,665 [INFO] WebApp:501 - Username used for proxy authentication: 
2026-09-05 14:23:09,925 [INFO] WebApp:220 - Starting web application
2026-09-05 14:23:09,925 [INFO] WebApp:578 - Web application path used D:\ST\STM32CubeIDE_1.16.0\STM32CubeIDE\plugins\com.st.stm32cube.common.mx_6.12.0.202406281431\db\plugins\mcufinder\reactClient1\index.html
2026-09-05 14:23:10,143 [INFO] UserAuth:417 - Internet connection configuration mode: 1
2026-09-05 14:35:17,024 [INFO] WebApp:186 - Connection restablished
2026-09-05 14:35:17,648 [INFO] WebApp:189 - Connection lost
2026-09-05 14:35:18,031 [INFO] WebApp:186 - Connection restablished
2026-09-05 14:36:02,068 [INFO] WebApp:189 - Connection lost
2026-09-05 14:36:02,433 [INFO] WebApp:186 - Connection restablished
2026-09-05 14:36:28,065 [INFO] WebApp:189 - Connection lost
2026-09-05 14:36:28,447 [INFO] WebApp:186 - Connection restablished
2026-09-05 14:37:02,058 [INFO] WebApp:189 - Connection lost
2026-09-05 14:37:02,419 [INFO] WebApp:186 - Connection restablished
2026-09-05 14:37:34,581 [INFO] WebApp:189 - Connection lost
2026-09-05 14:37:34,965 [INFO] WebApp:186 - Connection restablished
2026-09-05 14:37:50,575 [INFO] WebApp:189 - Connection lost
2026-09-05 14:37:50,875 [INFO] WebApp:186 - Connection restablished
2026-09-05 14:38:49,575 [INFO] WebApp:189 - Connection lost
2026-09-05 14:38:51,817 [INFO] WebApp:186 - Connection restablished
2026-09-05 14:38:56,094 [INFO] WebApp:189 - Connection lost
2026-09-05 14:38:56,403 [INFO] WebApp:186 - Connection restablished
2026-09-05 14:39:12,604 [INFO] WebApp:189 - Connection lost
2026-09-05 14:39:12,887 [INFO] WebApp:186 - Connection restablished
2026-09-05 14:39:46,591 [INFO] WebApp:189 - Connection lost
2026-09-05 14:39:46,945 [INFO] WebApp:186 - Connection restablished
2026-09-05 14:40:12,086 [INFO] WebApp:189 - Connection lost
2026-09-05 14:40:12,400 [INFO] WebApp:186 - Connection restablished
2026-09-05 14:41:12,113 [INFO] WebApp:189 - Connection lost
2026-09-05 14:41:12,490 [INFO] WebApp:186 - Connection restablished
2026-09-05 14:42:10,590 [INFO] WebApp:189 - Connection lost
2026-09-05 14:42:10,941 [INFO] WebApp:186 - Connection restablished
2026-09-05 14:43:17,080 [INFO] WebApp:189 - Connection lost
2026-09-05 14:43:17,424 [INFO] WebApp:186 - Connection restablished
2026-09-05 14:44:16,608 [INFO] WebApp:189 - Connection lost
2026-09-05 14:44:16,947 [INFO] WebApp:186 - Connection restablished
2026-09-05 14:44:42,084 [INFO] WebApp:189 - Connection lost
2026-09-05 14:44:42,382 [INFO] WebApp:186 - Connection restablished
2026-09-05 14:45:11,606 [INFO] WebApp:189 - Connection lost
2026-09-05 14:45:11,900 [INFO] WebApp:186 - Connection restablished
2026-09-05 14:45:27,600 [INFO] WebApp:189 - Connection lost
2026-09-05 14:45:27,937 [INFO] WebApp:186 - Connection restablished
2026-09-05 14:45:42,092 [INFO] WebApp:189 - Connection lost
2026-09-05 14:45:42,432 [INFO] WebApp:186 - Connection restablished
2026-09-05 14:46:40,629 [INFO] WebApp:189 - Connection lost
2026-09-05 14:46:40,994 [INFO] WebApp:186 - Connection restablished
2026-09-05 14:47:43,572 [INFO] WebApp:189 - Connection lost
2026-09-05 14:47:43,958 [INFO] WebApp:186 - Connection restablished
2026-09-05 14:48:24,082 [INFO] WebApp:189 - Connection lost
2026-09-05 14:48:24,446 [INFO] WebApp:186 - Connection restablished
2026-09-05 14:48:41,595 [INFO] WebApp:189 - Connection lost
2026-09-05 14:48:41,883 [INFO] WebApp:186 - Connection restablished
2026-09-05 14:50:50,109 [INFO] WebApp:189 - Connection lost
2026-09-05 14:50:50,562 [INFO] WebApp:186 - Connection restablished
2026-09-05 14:51:04,086 [INFO] WebApp:189 - Connection lost
2026-09-05 14:51:04,393 [INFO] WebApp:186 - Connection restablished
2026-09-05 14:51:22,088 [INFO] WebApp:189 - Connection lost
2026-09-05 14:51:22,392 [INFO] WebApp:186 - Connection restablished
2026-09-05 14:51:49,617 [INFO] WebApp:189 - Connection lost
2026-09-05 14:51:49,972 [INFO] WebApp:186 - Connection restablished
2026-09-05 14:52:42,107 [INFO] WebApp:189 - Connection lost
2026-09-05 14:52:42,477 [INFO] WebApp:186 - Connection restablished
2026-09-05 14:53:11,605 [INFO] WebApp:189 - Connection lost
2026-09-05 14:53:11,912 [INFO] WebApp:186 - Connection restablished
2026-09-05 14:53:29,088 [INFO] WebApp:189 - Connection lost
2026-09-05 14:53:29,393 [INFO] WebApp:186 - Connection restablished
2026-09-05 14:54:29,100 [INFO] WebApp:189 - Connection lost
2026-09-05 14:54:29,427 [INFO] WebApp:186 - Connection restablished
2026-09-05 14:54:43,094 [INFO] WebApp:189 - Connection lost
2026-09-05 14:54:43,425 [INFO] WebApp:186 - Connection restablished
2026-09-05 14:55:00,582 [INFO] WebApp:189 - Connection lost
2026-09-05 14:55:00,887 [INFO] WebApp:186 - Connection restablished
2026-09-05 14:55:13,112 [INFO] WebApp:189 - Connection lost
2026-09-05 14:55:13,389 [INFO] WebApp:186 - Connection restablished
2026-09-05 14:55:40,637 [INFO] WebApp:189 - Connection lost
2026-09-05 14:55:40,987 [INFO] WebApp:186 - Connection restablished
2026-09-05 14:56:01,584 [INFO] WebApp:189 - Connection lost
2026-09-05 14:56:01,921 [INFO] WebApp:186 - Connection restablished
2026-09-05 14:56:19,090 [INFO] WebApp:189 - Connection lost
2026-09-05 14:56:19,372 [INFO] WebApp:186 - Connection restablished
2026-09-05 14:56:48,594 [INFO] WebApp:189 - Connection lost
2026-09-05 14:56:48,979 [INFO] WebApp:186 - Connection restablished
2026-09-05 14:58:13,591 [INFO] WebApp:189 - Connection lost
2026-09-05 14:58:13,974 [INFO] WebApp:186 - Connection restablished
2026-09-05 14:59:42,098 [INFO] WebApp:189 - Connection lost
2026-09-05 14:59:42,423 [INFO] WebApp:186 - Connection restablished
2026-09-05 15:00:02,109 [INFO] WebApp:189 - Connection lost
2026-09-05 15:00:02,366 [INFO] WebApp:186 - Connection restablished
2026-09-05 15:00:32,083 [INFO] WebApp:189 - Connection lost
2026-09-05 15:00:32,442 [INFO] WebApp:186 - Connection restablished
2026-09-05 15:01:02,100 [INFO] WebApp:189 - Connection lost
2026-09-05 15:01:02,502 [INFO] WebApp:186 - Connection restablished
2026-09-05 15:01:20,589 [INFO] WebApp:189 - Connection lost
2026-09-05 15:01:20,940 [INFO] WebApp:186 - Connection restablished
2026-09-05 15:02:12,117 [INFO] WebApp:189 - Connection lost
2026-09-05 15:02:12,484 [INFO] WebApp:186 - Connection restablished
2026-09-05 15:02:30,563 [INFO] WebApp:189 - Connection lost
2026-09-05 15:02:30,811 [INFO] WebApp:186 - Connection restablished
2026-09-05 15:02:53,584 [INFO] WebApp:189 - Connection lost
2026-09-05 15:02:53,860 [INFO] WebApp:186 - Connection restablished
2026-09-05 15:03:12,099 [INFO] WebApp:189 - Connection lost
2026-09-05 15:03:12,359 [INFO] WebApp:186 - Connection restablished
2026-09-05 15:03:26,579 [INFO] WebApp:189 - Connection lost
2026-09-05 15:03:26,890 [INFO] WebApp:186 - Connection restablished
2026-09-05 15:04:01,606 [INFO] WebApp:189 - Connection lost
2026-09-05 15:04:01,996 [INFO] WebApp:186 - Connection restablished
2026-09-05 15:04:34,076 [INFO] WebApp:189 - Connection lost
2026-09-05 15:04:34,412 [INFO] WebApp:186 - Connection restablished
2026-09-05 15:05:09,599 [INFO] WebApp:189 - Connection lost
2026-09-05 15:05:09,954 [INFO] WebApp:186 - Connection restablished
2026-09-05 15:06:27,605 [INFO] WebApp:189 - Connection lost
2026-09-05 15:06:28,013 [INFO] WebApp:186 - Connection restablished
2026-09-05 15:07:37,592 [INFO] WebApp:189 - Connection lost
2026-09-05 15:07:38,006 [INFO] WebApp:186 - Connection restablished
2026-09-05 15:08:12,083 [INFO] WebApp:189 - Connection lost
2026-09-05 15:08:12,417 [INFO] WebApp:186 - Connection restablished
2026-09-05 15:08:29,079 [INFO] WebApp:189 - Connection lost
2026-09-05 15:08:29,439 [INFO] WebApp:186 - Connection restablished
2026-09-05 15:09:20,105 [INFO] WebApp:189 - Connection lost
2026-09-05 15:09:20,474 [INFO] WebApp:186 - Connection restablished
2026-09-05 15:09:37,121 [INFO] WebApp:189 - Connection lost
2026-09-05 15:09:37,380 [INFO] WebApp:186 - Connection restablished
2026-09-05 15:09:52,114 [INFO] WebApp:189 - Connection lost
2026-09-05 15:09:52,394 [INFO] WebApp:186 - Connection restablished
2026-09-05 15:10:52,089 [INFO] WebApp:189 - Connection lost
2026-09-05 15:10:52,419 [INFO] WebApp:186 - Connection restablished
2026-09-05 15:11:53,593 [INFO] WebApp:189 - Connection lost
2026-09-05 15:11:53,929 [INFO] WebApp:186 - Connection restablished
2026-09-05 15:12:12,066 [INFO] WebApp:189 - Connection lost
2026-09-05 15:12:12,362 [INFO] WebApp:186 - Connection restablished
2026-09-05 15:13:09,098 [INFO] WebApp:189 - Connection lost
2026-09-05 15:13:09,416 [INFO] WebApp:186 - Connection restablished
2026-09-05 15:13:51,092 [INFO] WebApp:189 - Connection lost
2026-09-05 15:13:51,424 [INFO] WebApp:186 - Connection restablished
2026-09-05 15:14:40,116 [INFO] WebApp:189 - Connection lost
2026-09-05 15:14:40,475 [INFO] WebApp:186 - Connection restablished
2026-09-05 15:14:53,581 [INFO] WebApp:189 - Connection lost
2026-09-05 15:14:53,878 [INFO] WebApp:186 - Connection restablished
2026-09-05 15:15:12,109 [INFO] WebApp:189 - Connection lost
2026-09-05 15:15:12,421 [INFO] WebApp:186 - Connection restablished
2026-09-05 15:15:43,592 [INFO] WebApp:189 - Connection lost
2026-09-05 15:15:44,032 [INFO] WebApp:186 - Connection restablished
2026-09-05 15:16:28,094 [INFO] WebApp:189 - Connection lost
2026-09-05 15:16:28,469 [INFO] WebApp:186 - Connection restablished
2026-09-05 15:18:02,099 [INFO] WebApp:189 - Connection lost
2026-09-05 15:18:02,465 [INFO] WebApp:186 - Connection restablished
2026-09-05 15:19:00,602 [INFO] WebApp:189 - Connection lost
2026-09-05 15:19:00,909 [INFO] WebApp:186 - Connection restablished
2026-09-05 15:19:41,591 [INFO] WebApp:189 - Connection lost
2026-09-05 15:19:41,933 [INFO] WebApp:186 - Connection restablished
2026-09-05 15:20:13,628 [INFO] WebApp:189 - Connection lost
2026-09-05 15:20:14,076 [INFO] WebApp:186 - Connection restablished
2026-09-05 15:20:39,596 [INFO] WebApp:189 - Connection lost
2026-09-05 15:20:40,055 [INFO] WebApp:186 - Connection restablished
2026-09-05 15:21:07,114 [INFO] WebApp:189 - Connection lost
2026-09-05 15:21:07,675 [INFO] WebApp:186 - Connection restablished
2026-09-05 15:22:12,114 [INFO] WebApp:189 - Connection lost
2026-09-05 15:22:12,559 [INFO] WebApp:186 - Connection restablished
2026-09-05 15:22:48,125 [INFO] WebApp:189 - Connection lost
2026-09-05 15:22:48,526 [INFO] WebApp:186 - Connection restablished
2026-09-05 15:23:02,091 [INFO] WebApp:189 - Connection lost
2026-09-05 15:23:02,459 [INFO] WebApp:186 - Connection restablished
2026-09-05 15:24:06,609 [INFO] WebApp:189 - Connection lost
2026-09-05 15:24:07,027 [INFO] WebApp:186 - Connection restablished
2026-09-05 15:24:32,087 [INFO] WebApp:189 - Connection lost
2026-09-05 15:24:32,440 [INFO] WebApp:186 - Connection restablished
2026-09-05 15:24:57,591 [INFO] WebApp:189 - Connection lost
2026-09-05 15:24:57,875 [INFO] WebApp:186 - Connection restablished
2026-09-05 15:25:42,111 [INFO] WebApp:189 - Connection lost
2026-09-05 15:25:42,689 [INFO] WebApp:186 - Connection restablished
2026-09-05 15:58:00,470 [INFO] WebApp:189 - Connection lost
2026-09-05 16:02:39,887 [INFO] WebApp:186 - Connection restablished
2026-09-05 16:05:43,563 [INFO] WebApp:189 - Connection lost
2026-09-05 16:05:43,823 [INFO] WebApp:186 - Connection restablished
2026-09-05 16:08:27,578 [INFO] WebApp:189 - Connection lost
2026-09-05 16:08:27,942 [INFO] WebApp:186 - Connection restablished
2026-09-05 16:11:32,573 [INFO] WebApp:189 - Connection lost
2026-09-05 16:11:32,914 [INFO] WebApp:186 - Connection restablished
2026-09-05 16:16:40,560 [INFO] WebApp:189 - Connection lost
2026-09-05 16:16:58,181 [INFO] WebApp:186 - Connection restablished
2026-09-05 16:19:45,572 [INFO] WebApp:189 - Connection lost
2026-09-05 16:19:45,913 [INFO] WebApp:186 - Connection restablished
2026-09-05 16:22:30,067 [INFO] WebApp:189 - Connection lost
2026-09-05 16:22:30,372 [INFO] WebApp:186 - Connection restablished
2026-09-05 16:32:51,563 [INFO] WebApp:189 - Connection lost
2026-09-05 16:32:51,907 [INFO] WebApp:186 - Connection restablished
2026-09-05 16:35:54,655 [INFO] WebApp:189 - Connection lost
2026-09-05 16:36:01,825 [INFO] WebApp:186 - Connection restablished
2026-09-05 16:52:08,554 [INFO] WebApp:189 - Connection lost
2026-09-05 16:52:08,881 [INFO] WebApp:186 - Connection restablished
2026-09-05 16:56:16,560 [INFO] WebApp:189 - Connection lost
2026-09-05 16:56:16,881 [INFO] WebApp:186 - Connection restablished
2026-09-05 17:06:06,555 [INFO] WebApp:189 - Connection lost
2026-09-05 17:06:06,871 [INFO] WebApp:186 - Connection restablished
2026-09-05 17:07:05,064 [INFO] WebApp:189 - Connection lost
2026-09-05 17:07:05,349 [INFO] WebApp:186 - Connection restablished
2026-09-05 18:09:07,724 [INFO] WebApp:189 - Connection lost
2026-09-05 18:09:08,102 [INFO] WebApp:186 - Connection restablished
2026-09-05 18:09:11,045 [INFO] WebApp:189 - Connection lost
2026-09-05 18:09:11,279 [INFO] WebApp:186 - Connection restablished
2026-09-05 18:09:24,569 [INFO] WebApp:189 - Connection lost
2026-09-05 18:09:25,782 [INFO] WebApp:186 - Connection restablished
2026-09-05 18:09:54,569 [INFO] WebApp:189 - Connection lost
2026-09-05 18:09:54,885 [INFO] WebApp:186 - Connection restablished
2026-09-05 18:10:19,046 [INFO] WebApp:189 - Connection lost
2026-09-05 18:10:19,494 [INFO] WebApp:186 - Connection restablished
2026-09-05 18:11:24,081 [INFO] WebApp:189 - Connection lost
2026-09-05 18:11:24,503 [INFO] WebApp:186 - Connection restablished
2026-09-05 18:13:20,581 [INFO] WebApp:189 - Connection lost
2026-09-05 18:13:20,903 [INFO] WebApp:186 - Connection restablished
2026-09-05 18:14:32,090 [INFO] WebApp:189 - Connection lost
2026-09-05 18:14:32,380 [INFO] WebApp:186 - Connection restablished
2026-09-05 18:15:25,074 [INFO] WebApp:189 - Connection lost
2026-09-05 18:15:25,378 [INFO] WebApp:186 - Connection restablished
2026-09-05 18:15:47,071 [INFO] WebApp:189 - Connection lost
2026-09-05 18:15:49,161 [INFO] WebApp:186 - Connection restablished
2026-09-05 18:15:53,561 [INFO] WebApp:189 - Connection lost
2026-09-05 18:15:53,811 [INFO] WebApp:186 - Connection restablished
2026-09-05 18:16:17,071 [INFO] WebApp:189 - Connection lost
2026-09-05 18:16:17,333 [INFO] WebApp:186 - Connection restablished
2026-09-05 18:16:34,574 [INFO] WebApp:189 - Connection lost
2026-09-05 18:16:34,803 [INFO] WebApp:186 - Connection restablished
2026-09-05 18:17:29,566 [INFO] WebApp:189 - Connection lost
2026-09-05 18:17:29,828 [INFO] WebApp:186 - Connection restablished
2026-09-05 18:18:29,075 [INFO] WebApp:189 - Connection lost
2026-09-05 18:18:29,350 [INFO] WebApp:186 - Connection restablished
2026-09-05 18:18:46,569 [INFO] WebApp:189 - Connection lost
2026-09-05 18:18:46,830 [INFO] WebApp:186 - Connection restablished
2026-09-05 18:19:55,069 [INFO] WebApp:189 - Connection lost
2026-09-05 18:19:55,385 [INFO] WebApp:186 - Connection restablished
2026-09-05 18:20:22,088 [INFO] WebApp:189 - Connection lost
2026-09-05 18:20:22,357 [INFO] WebApp:186 - Connection restablished
2026-09-05 18:22:43,567 [INFO] WebApp:189 - Connection lost
2026-09-05 18:22:43,865 [INFO] WebApp:186 - Connection restablished
2026-09-05 18:23:09,583 [INFO] WebApp:189 - Connection lost
2026-09-05 18:23:09,803 [INFO] WebApp:186 - Connection restablished
2026-09-05 18:24:16,078 [INFO] WebApp:189 - Connection lost
2026-09-05 18:24:16,390 [INFO] WebApp:186 - Connection restablished
2026-09-05 18:24:41,562 [INFO] WebApp:189 - Connection lost
2026-09-05 18:24:41,786 [INFO] WebApp:186 - Connection restablished
2026-09-05 18:24:59,062 [INFO] WebApp:189 - Connection lost
2026-09-05 18:24:59,298 [INFO] WebApp:186 - Connection restablished
2026-09-05 18:25:40,581 [INFO] WebApp:189 - Connection lost
2026-09-05 18:25:42,814 [INFO] WebApp:186 - Connection restablished
2026-09-05 18:25:45,063 [INFO] WebApp:189 - Connection lost
2026-09-05 18:25:45,325 [INFO] WebApp:186 - Connection restablished
2026-09-05 18:26:45,583 [INFO] WebApp:189 - Connection lost
2026-09-05 18:26:46,014 [INFO] WebApp:186 - Connection restablished
2026-09-05 18:26:55,076 [INFO] WebApp:189 - Connection lost
2026-09-05 18:26:55,326 [INFO] WebApp:186 - Connection restablished
2026-09-05 18:27:14,584 [INFO] WebApp:189 - Connection lost
2026-09-05 18:27:14,829 [INFO] WebApp:186 - Connection restablished
2026-09-05 18:27:32,567 [INFO] WebApp:189 - Connection lost
2026-09-05 18:27:32,779 [INFO] WebApp:186 - Connection restablished
2026-09-05 18:27:50,584 [INFO] WebApp:189 - Connection lost
2026-09-05 18:27:50,814 [INFO] WebApp:186 - Connection restablished
2026-09-05 18:27:55,066 [INFO] WebApp:189 - Connection lost
2026-09-05 18:27:55,307 [INFO] WebApp:186 - Connection restablished
2026-09-05 18:28:25,072 [INFO] WebApp:189 - Connection lost
2026-09-05 18:28:25,342 [INFO] WebApp:186 - Connection restablished
2026-09-05 18:29:50,062 [INFO] WebApp:189 - Connection lost
2026-09-05 18:29:50,490 [INFO] WebApp:186 - Connection restablished
2026-09-05 18:30:55,587 [INFO] WebApp:189 - Connection lost
2026-09-05 18:30:55,844 [INFO] WebApp:186 - Connection restablished
2026-09-05 18:31:46,573 [INFO] WebApp:189 - Connection lost
2026-09-05 18:31:46,860 [INFO] WebApp:186 - Connection restablished
2026-09-05 18:32:23,073 [INFO] WebApp:189 - Connection lost
2026-09-05 18:32:23,374 [INFO] WebApp:186 - Connection restablished
2026-09-05 18:33:41,060 [INFO] WebApp:189 - Connection lost
2026-09-05 18:33:41,372 [INFO] WebApp:186 - Connection restablished
2026-09-05 18:33:56,559 [INFO] WebApp:189 - Connection lost
2026-09-05 18:33:56,794 [INFO] WebApp:186 - Connection restablished
2026-09-05 18:35:04,565 [INFO] WebApp:189 - Connection lost
2026-09-05 18:35:04,845 [INFO] WebApp:186 - Connection restablished
2026-09-05 18:35:19,564 [INFO] WebApp:189 - Connection lost
2026-09-05 18:35:19,800 [INFO] WebApp:186 - Connection restablished
2026-09-05 18:36:04,571 [INFO] WebApp:189 - Connection lost
2026-09-05 18:36:04,866 [INFO] WebApp:186 - Connection restablished
2026-09-05 18:36:40,072 [INFO] WebApp:189 - Connection lost
2026-09-05 18:36:40,357 [INFO] WebApp:186 - Connection restablished
2026-09-05 18:36:57,576 [INFO] WebApp:189 - Connection lost
2026-09-05 18:36:57,801 [INFO] WebApp:186 - Connection restablished
2026-09-05 18:37:24,571 [INFO] WebApp:189 - Connection lost
2026-09-05 18:37:24,816 [INFO] WebApp:186 - Connection restablished
2026-09-05 18:38:40,079 [INFO] WebApp:189 - Connection lost
2026-09-05 18:38:40,773 [INFO] WebApp:186 - Connection restablished
2026-09-05 18:39:49,587 [INFO] WebApp:189 - Connection lost
2026-09-05 18:39:49,919 [INFO] WebApp:186 - Connection restablished
2026-09-05 18:40:14,586 [INFO] WebApp:189 - Connection lost
2026-09-05 18:40:14,836 [INFO] WebApp:186 - Connection restablished
2026-09-05 18:40:51,574 [INFO] WebApp:189 - Connection lost
2026-09-05 18:40:51,873 [INFO] WebApp:186 - Connection restablished
2026-09-05 18:41:19,569 [INFO] WebApp:189 - Connection lost
2026-09-05 18:41:19,839 [INFO] WebApp:186 - Connection restablished
2026-09-05 18:41:52,069 [INFO] WebApp:189 - Connection lost
2026-09-05 18:41:52,403 [INFO] WebApp:186 - Connection restablished
2026-09-05 18:42:15,590 [INFO] WebApp:189 - Connection lost
2026-09-05 18:42:15,845 [INFO] WebApp:186 - Connection restablished
2026-09-05 18:42:42,572 [INFO] WebApp:189 - Connection lost
2026-09-05 18:42:42,819 [INFO] WebApp:186 - Connection restablished
2026-09-05 18:43:02,069 [INFO] WebApp:189 - Connection lost
2026-09-05 18:43:02,323 [INFO] WebApp:186 - Connection restablished
2026-09-05 18:43:49,565 [INFO] WebApp:189 - Connection lost
2026-09-05 18:43:50,116 [INFO] WebApp:186 - Connection restablished
2026-09-05 18:45:00,587 [INFO] WebApp:189 - Connection lost
2026-09-05 18:45:00,862 [INFO] WebApp:186 - Connection restablished
2026-09-05 18:45:24,566 [INFO] WebApp:189 - Connection lost
2026-09-05 18:45:24,814 [INFO] WebApp:186 - Connection restablished
2026-09-05 18:46:05,078 [INFO] WebApp:189 - Connection lost
2026-09-05 18:46:05,368 [INFO] WebApp:186 - Connection restablished
2026-09-05 18:46:23,070 [INFO] WebApp:189 - Connection lost
2026-09-05 18:46:23,320 [INFO] WebApp:186 - Connection restablished
2026-09-05 18:46:56,069 [INFO] WebApp:189 - Connection lost
2026-09-05 18:46:56,384 [INFO] WebApp:186 - Connection restablished
2026-09-05 18:47:24,573 [INFO] WebApp:189 - Connection lost
2026-09-05 18:47:24,837 [INFO] WebApp:186 - Connection restablished
2026-09-05 18:47:53,089 [INFO] WebApp:189 - Connection lost
2026-09-05 18:47:53,339 [INFO] WebApp:186 - Connection restablished
2026-09-05 18:48:35,092 [INFO] WebApp:189 - Connection lost
2026-09-05 18:48:35,371 [INFO] WebApp:186 - Connection restablished
2026-09-05 18:50:42,572 [INFO] WebApp:189 - Connection lost
2026-09-05 18:50:42,867 [INFO] WebApp:186 - Connection restablished
2026-09-05 18:51:03,074 [INFO] WebApp:189 - Connection lost
2026-09-05 18:51:03,318 [INFO] WebApp:186 - Connection restablished
2026-09-05 18:51:21,563 [INFO] WebApp:189 - Connection lost
2026-09-05 18:51:21,833 [INFO] WebApp:186 - Connection restablished
2026-09-05 18:52:39,569 [INFO] WebApp:189 - Connection lost
2026-09-05 18:52:39,906 [INFO] WebApp:186 - Connection restablished
2026-09-05 18:53:27,068 [INFO] WebApp:189 - Connection lost
2026-09-05 18:53:27,413 [INFO] WebApp:186 - Connection restablished
2026-09-05 18:53:45,071 [INFO] WebApp:189 - Connection lost
2026-09-05 18:53:45,330 [INFO] WebApp:186 - Connection restablished
2026-09-05 18:54:13,565 [INFO] WebApp:189 - Connection lost
2026-09-05 18:54:13,828 [INFO] WebApp:186 - Connection restablished
2026-09-05 18:55:00,572 [INFO] WebApp:189 - Connection lost
2026-09-05 18:55:00,876 [INFO] WebApp:186 - Connection restablished
2026-09-05 18:55:25,075 [INFO] WebApp:189 - Connection lost
2026-09-05 18:55:25,306 [INFO] WebApp:186 - Connection restablished
2026-09-05 18:57:14,556 [INFO] WebApp:189 - Connection lost
2026-09-05 18:57:14,919 [INFO] WebApp:186 - Connection restablished
2026-09-05 18:57:41,564 [INFO] WebApp:189 - Connection lost
2026-09-05 18:57:41,829 [INFO] WebApp:186 - Connection restablished
2026-09-05 18:58:24,586 [INFO] WebApp:189 - Connection lost
2026-09-05 18:58:24,925 [INFO] WebApp:186 - Connection restablished
2026-09-05 18:58:48,078 [INFO] WebApp:189 - Connection lost
2026-09-05 18:58:48,333 [INFO] WebApp:186 - Connection restablished
2026-09-05 18:59:17,084 [INFO] WebApp:189 - Connection lost
2026-09-05 18:59:17,362 [INFO] WebApp:186 - Connection restablished
2026-09-05 18:59:34,561 [INFO] WebApp:189 - Connection lost
2026-09-05 18:59:34,772 [INFO] WebApp:186 - Connection restablished
2026-09-05 19:00:09,081 [INFO] WebApp:189 - Connection lost
2026-09-05 19:00:09,368 [INFO] WebApp:186 - Connection restablished
2026-09-05 19:01:33,568 [INFO] WebApp:189 - Connection lost
2026-09-05 19:01:33,869 [INFO] WebApp:186 - Connection restablished
2026-09-05 19:02:00,569 [INFO] WebApp:189 - Connection lost
2026-09-05 19:02:00,803 [INFO] WebApp:186 - Connection restablished
2026-09-05 19:03:12,074 [INFO] WebApp:189 - Connection lost
2026-09-05 19:03:12,559 [INFO] WebApp:186 - Connection restablished
2026-09-05 19:03:45,568 [INFO] WebApp:189 - Connection lost
2026-09-05 19:03:45,847 [INFO] WebApp:186 - Connection restablished
2026-09-05 19:05:32,569 [INFO] WebApp:189 - Connection lost
2026-09-05 19:05:32,944 [INFO] WebApp:186 - Connection restablished
2026-09-05 19:06:14,578 [INFO] WebApp:189 - Connection lost
2026-09-05 19:06:14,883 [INFO] WebApp:186 - Connection restablished
2026-09-05 19:07:43,579 [INFO] WebApp:189 - Connection lost
2026-09-05 19:07:43,874 [INFO] WebApp:186 - Connection restablished
2026-09-05 19:07:59,564 [INFO] WebApp:189 - Connection lost
2026-09-05 19:07:59,837 [INFO] WebApp:186 - Connection restablished
2026-09-05 19:08:29,080 [INFO] WebApp:189 - Connection lost
2026-09-05 19:08:29,421 [INFO] WebApp:186 - Connection restablished
2026-09-05 19:09:43,085 [INFO] WebApp:189 - Connection lost
2026-09-05 19:09:43,393 [INFO] WebApp:186 - Connection restablished
2026-09-05 19:10:00,580 [INFO] WebApp:189 - Connection lost
2026-09-05 19:10:00,817 [INFO] WebApp:186 - Connection restablished
2026-09-05 19:10:15,067 [INFO] WebApp:189 - Connection lost
2026-09-05 19:10:15,335 [INFO] WebApp:186 - Connection restablished
2026-09-05 20:06:42,391 [INFO] WebApp:189 - Connection lost
2026-09-05 20:11:12,774 [INFO] WebApp:186 - Connection restablished
2026-09-05 20:11:15,565 [INFO] WebApp:189 - Connection lost
2026-09-05 20:11:16,404 [INFO] WebApp:186 - Connection restablished
2026-09-05 20:12:05,576 [INFO] WebApp:189 - Connection lost
2026-09-05 20:12:06,032 [INFO] WebApp:186 - Connection restablished
2026-09-05 20:12:46,584 [INFO] WebApp:189 - Connection lost
2026-09-05 20:12:46,914 [INFO] WebApp:186 - Connection restablished
2026-09-05 20:13:04,565 [INFO] WebApp:189 - Connection lost
2026-09-05 20:13:04,806 [INFO] WebApp:186 - Connection restablished
2026-09-05 20:13:37,565 [INFO] WebApp:189 - Connection lost
2026-09-05 20:13:37,858 [INFO] WebApp:186 - Connection restablished
2026-09-05 20:13:56,589 [INFO] WebApp:189 - Connection lost
2026-09-05 20:13:56,818 [INFO] WebApp:186 - Connection restablished
2026-09-05 20:14:32,560 [INFO] WebApp:189 - Connection lost
2026-09-05 20:14:32,927 [INFO] WebApp:186 - Connection restablished
2026-09-05 20:16:16,586 [INFO] WebApp:189 - Connection lost
2026-09-05 20:16:16,903 [INFO] WebApp:186 - Connection restablished
2026-09-05 20:16:45,072 [INFO] WebApp:189 - Connection lost
2026-09-05 20:16:45,309 [INFO] WebApp:186 - Connection restablished
2026-09-05 20:17:04,581 [INFO] WebApp:189 - Connection lost
2026-09-05 20:17:04,867 [INFO] WebApp:186 - Connection restablished
2026-09-05 20:17:46,584 [INFO] WebApp:189 - Connection lost
2026-09-05 20:17:46,890 [INFO] WebApp:186 - Connection restablished
2026-09-05 20:18:06,590 [INFO] WebApp:189 - Connection lost
2026-09-05 20:18:06,856 [INFO] WebApp:186 - Connection restablished
2026-09-05 20:18:34,574 [INFO] WebApp:189 - Connection lost
2026-09-05 20:18:34,845 [INFO] WebApp:186 - Connection restablished
2026-09-05 20:18:58,574 [INFO] WebApp:189 - Connection lost
2026-09-05 20:18:58,812 [INFO] WebApp:186 - Connection restablished
2026-09-05 20:19:26,590 [INFO] WebApp:189 - Connection lost
2026-09-05 20:19:26,839 [INFO] WebApp:186 - Connection restablished
2026-09-05 20:20:26,589 [INFO] WebApp:189 - Connection lost
2026-09-05 20:20:26,952 [INFO] WebApp:186 - Connection restablished
2026-09-05 20:20:37,169 [ERROR] LogOutputStream:75 - [STDERR_REDIRECT] 
2026-09-05 20:20:37,170 [ERROR] LogOutputStream:75 - [STDERR_REDIRECT] 
2026-09-05 20:21:44,190 [INFO] Activator:176 - 


2026-09-05 20:21:44,193 [INFO] Activator:177 - !SESSION log4j initialized
2026-09-05 20:21:52,763 [INFO] LogOutputStream:77 - [STDOUT_REDIRECT] 
2026-09-05 20:21:54,878 [INFO] ApplicationProperties:184 - Using Application install path: D:\ST\STM32CubeIDE_1.16.0\STM32CubeIDE\plugins\com.st.stm32cube.common.mx_6.12.0.202406281431
2026-09-05 20:21:54,910 [INFO] DbMcusXml:78 - Set database path to: D:\ST\STM32CubeIDE_1.16.0\STM32CubeIDE\plugins\com.st.stm32cube.common.mx_6.12.0.202406281431\\db\/mcu/
2026-09-05 20:21:54,910 [INFO] ApiDb:274 - Set plugin database path to: D:\ST\STM32CubeIDE_1.16.0\STM32CubeIDE\plugins\com.st.stm32cube.common.mx_6.12.0.202406281431\\db\/plugins/boardmanager/
2026-09-05 20:21:54,910 [WARN] ApiDb:259 - Overriding images path with different value:  => D:\ST\STM32CubeIDE_1.16.0\STM32CubeIDE\plugins\com.st.stm32cube.common.mx_6.12.0.202406281431\\db\/plugins/mcufinder/images/
2026-09-05 20:21:54,922 [INFO] ApiDb:250 - Set database path to: C:\Users\user\.stmcufinder\plugins\mcufinder//mcu/
2026-09-05 20:21:54,924 [INFO] DbMcusAds:125 - Set database path to: C:\Users\user\.stmcufinder\plugins\mcufinder//mcu/
2026-09-05 20:21:54,928 [INFO] CrossReferenceDbSqlite:203 - Set database path to: C:\Users\user\.stmcufinder\plugins\mcufinder//mcu/cs/
2026-09-05 20:21:55,139 [INFO] RulesReader:64 - Compatibility file has been processed (297 Rules)
2026-09-05 20:21:55,325 [INFO] DbMcusXml:78 - Set database path to: D:\ST\STM32CubeIDE_1.16.0\STM32CubeIDE\plugins\com.st.stm32cube.common.mx_6.12.0.202406281431\\db\/mcu/
2026-09-05 20:21:55,325 [INFO] ApiDb:274 - Set plugin database path to: D:\ST\STM32CubeIDE_1.16.0\STM32CubeIDE\plugins\com.st.stm32cube.common.mx_6.12.0.202406281431\\db\/plugins/boardmanager/
2026-09-05 20:21:55,325 [INFO] ApiDb:261 - Set plugin images path to: D:\ST\STM32CubeIDE_1.16.0\STM32CubeIDE\plugins\com.st.stm32cube.common.mx_6.12.0.202406281431\\db\/plugins/mcufinder/images/
2026-09-05 20:21:55,325 [WARN] DbFile:41 - Overriding database path with different value: C:\Users\user\.stmcufinder\plugins\mcufinder/ => C:\Users\user\.stmcufinder\plugins\mcufinder
2026-09-05 20:21:55,326 [INFO] ApiDb:250 - Set database path to: C:\Users\user\.stmcufinder\plugins\mcufinder//mcu/
2026-09-05 20:21:55,326 [WARN] DbFile:41 - Overriding database path with different value: C:\Users\user\.stmcufinder\plugins\mcufinder/ => C:\Users\user\.stmcufinder\plugins\mcufinder
2026-09-05 20:21:55,326 [INFO] DbMcusAds:125 - Set database path to: C:\Users\user\.stmcufinder\plugins\mcufinder//mcu/
2026-09-05 20:21:55,326 [WARN] DbFile:41 - Overriding database path with different value: C:\Users\user\.stmcufinder\plugins\mcufinder/ => C:\Users\user\.stmcufinder\plugins\mcufinder
2026-09-05 20:21:55,326 [WARN] DbFile:41 - Overriding database path with different value: C:\Users\user\.stmcufinder\plugins\mcufinder/ => C:\Users\user\.stmcufinder\plugins\mcufinder
2026-09-05 20:21:55,326 [INFO] CrossReferenceDbSqlite:203 - Set database path to: C:\Users\user\.stmcufinder\plugins\mcufinder//mcu/cs/
2026-09-05 20:21:55,475 [INFO] MainPanel:268 - HeapMemory: 268435456
2026-09-05 20:21:55,677 [INFO] DbMcusXml:78 - Set database path to: D:\ST\STM32CubeIDE_1.16.0\STM32CubeIDE\plugins\com.st.stm32cube.common.mx_6.12.0.202406281431\\db\/mcu/
2026-09-05 20:21:55,677 [INFO] ApiDb:274 - Set plugin database path to: D:\ST\STM32CubeIDE_1.16.0\STM32CubeIDE\plugins\com.st.stm32cube.common.mx_6.12.0.202406281431\\db\/plugins/boardmanager/
2026-09-05 20:21:55,677 [INFO] ApiDb:261 - Set plugin images path to: D:\ST\STM32CubeIDE_1.16.0\STM32CubeIDE\plugins\com.st.stm32cube.common.mx_6.12.0.202406281431\\db\/plugins/mcufinder/images/
2026-09-05 20:21:55,678 [WARN] DbFile:41 - Overriding database path with different value: C:\Users\user\.stmcufinder\plugins\mcufinder/ => C:\Users\user\.stmcufinder\plugins\mcufinder
2026-09-05 20:21:55,678 [INFO] ApiDb:250 - Set database path to: C:\Users\user\.stmcufinder\plugins\mcufinder//mcu/
2026-09-05 20:21:55,678 [WARN] DbFile:41 - Overriding database path with different value: C:\Users\user\.stmcufinder\plugins\mcufinder/ => C:\Users\user\.stmcufinder\plugins\mcufinder
2026-09-05 20:21:55,678 [INFO] DbMcusAds:125 - Set database path to: C:\Users\user\.stmcufinder\plugins\mcufinder//mcu/
2026-09-05 20:21:55,678 [WARN] DbFile:41 - Overriding database path with different value: C:\Users\user\.stmcufinder\plugins\mcufinder/ => C:\Users\user\.stmcufinder\plugins\mcufinder
2026-09-05 20:21:55,678 [WARN] DbFile:41 - Overriding database path with different value: C:\Users\user\.stmcufinder\plugins\mcufinder/ => C:\Users\user\.stmcufinder\plugins\mcufinder
2026-09-05 20:21:55,678 [INFO] CrossReferenceDbSqlite:203 - Set database path to: C:\Users\user\.stmcufinder\plugins\mcufinder//mcu/cs/
2026-09-05 20:21:55,737 [INFO] ApplicationProperties:184 - Using Application install path: D:\ST\STM32CubeIDE_1.16.0\STM32CubeIDE\plugins\com.st.stm32cube.common.mx_6.12.0.202406281431
2026-09-05 20:21:55,741 [INFO] PluginManage:196 - Search for loadable plugins [exclusion list=, ]
2026-09-05 20:21:55,744 [INFO] PluginManage:310 - Check plugin analytics
2026-09-05 20:21:56,034 [INFO] AnalyticsPlugin:253 - Accepted Software Licenses: 
2026-09-05 20:21:56,034 [INFO] AnalyticsPlugin:255 - Accepted CMSIS Pack Licenses: 
2026-09-05 20:21:56,034 [INFO] AnalyticsPlugin:257 - Accepted Firmware Licenses: FW.L4.1.18.0,FW.F4.1.28.0
2026-09-05 20:21:56,041 [INFO] PluginManage:359 - Loaded plugin analytics (category:tool,tabindex:-1)
2026-09-05 20:21:56,042 [INFO] PluginManage:310 - Check plugin cadmodel
2026-09-05 20:21:56,072 [INFO] CADModel:105 - Init CAD model plugin
2026-09-05 20:21:56,074 [INFO] PluginManage:359 - Loaded plugin cadmodel (category:power,tabindex:5)
2026-09-05 20:21:56,075 [INFO] PluginManage:310 - Check plugin clock
2026-09-05 20:21:56,111 [INFO] PluginManage:359 - Loaded plugin clock (category:base,tabindex:2)
2026-09-05 20:21:56,111 [INFO] PluginManage:310 - Check plugin ddr
2026-09-05 20:21:56,116 [INFO] PluginManage:359 - Loaded plugin ddr (category:tool,tabindex:6)
2026-09-05 20:21:56,116 [INFO] PluginManage:310 - Check plugin filemanager
2026-09-05 20:21:56,373 [INFO] PluginManage:359 - Loaded plugin filemanager (category:base,tabindex:10)
2026-09-05 20:21:56,373 [INFO] PluginManage:310 - Check plugin ipmanager
2026-09-05 20:21:56,391 [INFO] PluginManage:359 - Loaded plugin ipmanager (category:base,tabindex:5)
2026-09-05 20:21:56,391 [INFO] PluginManage:310 - Check plugin lpbam
2026-09-05 20:21:56,422 [INFO] PluginManage:359 - Loaded plugin lpbam (category:base,tabindex:0)
2026-09-05 20:21:56,422 [INFO] PluginManage:310 - Check plugin memorymap
2026-09-05 20:21:56,458 [INFO] PluginManage:359 - Loaded plugin memorymap (category:base,tabindex:4)
2026-09-05 20:21:56,458 [INFO] PluginManage:310 - Check plugin pinoutandconfiguration
2026-09-05 20:21:56,478 [INFO] PluginManage:359 - Loaded plugin pinoutandconfiguration (category:base,tabindex:1)
2026-09-05 20:21:56,479 [INFO] PluginManage:310 - Check plugin pinoutconfig
2026-09-05 20:21:56,626 [WARN] SupportedApi:132 - Cannot load RTOS API schema: s4s-elt-must-match.1: The content of 'definitions' must match (annotation?, (simpleType | complexType)?, (unique | key | keyref)*)). A problem was found starting at: attribute.
2026-09-05 20:21:56,853 [INFO] PluginManage:359 - Loaded plugin pinoutconfig (category:base,tabindex:0)
2026-09-05 20:21:56,854 [INFO] PluginManage:310 - Check plugin power
2026-09-05 20:21:56,882 [INFO] PluginManage:359 - Loaded plugin power (category:power,tabindex:4)
2026-09-05 20:21:56,882 [INFO] PluginManage:310 - Check plugin projectmanager
2026-09-05 20:21:56,911 [INFO] PluginManage:359 - Loaded plugin projectmanager (category:projectmanager,tabindex:4)
2026-09-05 20:21:56,911 [INFO] PluginManage:310 - Check plugin rif
2026-09-05 20:21:56,930 [INFO] PluginManage:359 - Loaded plugin rif (category:base,tabindex:3)
2026-09-05 20:21:56,931 [INFO] PluginManage:310 - Check plugin thirdparty
2026-09-05 20:21:57,322 [INFO] PluginManage:359 - Loaded plugin thirdparty (category:base,tabindex:-1)
2026-09-05 20:21:57,322 [WARN] IntegrityCheckThread:84 - waiting for thirdparty lock release [integrity check]
2026-09-05 20:21:57,322 [INFO] PluginManage:310 - Check plugin tools
2026-09-05 20:21:57,324 [INFO] IntegrityCheckThread:86 - entering critical section [integrity check]
2026-09-05 20:21:57,324 [INFO] ThirdPartyUpdaterWithRetryManager:70 - Updater plugin not ready yet. [1/15]
2026-09-05 20:21:57,369 [INFO] PluginManage:359 - Loaded plugin tools (category:base,tabindex:7)
2026-09-05 20:21:57,370 [INFO] PluginManage:310 - Check plugin tutovideos
2026-09-05 20:21:57,659 [INFO] PluginManage:359 - Loaded plugin tutovideos (category:base,tabindex:-1)
2026-09-05 20:21:57,661 [INFO] PluginManage:310 - Check plugin updater
2026-09-05 20:21:57,687 [INFO] PluginManage:359 - Loaded plugin updater (category:base,tabindex:12)
2026-09-05 20:21:57,687 [INFO] PluginManage:310 - Check plugin userauth
2026-09-05 20:21:57,695 [INFO] UserAuth:113 - Init User Auth plugin
2026-09-05 20:21:57,695 [INFO] PluginManage:359 - Loaded plugin userauth (category:base,tabindex:14)
2026-09-05 20:21:57,695 [INFO] PluginManage:283 - PluginManage : Loaded plugins [18]
2026-09-05 20:21:58,052 [INFO] PinOutPanel:1561 - setPackage(No Configuration,No Configuration)
2026-09-05 20:21:58,192 [INFO] CADModel:165 - CPN selected for project level
2026-09-05 20:21:58,192 [INFO] CADModel:114 - Register for checkConnection events
2026-09-05 20:21:58,228 [INFO] IPUIPlugin:80 - create IPUIPlugin
2026-09-05 20:21:58,229 [INFO] PluginManager:220 - loadIPPluginJar : add adc
2026-09-05 20:21:58,278 [INFO] IPUIPlugin:80 - create IPUIPlugin
2026-09-05 20:21:58,278 [INFO] PluginManager:220 - loadIPPluginJar : add aes
2026-09-05 20:21:58,338 [INFO] IPUIPlugin:80 - create IPUIPlugin
2026-09-05 20:21:58,338 [INFO] PluginManager:220 - loadIPPluginJar : add can
2026-09-05 20:21:58,370 [INFO] IPUIPlugin:80 - create IPUIPlugin
2026-09-05 20:21:58,370 [INFO] PluginManager:220 - loadIPPluginJar : add comp
2026-09-05 20:21:58,415 [INFO] IPUIPlugin:80 - create IPUIPlugin
2026-09-05 20:21:58,415 [INFO] PluginManager:220 - loadIPPluginJar : add cryp
2026-09-05 20:21:58,439 [INFO] IPUIPlugin:80 - create IPUIPlugin
2026-09-05 20:21:58,439 [INFO] PluginManager:220 - loadIPPluginJar : add ddr_ctrl_phy
2026-09-05 20:21:58,483 [INFO] IPUIPlugin:80 - create IPUIPlugin
2026-09-05 20:21:58,483 [INFO] PluginManager:220 - loadIPPluginJar : add dfsdm
2026-09-05 20:21:58,501 [INFO] IPUIPlugin:80 - create IPUIPlugin
2026-09-05 20:21:58,502 [INFO] PluginManager:220 - loadIPPluginJar : add dma
2026-09-05 20:21:58,564 [INFO] IPUIPlugin:80 - create IPUIPlugin
2026-09-05 20:21:58,564 [INFO] PluginManager:220 - loadIPPluginJar : add dma3
2026-09-05 20:21:58,633 [INFO] IPUIPlugin:80 - create IPUIPlugin
2026-09-05 20:21:58,633 [INFO] PluginManager:220 - loadIPPluginJar : add extmemmanager
2026-09-05 20:21:58,664 [INFO] IPUIPlugin:80 - create IPUIPlugin
2026-09-05 20:21:58,664 [INFO] PluginManager:220 - loadIPPluginJar : add fatfs
2026-09-05 20:21:58,730 [INFO] IPUIPlugin:80 - create IPUIPlugin
2026-09-05 20:21:58,731 [INFO] PluginManager:220 - loadIPPluginJar : add fmc
2026-09-05 20:21:58,752 [INFO] IPUIPlugin:80 - create IPUIPlugin
2026-09-05 20:21:58,752 [INFO] PluginManager:220 - loadIPPluginJar : add freertos
2026-09-05 20:21:58,782 [INFO] IPUIPlugin:80 - create IPUIPlugin
2026-09-05 20:21:58,782 [INFO] PluginManager:220 - loadIPPluginJar : add genericplugin
2026-09-05 20:21:58,916 [INFO] IPUIPlugin:80 - create IPUIPlugin
2026-09-05 20:21:58,916 [INFO] PluginManager:220 - loadIPPluginJar : add gfxmmu
2026-09-05 20:21:59,091 [INFO] IPUIPlugin:80 - create IPUIPlugin
2026-09-05 20:21:59,091 [INFO] PluginManager:220 - loadIPPluginJar : add gic
2026-09-05 20:21:59,116 [INFO] IPUIPlugin:80 - create IPUIPlugin
2026-09-05 20:21:59,116 [INFO] PluginManager:220 - loadIPPluginJar : add gpio
2026-09-05 20:21:59,244 [INFO] IPUIPlugin:80 - create IPUIPlugin
2026-09-05 20:21:59,244 [INFO] PluginManager:220 - loadIPPluginJar : add gtzc
2026-09-05 20:21:59,287 [INFO] IPUIPlugin:80 - create IPUIPlugin
2026-09-05 20:21:59,287 [INFO] PluginManager:220 - loadIPPluginJar : add hash
2026-09-05 20:21:59,363 [INFO] IPUIPlugin:80 - create IPUIPlugin
2026-09-05 20:21:59,363 [INFO] PluginManager:220 - loadIPPluginJar : add i2c
2026-09-05 20:21:59,415 [INFO] IPUIPlugin:80 - create IPUIPlugin
2026-09-05 20:21:59,415 [INFO] PluginManager:220 - loadIPPluginJar : add i2s
2026-09-05 20:21:59,470 [INFO] IPUIPlugin:80 - create IPUIPlugin
2026-09-05 20:21:59,470 [INFO] PluginManager:220 - loadIPPluginJar : add i3c
2026-09-05 20:21:59,608 [INFO] IPUIPlugin:80 - create IPUIPlugin
2026-09-05 20:21:59,608 [INFO] PluginManager:220 - loadIPPluginJar : add ipddr
2026-09-05 20:21:59,733 [INFO] IPUIPlugin:80 - create IPUIPlugin
2026-09-05 20:21:59,733 [INFO] PluginManager:220 - loadIPPluginJar : add linkedlist
2026-09-05 20:21:59,785 [INFO] IPUIPlugin:80 - create IPUIPlugin
2026-09-05 20:21:59,785 [INFO] PluginManager:220 - loadIPPluginJar : add lorawan
2026-09-05 20:21:59,834 [INFO] IPUIPlugin:80 - create IPUIPlugin
2026-09-05 20:21:59,834 [INFO] PluginManager:220 - loadIPPluginJar : add ltdc
2026-09-05 20:21:59,861 [INFO] IPUIPlugin:80 - create IPUIPlugin
2026-09-05 20:21:59,861 [INFO] PluginManager:220 - loadIPPluginJar : add mdma
2026-09-05 20:21:59,876 [INFO] IPUIPlugin:80 - create IPUIPlugin
2026-09-05 20:21:59,877 [INFO] PluginManager:220 - loadIPPluginJar : add nvic
2026-09-05 20:21:59,921 [INFO] IPUIPlugin:80 - create IPUIPlugin
2026-09-05 20:21:59,921 [INFO] PluginManager:220 - loadIPPluginJar : add opamp
2026-09-05 20:22:00,000 [INFO] IPUIPlugin:80 - create IPUIPlugin
2026-09-05 20:22:00,000 [INFO] PluginManager:220 - loadIPPluginJar : add openamp
2026-09-05 20:22:00,058 [INFO] IPUIPlugin:80 - create IPUIPlugin
2026-09-05 20:22:00,058 [INFO] PluginManager:220 - loadIPPluginJar : add pdm2pcm
2026-09-05 20:22:00,076 [INFO] IPUIPlugin:80 - create IPUIPlugin
2026-09-05 20:22:00,078 [INFO] PluginManager:220 - loadIPPluginJar : add plateformsettings
2026-09-05 20:22:00,108 [INFO] IPUIPlugin:80 - create IPUIPlugin
2026-09-05 20:22:00,108 [INFO] PluginManager:220 - loadIPPluginJar : add quadspi
2026-09-05 20:22:00,139 [INFO] IPUIPlugin:80 - create IPUIPlugin
2026-09-05 20:22:00,140 [INFO] PluginManager:220 - loadIPPluginJar : add radio
2026-09-05 20:22:00,157 [INFO] IPUIPlugin:80 - create IPUIPlugin
2026-09-05 20:22:00,157 [INFO] PluginManager:220 - loadIPPluginJar : add resmgrutility
2026-09-05 20:22:00,234 [INFO] IPUIPlugin:80 - create IPUIPlugin
2026-09-05 20:22:00,234 [INFO] PluginManager:220 - loadIPPluginJar : add sai
2026-09-05 20:22:00,283 [INFO] IPUIPlugin:80 - create IPUIPlugin
2026-09-05 20:22:00,283 [INFO] PluginManager:220 - loadIPPluginJar : add spi
2026-09-05 20:22:00,326 [INFO] ThirdPartyUpdaterWithRetryManager:70 - Updater plugin not ready yet. [2/15]
2026-09-05 20:22:00,374 [INFO] IPUIPlugin:80 - create IPUIPlugin
2026-09-05 20:22:00,374 [INFO] PluginManager:220 - loadIPPluginJar : add stm32_wpan
2026-09-05 20:22:00,402 [INFO] IPUIPlugin:80 - create IPUIPlugin
2026-09-05 20:22:00,403 [INFO] PluginManager:220 - loadIPPluginJar : add tim
2026-09-05 20:22:00,488 [INFO] IPUIPlugin:80 - create IPUIPlugin
2026-09-05 20:22:00,488 [INFO] PluginManager:220 - loadIPPluginJar : add touchsensing
2026-09-05 20:22:00,520 [INFO] IPUIPlugin:80 - create IPUIPlugin
2026-09-05 20:22:00,520 [INFO] PluginManager:220 - loadIPPluginJar : add tracer_emb
2026-09-05 20:22:00,548 [INFO] IPUIPlugin:80 - create IPUIPlugin
2026-09-05 20:22:00,549 [INFO] PluginManager:220 - loadIPPluginJar : add ts
2026-09-05 20:22:00,577 [INFO] IPUIPlugin:80 - create IPUIPlugin
2026-09-05 20:22:00,577 [INFO] PluginManager:220 - loadIPPluginJar : add tsc
2026-09-05 20:22:00,606 [INFO] IPUIPlugin:80 - create IPUIPlugin
2026-09-05 20:22:00,606 [INFO] PluginManager:220 - loadIPPluginJar : add ucpd
2026-09-05 20:22:00,671 [INFO] IPUIPlugin:80 - create IPUIPlugin
2026-09-05 20:22:00,671 [INFO] PluginManager:220 - loadIPPluginJar : add usart
2026-09-05 20:22:00,726 [INFO] IPUIPlugin:80 - create IPUIPlugin
2026-09-05 20:22:00,726 [INFO] PluginManager:220 - loadIPPluginJar : add usbx
2026-09-05 20:22:00,880 [INFO] CADModel:165 - CPN selected for project level
2026-09-05 20:22:00,880 [INFO] CADModel:114 - Register for checkConnection events
2026-09-05 20:22:00,880 [FATAL] Updater:334 - Updater called before beeing initialized
2026-09-05 20:22:00,880 [ERROR] CADModel:125 - Updater not yet initialized, retry later 
2026-09-05 20:22:01,108 [INFO] CADModel:165 - CPN selected for project level
2026-09-05 20:22:01,108 [INFO] CADModel:114 - Register for checkConnection events
2026-09-05 20:22:01,108 [FATAL] Updater:334 - Updater called before beeing initialized
2026-09-05 20:22:01,109 [ERROR] CADModel:125 - Updater not yet initialized, retry later 
2026-09-05 20:22:01,116 [FATAL] Updater:334 - Updater called before beeing initialized
2026-09-05 20:22:01,356 [FATAL] Updater:334 - Updater called before beeing initialized
2026-09-05 20:22:01,371 [INFO] DbMcusAds:53 - JSON generation date=Wed Jul 15 15:14:54 IST 2026 (1784108694001)
2026-09-05 20:22:01,372 [FATAL] Updater:334 - Updater called before beeing initialized
2026-09-05 20:22:01,470 [WARN] DetailPanel:346 - Failed to get advertising image, set to default
2026-09-05 20:22:01,566 [FATAL] Updater:334 - Updater called before beeing initialized
2026-09-05 20:22:01,569 [FATAL] Updater:334 - Updater called before beeing initialized
2026-09-05 20:22:01,569 [FATAL] Updater:334 - Updater called before beeing initialized
2026-09-05 20:22:01,569 [WARN] DetailPanel:346 - Failed to get advertising image, set to default
2026-09-05 20:22:01,570 [FATAL] Updater:334 - Updater called before beeing initialized
2026-09-05 20:22:01,648 [ERROR] Updater:1164 - MainUpdater not yet initialized. External WinMGr cannot be set.
2026-09-05 20:22:01,662 [INFO] Updater:1100 - Updater Version found : 6.12.0
2026-09-05 20:22:01,685 [INFO] ApplicationProperties:184 - Using Application install path: D:\ST\STM32CubeIDE_1.16.0\STM32CubeIDE\plugins\com.st.stm32cube.common.mx_6.12.0.202406281431
2026-09-05 20:22:03,279 [ERROR] LogOutputStream:75 - [STDERR_REDIRECT] Sep 05, 2026 8:22:03 PM java.util.prefs.WindowsPreferences <init>
2026-09-05 20:22:03,282 [ERROR] LogOutputStream:75 - [STDERR_REDIRECT] WARNING: Could not open/create prefs root node Software\JavaSoft\Prefs at root 0xffffffff80000002. Windows RegCreateKeyEx(...) returned error code 5.
2026-09-05 20:22:03,282 [ERROR] LogOutputStream:75 - [STDERR_REDIRECT] 
2026-09-05 20:22:03,334 [INFO] ThirdPartyUpdaterWithRetryManager:70 - Updater plugin not ready yet. [3/15]
2026-09-05 20:22:04,260 [INFO] MainUpdater:2873 - connection check result : 10
2026-09-05 20:22:04,261 [INFO] MainUpdater:290 - Updater Check For Update Now.
2026-09-05 20:22:04,261 [INFO] MicroXplorer:498 - Change Database Version : DB.6.0.120
2026-09-05 20:22:04,290 [INFO] McuFinderGlobals:63 - Set McuFinder mode to 2 (CubeIDE integrated)
2026-09-05 20:22:04,305 [INFO] UserAuth:417 - Internet connection configuration mode: 1
2026-09-05 20:22:04,368 [INFO] JxBrowserEngine:152 - Initiate JxBrowser Engine with user profile folder
2026-09-05 20:22:04,601 [INFO] CheckServerUpdateThread:120 - End of CheckServer Thread
2026-09-05 20:22:06,995 [WARN] PackLoader:240 - Cannot read IP mode file for STMicroelectronics.X-CUBE-AZRTOS-H7.3.5.0
2026-09-05 20:22:07,056 [WARN] PackLoader:240 - Cannot read IP mode file for STMicroelectronics.FP-SNS-MOTENVWB1.1.4.0
2026-09-05 20:22:07,174 [WARN] PackLoader:240 - Cannot read IP mode file for STMicroelectronics.FP-ATR-ASTRA1.2.0.3
2026-09-05 20:22:07,214 [WARN] PackLoader:240 - Cannot read IP mode file for STMicroelectronics.FP-ATR-ASTRA1.2.0.2
2026-09-05 20:22:07,257 [ERROR] Engine:466 - C:\Users\user\.stm32cubemx\thirdparties\pdsc\STMicroelectronics.X-CUBE-SMBUS.2.1.1.pdsc: PDSC version is not supported
2026-09-05 20:22:07,297 [WARN] PackLoader:240 - Cannot read IP mode file for STMicroelectronics.X-CUBE-SMBUS.2.1.0
2026-09-05 20:22:07,322 [ERROR] Engine:466 - C:\Users\user\.stm32cubemx\thirdparties\pdsc\STMicroelectronics.X-CUBE-ST60.1.0.0.pdsc: PDSC version is not supported
2026-09-05 20:22:07,410 [WARN] PackLoader:240 - Cannot read IP mode file for STMicroelectronics.X-CUBE-AZRTOS-F7.1.1.0
2026-09-05 20:22:07,451 [ERROR] Engine:466 - C:\Users\user\.stm32cubemx\thirdparties\pdsc\STMicroelectronics.X-CUBE-FREERTOS.1.6.0.pdsc: PDSC version is not supported
2026-09-05 20:22:07,476 [ERROR] Engine:466 - C:\Users\user\.stm32cubemx\thirdparties\pdsc\STMicroelectronics.FP-SNS-MOTENV1.5.1.0.pdsc: PDSC version is not supported
2026-09-05 20:22:07,538 [WARN] PackLoader:240 - Cannot read IP mode file for STMicroelectronics.X-CUBE-AZRTOS-H7RS.1.3.0
2026-09-05 20:22:07,603 [WARN] PackLoader:240 - Cannot read IP mode file for Infineon.AIROC-Wi-Fi-Bluetooth-STM32.1.7.0
2026-09-05 20:22:07,649 [WARN] PackLoader:240 - Cannot read IP mode file for STMicroelectronics.X-CUBE-DISPLAY.3.0.0
2026-09-05 20:22:07,689 [WARN] PackLoader:240 - Cannot read IP mode file for STMicroelectronics.X-CUBE-GNSS1.7.1.1
2026-09-05 20:22:07,710 [ERROR] Engine:466 - C:\Users\user\.stm32cubemx\thirdparties\pdsc\STMicroelectronics.FP-SNS-MOTENVWB1.1.5.0.pdsc: PDSC version is not supported
2026-09-05 20:22:07,737 [WARN] PackLoader:240 - Cannot read IP mode file for STMicroelectronics.X-CUBE-NFC10.1.0.0
2026-09-05 20:22:07,770 [WARN] PackLoader:240 - Cannot read IP mode file for STMicroelectronics.X-CUBE-BLEMGR.4.0.0
2026-09-05 20:22:07,797 [ERROR] Engine:466 - C:\Users\user\.stm32cubemx\thirdparties\pdsc\STMicroelectronics.X-CUBE-ST60.1.1.0.pdsc: PDSC version is not supported
2026-09-05 20:22:07,826 [WARN] PackLoader:240 - Cannot read IP mode file for emotas.I-CUBE-CANOPEN.1.3.0
2026-09-05 20:22:07,862 [ERROR] Engine:466 - C:\Users\user\.stm32cubemx\thirdparties\pdsc\STMicroelectronics.X-CUBE-WBA.1.1.0.pdsc: PDSC version is not supported
2026-09-05 20:22:07,889 [WARN] ConditionMgr:438 - getConditionDescription Invalid condition id : Cortex-A Device cause : null
2026-09-05 20:22:07,932 [WARN] ConditionMgr:1039 - genDependencies : Invalid condition id : Cortex-A Device cause : null
2026-09-05 20:22:07,933 [WARN] ConditionMgr:1039 - genDependencies : Invalid condition id : Cortex-A Device cause : null
2026-09-05 20:22:07,933 [WARN] ConditionMgr:1039 - genDependencies : Invalid condition id : Cortex-A Device cause : null
2026-09-05 20:22:07,955 [ERROR] Engine:466 - C:\Users\user\.stm32cubemx\thirdparties\pdsc\STMicroelectronics.FP-SNS-STBOX1.2.1.0.pdsc: PDSC version is not supported
2026-09-05 20:22:07,980 [WARN] PackLoader:240 - Cannot read IP mode file for STMicroelectronics.FP-SNS-SMARTAG2.1.2.0
2026-09-05 20:22:08,001 [ERROR] Engine:466 - C:\Users\user\.stm32cubemx\thirdparties\pdsc\STMicroelectronics.FP-SNS-FLIGHT1.5.1.0.pdsc: PDSC version is not supported
2026-09-05 20:22:08,001 [INFO] WebApp:167 - Instantiating new browser for Auth
2026-09-05 20:22:08,093 [INFO] LogOutputStream:77 - [STDOUT_REDIRECT] 1 : Invalid condition id : UX_CORESTACK_Condition cause : null
2026-09-05 20:22:08,094 [INFO] LogOutputStream:77 - [STDOUT_REDIRECT] 1 : Invalid condition id : UX_CORESTACK_Condition cause : null
2026-09-05 20:22:08,097 [INFO] LogOutputStream:77 - [STDOUT_REDIRECT] 1 : Invalid condition id : UX_CORESTACK_Condition cause : null
2026-09-05 20:22:08,099 [INFO] LogOutputStream:77 - [STDOUT_REDIRECT] 1 : Invalid condition id : UX_CORESTACK_Condition cause : null
2026-09-05 20:22:08,101 [INFO] LogOutputStream:77 - [STDOUT_REDIRECT] 1 : Invalid condition id : UX_CORESTACK_Condition cause : null
2026-09-05 20:22:08,105 [WARN] PackLoader:240 - Cannot read IP mode file for STMicroelectronics.X-CUBE-AZRTOS-WL.2.0.0
2026-09-05 20:22:08,135 [WARN] PackLoader:240 - Cannot read IP mode file for STMicroelectronics.FP-SNS-MOTENV1.5.0.0
2026-09-05 20:22:08,175 [WARN] PackLoader:240 - Cannot read IP mode file for WES.I-CUBE-Cesium.1.3.0
2026-09-05 20:22:08,205 [WARN] PackLoader:240 - Cannot read IP mode file for STMicroelectronics.X-CUBE-BLE2.3.3.0
2026-09-05 20:22:08,225 [ERROR] Engine:466 - C:\Users\user\.stm32cubemx\thirdparties\pdsc\Avnet-IOTCONNECT.X-CUBE-iotc-st67-sdk.1.0.0.pdsc: PDSC version is not supported
2026-09-05 20:22:08,253 [WARN] PackLoader:240 - Cannot read IP mode file for STMicroelectronics.X-CUBE-NFC9.1.0.0
2026-09-05 20:22:08,282 [WARN] PackLoader:240 - Cannot read IP mode file for STMicroelectronics.X-CUBE-BLE1.7.1.0
2026-09-05 20:22:08,309 [WARN] PackLoader:240 - Cannot read IP mode file for wolfSSL.I-CUBE-wolfMQTT.1.19.2
2026-09-05 20:22:08,336 [WARN] PackLoader:240 - Cannot read IP mode file for STMicroelectronics.X-CUBE-EEPRMA1.5.2.0
2026-09-05 20:22:08,369 [WARN] PackLoader:240 - Cannot read IP mode file for STMicroelectronics.X-CUBE-AI.10.1.0
2026-09-05 20:22:08,422 [WARN] PackLoader:240 - Cannot read IP mode file for STMicroelectronics.X-CUBE-AZRTOS-G0.1.1.0
2026-09-05 20:22:08,454 [WARN] PackLoader:240 - Cannot read IP mode file for STMicroelectronics.X-CUBE-SAFEA1.1.2.2
2026-09-05 20:22:08,489 [WARN] PackLoader:240 - Cannot read IP mode file for STMicroelectronics.X-CUBE-NFC4.3.0.0
2026-09-05 20:22:08,523 [WARN] PackLoader:240 - Cannot read IP mode file for EmbeddedOffice.I-CUBE-FS-RTOS.1.0.1
2026-09-05 20:22:08,525 [ERROR] ConditionMgr:805 - Attr not supported : Dmpu
2026-09-05 20:22:08,525 [ERROR] ConditionMgr:805 - Attr not supported : Dmpu
2026-09-05 20:22:08,525 [ERROR] ConditionMgr:805 - Attr not supported : Dmpu
2026-09-05 20:22:08,525 [ERROR] ConditionMgr:805 - Attr not supported : Dmpu
2026-09-05 20:22:08,525 [ERROR] ConditionMgr:805 - Attr not supported : Dmpu
2026-09-05 20:22:08,525 [ERROR] ConditionMgr:805 - Attr not supported : Dmpu
2026-09-05 20:22:08,525 [ERROR] ConditionMgr:805 - Attr not supported : Dmpu
2026-09-05 20:22:08,526 [ERROR] ConditionMgr:805 - Attr not supported : Dmpu
2026-09-05 20:22:08,526 [ERROR] ConditionMgr:805 - Attr not supported : Dmpu
2026-09-05 20:22:08,526 [ERROR] ConditionMgr:805 - Attr not supported : Dmpu
2026-09-05 20:22:08,526 [ERROR] ConditionMgr:805 - Attr not supported : Dmpu
2026-09-05 20:22:08,526 [ERROR] ConditionMgr:805 - Attr not supported : Dmpu
2026-09-05 20:22:08,526 [ERROR] ConditionMgr:805 - Attr not supported : Dmpu
2026-09-05 20:22:08,527 [ERROR] ConditionMgr:805 - Attr not supported : Dmpu
2026-09-05 20:22:08,527 [ERROR] ConditionMgr:805 - Attr not supported : Dmpu
2026-09-05 20:22:08,527 [ERROR] ConditionMgr:805 - Attr not supported : Dmpu
2026-09-05 20:22:08,527 [ERROR] ConditionMgr:805 - Attr not supported : Dmpu
2026-09-05 20:22:08,527 [ERROR] ConditionMgr:805 - Attr not supported : Dmpu
2026-09-05 20:22:08,527 [ERROR] ConditionMgr:805 - Attr not supported : Dmpu
2026-09-05 20:22:08,527 [ERROR] ConditionMgr:805 - Attr not supported : Dmpu
2026-09-05 20:22:08,527 [ERROR] ConditionMgr:805 - Attr not supported : Dmpu
2026-09-05 20:22:08,527 [ERROR] ConditionMgr:805 - Attr not supported : Dmpu
2026-09-05 20:22:08,528 [ERROR] ConditionMgr:805 - Attr not supported : Dmpu
2026-09-05 20:22:08,528 [ERROR] ConditionMgr:805 - Attr not supported : Dmpu
2026-09-05 20:22:08,528 [ERROR] ConditionMgr:805 - Attr not supported : Dmpu
2026-09-05 20:22:08,528 [ERROR] ConditionMgr:805 - Attr not supported : Dmpu
2026-09-05 20:22:08,528 [ERROR] ConditionMgr:805 - Attr not supported : Dmpu
2026-09-05 20:22:08,528 [ERROR] ConditionMgr:805 - Attr not supported : Dmpu
2026-09-05 20:22:08,528 [ERROR] ConditionMgr:805 - Attr not supported : Dmpu
2026-09-05 20:22:08,528 [ERROR] ConditionMgr:805 - Attr not supported : Dmpu
2026-09-05 20:22:08,528 [ERROR] ConditionMgr:805 - Attr not supported : Dmpu
2026-09-05 20:22:08,528 [ERROR] ConditionMgr:805 - Attr not supported : Dmpu
2026-09-05 20:22:08,529 [ERROR] ConditionMgr:805 - Attr not supported : Dmpu
2026-09-05 20:22:08,529 [ERROR] ConditionMgr:805 - Attr not supported : Dmpu
2026-09-05 20:22:08,529 [ERROR] ConditionMgr:805 - Attr not supported : Dmpu
2026-09-05 20:22:08,529 [ERROR] ConditionMgr:805 - Attr not supported : Dmpu
2026-09-05 20:22:08,529 [ERROR] ConditionMgr:805 - Attr not supported : Dmpu
2026-09-05 20:22:08,529 [ERROR] ConditionMgr:805 - Attr not supported : Dmpu
2026-09-05 20:22:08,529 [ERROR] ConditionMgr:805 - Attr not supported : Dmpu
2026-09-05 20:22:08,529 [ERROR] ConditionMgr:805 - Attr not supported : Dmpu
2026-09-05 20:22:08,529 [ERROR] ConditionMgr:805 - Attr not supported : Dmpu
2026-09-05 20:22:08,529 [ERROR] ConditionMgr:805 - Attr not supported : Dmpu
2026-09-05 20:22:08,529 [ERROR] ConditionMgr:805 - Attr not supported : Dmpu
2026-09-05 20:22:08,529 [ERROR] ConditionMgr:805 - Attr not supported : Dmpu
2026-09-05 20:22:08,529 [ERROR] ConditionMgr:805 - Attr not supported : Dmpu
2026-09-05 20:22:08,530 [ERROR] ConditionMgr:805 - Attr not supported : Dmpu
2026-09-05 20:22:08,530 [ERROR] ConditionMgr:805 - Attr not supported : Dmpu
2026-09-05 20:22:08,530 [ERROR] ConditionMgr:805 - Attr not supported : Dmpu
2026-09-05 20:22:08,530 [ERROR] ConditionMgr:805 - Attr not supported : Dmpu
2026-09-05 20:22:08,530 [ERROR] ConditionMgr:805 - Attr not supported : Dmpu
2026-09-05 20:22:08,530 [ERROR] ConditionMgr:805 - Attr not supported : Dmpu
2026-09-05 20:22:08,530 [ERROR] ConditionMgr:805 - Attr not supported : Dmpu
2026-09-05 20:22:08,530 [ERROR] ConditionMgr:805 - Attr not supported : Dmpu
2026-09-05 20:22:08,530 [ERROR] ConditionMgr:805 - Attr not supported : Dmpu
2026-09-05 20:22:08,530 [ERROR] ConditionMgr:805 - Attr not supported : Dmpu
2026-09-05 20:22:08,530 [ERROR] ConditionMgr:805 - Attr not supported : Dmpu
2026-09-05 20:22:08,530 [ERROR] ConditionMgr:805 - Attr not supported : Dmpu
2026-09-05 20:22:08,530 [ERROR] ConditionMgr:805 - Attr not supported : Dmpu
2026-09-05 20:22:08,531 [ERROR] ConditionMgr:805 - Attr not supported : Dmpu
2026-09-05 20:22:08,531 [ERROR] ConditionMgr:805 - Attr not supported : Dmpu
2026-09-05 20:22:08,531 [ERROR] ConditionMgr:805 - Attr not supported : Dmpu
2026-09-05 20:22:08,531 [ERROR] ConditionMgr:805 - Attr not supported : Dmpu
2026-09-05 20:22:08,531 [ERROR] ConditionMgr:805 - Attr not supported : Dmpu
2026-09-05 20:22:08,531 [ERROR] ConditionMgr:805 - Attr not supported : Dmpu
2026-09-05 20:22:08,558 [WARN] PackLoader:240 - Cannot read IP mode file for STMicroelectronics.X-CUBE-WB05N.2.0.0
2026-09-05 20:22:08,579 [WARN] PackLoader:240 - Cannot read IP mode file for wolfSSL.I-CUBE-wolfTPM.3.8.0
2026-09-05 20:22:08,599 [ERROR] Engine:466 - C:\Users\user\.stm32cubemx\thirdparties\pdsc\STMicroelectronics.X-CUBE-TCPP.4.2.0.pdsc: PDSC version is not supported
2026-09-05 20:22:08,629 [WARN] PackLoader:240 - Cannot read IP mode file for RealThread.X-CUBE-RT-Thread_Nano.4.1.1
2026-09-05 20:22:08,656 [WARN] PackLoader:240 - Cannot read IP mode file for STMicroelectronics.FP-ATR-SIGFOX1.3.2.0
2026-09-05 20:22:08,683 [WARN] PackLoader:240 - Cannot read IP mode file for STMicroelectronics.X-CUBE-EEPRMA1.5.1.0
2026-09-05 20:22:08,715 [WARN] PackLoader:240 - Cannot read IP mode file for ITTIA_DB.I-CUBE-ITTIADB.8.9.0
2026-09-05 20:22:08,746 [WARN] PackLoader:240 - Cannot read IP mode file for STMicroelectronics.X-CUBE-NFC6.3.2.0
2026-09-05 20:22:08,776 [ERROR] Engine:466 - C:\Users\user\.stm32cubemx\thirdparties\pdsc\STMicroelectronics.X-CUBE-ST67W61.1.0.0.pdsc: PDSC version is not supported
2026-09-05 20:22:08,798 [WARN] PackLoader:240 - Cannot read IP mode file for STMicroelectronics.X-CUBE-AI.10.2.1
2026-09-05 20:22:08,855 [WARN] PackLoader:240 - Cannot read IP mode file for SEGGER.I-CUBE-embOS.1.3.1
2026-09-05 20:22:08,935 [WARN] PackLoader:240 - Cannot read IP mode file for STMicroelectronics.X-CUBE-ALGOBUILD.1.4.0
2026-09-05 20:22:09,068 [WARN] PackLoader:240 - Cannot read IP mode file for STMicroelectronics.X-CUBE-MEMS1.11.3.0
2026-09-05 20:22:09,309 [ERROR] Engine:466 - C:\Users\user\.stm32cubemx\thirdparties\pdsc\STMicroelectronics.FP-SNS-STAIOTCFT.2.0.0.pdsc: PDSC version is not supported
2026-09-05 20:22:09,338 [WARN] PackLoader:240 - Cannot read IP mode file for STMicroelectronics.X-CUBE-NFC13.1.0.0
2026-09-05 20:22:09,364 [WARN] PackLoader:240 - Cannot read IP mode file for STMicroelectronics.X-CUBE-PM33A1.1.0.0
2026-09-05 20:22:09,416 [WARN] PackLoader:240 - Cannot read IP mode file for STMicroelectronics.X-CUBE-AZRTOS-F4.1.1.0
2026-09-05 20:22:09,440 [ERROR] Engine:466 - C:\Users\user\.stm32cubemx\thirdparties\pdsc\Avnet-IotConnect.X-CUBE-IoTC-DA16k-PMOD.1.0.0.pdsc: PDSC version is not supported
2026-09-05 20:22:09,460 [WARN] PackLoader:240 - Cannot read IP mode file for STMicroelectronics.X-CUBE-ISPU.2.1.0
2026-09-05 20:22:09,485 [ERROR] Engine:466 - C:\Users\user\.stm32cubemx\thirdparties\pdsc\STMicroelectronics.X-CUBE-IPS.3.2.0.pdsc: PDSC version is not supported
2026-09-05 20:22:09,501 [ERROR] Engine:466 - C:\Users\user\.stm32cubemx\thirdparties\pdsc\STMicroelectronics.eDS-WB_DPC_TT-BIDIR.2.1.1.pdsc: PDSC version is not supported
2026-09-05 20:22:09,526 [WARN] PackLoader:240 - Cannot read IP mode file for STMicroelectronics.X-CUBE-NFC12.1.0.0
2026-09-05 20:22:09,575 [WARN] PackLoader:240 - Cannot read IP mode file for STMicroelectronics.X-CUBE-AZRTOS-L5.2.0.0
2026-09-05 20:22:09,623 [WARN] PackLoader:240 - Cannot read IP mode file for STMicroelectronics.X-CUBE-NFC6.3.1.0
2026-09-05 20:22:09,648 [WARN] PackLoader:240 - Cannot read IP mode file for STMicroelectronics.X-CUBE-ALGOBUILD.1.5.0
2026-09-05 20:22:09,667 [ERROR] Engine:466 - C:\Users\user\.stm32cubemx\thirdparties\pdsc\STMicroelectronics.eDS-WB_DPC_VIENNA.1.2.0.pdsc: PDSC version is not supported
2026-09-05 20:22:09,753 [WARN] PackLoader:240 - Cannot read IP mode file for STMicroelectronics.X-CUBE-MEMS1.13.0.0
2026-09-05 20:22:09,965 [ERROR] Engine:466 - C:\Users\user\.stm32cubemx\thirdparties\pdsc\STMicroelectronics.eDS-WB_DPC_3PH2L-BIDIR.1.1.1.pdsc: PDSC version is not supported
2026-09-05 20:22:09,999 [ERROR] Engine:466 - C:\Users\user\.stm32cubemx\thirdparties\pdsc\STMicroelectronics.X-CUBE-ST67W61.1.3.0.pdsc: PDSC version is not supported
2026-09-05 20:22:10,049 [WARN] PackLoader:240 - Cannot read IP mode file for STMicroelectronics.X-CUBE-FREERTOS.1.3.1
2026-09-05 20:22:10,247 [INFO] WebApp:448 - Apply proxy settings
2026-09-05 20:22:10,258 [INFO] WebApp:493 - Chromium authenticates against Manually configured proxy
2026-09-05 20:22:10,475 [INFO] WebApp:501 - Username used for proxy authentication: 
2026-09-05 20:22:10,480 [WARN] PackLoader:240 - Cannot read IP mode file for STMicroelectronics.X-CUBE-TOUCHGFX.4.26.1
2026-09-05 20:22:10,511 [ERROR] Engine:466 - C:\Users\user\.stm32cubemx\thirdparties\pdsc\STMicroelectronics.FP-SNS-STAIOTCFT.1.0.0.pdsc: PDSC version is not supported
2026-09-05 20:22:10,533 [WARN] PackLoader:240 - Cannot read IP mode file for STMicroelectronics.X-CUBE-DPower.1.3.0
2026-09-05 20:22:10,562 [INFO] WebApp:869 - Register for checkConnection events
2026-09-05 20:22:10,563 [INFO] WebApp:448 - Apply proxy settings
2026-09-05 20:22:10,571 [INFO] WebApp:493 - Chromium authenticates against Manually configured proxy
2026-09-05 20:22:10,572 [INFO] WebApp:501 - Username used for proxy authentication: 
2026-09-05 20:22:10,573 [WARN] ConditionMgr:438 - getConditionDescription Invalid condition id : LAN8742 Phy interface Condition cause : null
2026-09-05 20:22:10,574 [WARN] PackLoader:240 - Cannot read IP mode file for STMicroelectronics.X-CUBE-AZRTOS-L4.2.0.0
2026-09-05 20:22:10,575 [WARN] ConditionMgr:1039 - genDependencies : Invalid condition id : LAN8742 Phy interface Condition cause : null
2026-09-05 20:22:10,576 [WARN] ConditionMgr:1039 - genDependencies : Invalid condition id : LAN8742 Phy interface Condition cause : null
2026-09-05 20:22:10,577 [WARN] ConditionMgr:1039 - genDependencies : Invalid condition id : LAN8742 Phy interface Condition cause : null
2026-09-05 20:22:10,601 [WARN] PackLoader:240 - Cannot read IP mode file for STMicroelectronics.X-CUBE-SFXS2LP1.4.0.0
2026-09-05 20:22:10,627 [WARN] PackLoader:240 - Cannot read IP mode file for STMicroelectronics.X-CUBE-WB05N.2.1.0
2026-09-05 20:22:10,669 [WARN] PackLoader:240 - Cannot read IP mode file for STMicroelectronics.X-CUBE-AZRTOS-H7.3.3.0
2026-09-05 20:22:10,711 [WARN] ConditionMgr:438 - getConditionDescription Invalid condition id : UX DEVICE CLASS RTOS Condition cause : null
2026-09-05 20:22:10,712 [WARN] ConditionMgr:438 - getConditionDescription Invalid condition id : UX DEVICE CLASS RTOS Condition cause : null
2026-09-05 20:22:10,715 [WARN] PackLoader:240 - Cannot read IP mode file for STMicroelectronics.X-CUBE-AZRTOS-WB.2.0.0
2026-09-05 20:22:10,716 [WARN] ConditionMgr:1039 - genDependencies : Invalid condition id : UX DEVICE CLASS RTOS Condition cause : null
2026-09-05 20:22:10,716 [WARN] ConditionMgr:1039 - genDependencies : Invalid condition id : UX DEVICE CLASS RTOS Condition cause : null
2026-09-05 20:22:10,718 [WARN] ConditionMgr:1039 - genDependencies : Invalid condition id : UX DEVICE CLASS RTOS Condition cause : null
2026-09-05 20:22:10,722 [WARN] ConditionMgr:1039 - genDependencies : Invalid condition id : UX DEVICE CLASS RTOS Condition cause : null
2026-09-05 20:22:10,722 [WARN] ConditionMgr:1039 - genDependencies : Invalid condition id : UX DEVICE CLASS RTOS Condition cause : null
2026-09-05 20:22:10,763 [WARN] PackLoader:240 - Cannot read IP mode file for STMicroelectronics.X-CUBE-GNSS1.7.0.1
2026-09-05 20:22:10,797 [WARN] PackLoader:240 - Cannot read IP mode file for STMicroelectronics.X-CUBE-TOUCHGFX.4.25.0
2026-09-05 20:22:10,823 [WARN] PackLoader:240 - Cannot read IP mode file for STMicroelectronics.FP-SNS-STBOX1.2.0.0
2026-09-05 20:22:10,852 [WARN] PackLoader:240 - Cannot read IP mode file for STMicroelectronics.X-CUBE-STSE01.2.0.0
2026-09-05 20:22:10,891 [WARN] PackLoader:240 - Cannot read IP mode file for STMicroelectronics.X-CUBE-SUBG2.5.0.0
2026-09-05 20:22:10,932 [WARN] PackLoader:240 - Cannot read IP mode file for STMicroelectronics.X-CUBE-AZRTOS-H7RS.1.1.0
2026-09-05 20:22:10,962 [WARN] PackLoader:240 - Cannot read IP mode file for Cesanta.I-CUBE-Mongoose.7.13.0
2026-09-05 20:22:11,005 [WARN] PackLoader:240 - Cannot read IP mode file for STMicroelectronics.X-CUBE-AZRTOS-G4.2.0.0
2026-09-05 20:22:11,032 [WARN] PackLoader:240 - Cannot read IP mode file for wolfSSL.I-CUBE-wolfSSH.1.4.20
2026-09-05 20:22:11,071 [WARN] PackLoader:240 - Cannot read IP mode file for STMicroelectronics.X-CUBE-NFC7.2.0.0
2026-09-05 20:22:11,101 [ERROR] Engine:466 - C:\Users\user\.stm32cubemx\thirdparties\pdsc\STMicroelectronics.X-CUBE-IPS.3.1.0.pdsc: PDSC version is not supported
2026-09-05 20:22:11,114 [INFO] WebApp:186 - Connection restablished
2026-09-05 20:22:11,128 [ERROR] Engine:466 - C:\Users\user\.stm32cubemx\thirdparties\pdsc\STMicroelectronics.X-CUBE-BLEMGR.4.2.0.pdsc: PDSC version is not supported
2026-09-05 20:22:11,154 [WARN] PackLoader:240 - Cannot read IP mode file for STMicroelectronics.X-CUBE-ALS.1.0.2
2026-09-05 20:22:11,188 [WARN] PackLoader:240 - Cannot read IP mode file for portGmbH.I-Cube-SoM-uGOAL.1.1.0
2026-09-05 20:22:11,219 [ERROR] Engine:466 - C:\Users\user\.stm32cubemx\thirdparties\pdsc\STMicroelectronics.X-CUBE-TOF1.3.4.3.pdsc: PDSC version is not supported
2026-09-05 20:22:11,220 [INFO] ThirdParty:978 - Integrity check success = true
2026-09-05 20:22:11,220 [INFO] IntegrityCheckThread:100 - exiting critical section [integrity check]
2026-09-05 20:22:11,220 [INFO] IntegrityCheckThread:103 - End integrity checks thread
2026-09-05 20:22:11,328 [INFO] WebApp:220 - Starting web application
2026-09-05 20:22:11,328 [INFO] WebApp:578 - Web application path used D:\ST\STM32CubeIDE_1.16.0\STM32CubeIDE\plugins\com.st.stm32cube.common.mx_6.12.0.202406281431\db\plugins\mcufinder\reactClient1\index.html
2026-09-05 20:22:11,577 [INFO] UserAuth:417 - Internet connection configuration mode: 1
2026-09-05 20:22:30,218 [INFO] McuFinderGlobals:63 - Set McuFinder mode to 2 (CubeIDE integrated)
2026-09-05 20:22:38,631 [INFO] MainUpdater:2873 - connection check result : 10
2026-09-05 20:22:38,643 [INFO] MainUpdater:2873 - connection check result : 10
2026-09-05 20:22:39,031 [INFO] RulesReader:64 - Compatibility file has been processed (297 Rules)
2026-09-05 20:22:39,056 [INFO] RulesReader:64 - Compatibility file has been processed (297 Rules)
2026-09-05 20:22:39,067 [INFO] MicroXplorer:468 - Change Database Path : 
2026-09-05 20:22:39,067 [INFO] MicroXplorer:498 - Change Database Version : DB.6.0.120
2026-09-05 20:22:39,088 [WARN] ThirdParty:871 - waiting for thirdparty lock release [close project]
2026-09-05 20:22:39,089 [INFO] ThirdParty:873 - entering critical section [close project]
2026-09-05 20:22:39,090 [INFO] ThirdParty:883 - exiting critical section [close project]
2026-09-05 20:22:39,096 [INFO] PinOutPanel:1561 - setPackage(No Configuration,No Configuration)
2026-09-05 20:22:39,107 [INFO] UtilMem:75 - Begin LoadConfig() Used Memory: 131683752 Bytes (268435456)
2026-09-05 20:22:39,110 [INFO] MicroXplorer:468 - Change Database Path : 
2026-09-05 20:22:39,110 [INFO] MicroXplorer:498 - Change Database Version : DB.6.0.120
2026-09-05 20:22:39,111 [INFO] OpenFileManager:332 - Change cursor
2026-09-05 20:22:39,175 [INFO] Mcu:2032 - Initializing MCU STM32F446R(C-E)Tx STM32F446RETx STM32F446RET6
2026-09-05 20:22:42,534 [INFO] Context:742 - Trying to add GPIOservice into a context  which must be forbidden
2026-09-05 20:22:43,493 [INFO] RtosManager:555 - Registered RTOS mode: class=CMSIS, group=RTOS, mode=CMSIS_V1, owner=FREERTOS
2026-09-05 20:22:43,494 [INFO] RtosManager:555 - Registered RTOS mode: class=CMSIS, group=RTOS2, mode=CMSIS_V2, owner=FREERTOS
2026-09-05 20:22:43,494 [INFO] RtosManager:555 - Registered RTOS mode: class=RTOS, group=Core, mode=CMSIS_V1, owner=FREERTOS
2026-09-05 20:22:43,495 [INFO] RtosManager:555 - Registered RTOS mode: class=RTOS, group=Core, mode=CMSIS_V2, owner=FREERTOS
2026-09-05 20:22:43,496 [WARN] ModelIntegratedComponent:184 - Missing modes for component STMicroelectronics:FreeRTOS:0.0.1:STMicroelectronics:RTOS:FreeRTOS:Core:::10.2.0:
2026-09-05 20:22:43,621 [WARN] ModelIntegratedComponent:63 - No mode defined for component null
2026-09-05 20:22:43,622 [WARN] ModelIntegratedComponent:63 - No mode defined for component null
2026-09-05 20:22:43,622 [WARN] ModelIntegratedComponent:63 - No mode defined for component null
2026-09-05 20:22:43,622 [WARN] ModelIntegratedComponent:63 - No mode defined for component null
2026-09-05 20:22:43,622 [WARN] ModelIntegratedComponent:63 - No mode defined for component null
2026-09-05 20:22:43,622 [WARN] ModelIntegratedComponent:63 - No mode defined for component null
2026-09-05 20:22:43,622 [WARN] ModelIntegratedComponent:63 - No mode defined for component null
2026-09-05 20:22:43,622 [WARN] ModelIntegratedComponent:63 - No mode defined for component null
2026-09-05 20:22:43,622 [WARN] ModelIntegratedComponent:63 - No mode defined for component null
2026-09-05 20:22:43,622 [WARN] ModelIntegratedComponent:63 - No mode defined for component null
2026-09-05 20:22:43,622 [WARN] ModelIntegratedComponent:63 - No mode defined for component null
2026-09-05 20:22:43,622 [WARN] ModelIntegratedComponent:63 - No mode defined for component null
2026-09-05 20:22:43,623 [WARN] ModelIntegratedComponent:63 - No mode defined for component null
2026-09-05 20:22:43,623 [WARN] ModelIntegratedComponent:63 - No mode defined for component null
2026-09-05 20:22:43,623 [WARN] ModelIntegratedComponent:63 - No mode defined for component null
2026-09-05 20:22:43,623 [WARN] ModelIntegratedComponent:63 - No mode defined for component null
2026-09-05 20:22:43,623 [WARN] ModelIntegratedComponent:63 - No mode defined for component null
2026-09-05 20:22:43,623 [WARN] ModelIntegratedComponent:63 - No mode defined for component null
2026-09-05 20:22:43,623 [WARN] ModelIntegratedComponent:63 - No mode defined for component null
2026-09-05 20:22:43,623 [WARN] ModelIntegratedComponent:63 - No mode defined for component null
2026-09-05 20:22:43,623 [WARN] ModelIntegratedComponent:63 - No mode defined for component null
2026-09-05 20:22:43,623 [WARN] ModelIntegratedComponent:63 - No mode defined for component null
2026-09-05 20:22:43,623 [WARN] ModelIntegratedComponent:63 - No mode defined for component null
2026-09-05 20:22:43,623 [WARN] ModelIntegratedComponent:63 - No mode defined for component null
2026-09-05 20:22:43,623 [WARN] ModelIntegratedComponent:63 - No mode defined for component null
2026-09-05 20:22:43,623 [WARN] ModelIntegratedComponent:63 - No mode defined for component null
2026-09-05 20:22:43,623 [WARN] ModelIntegratedComponent:63 - No mode defined for component null
2026-09-05 20:22:43,623 [WARN] ModelIntegratedComponent:63 - No mode defined for component null
2026-09-05 20:22:43,623 [WARN] ModelIntegratedComponent:63 - No mode defined for component null
2026-09-05 20:22:43,623 [WARN] ModelIntegratedComponent:63 - No mode defined for component null
2026-09-05 20:22:43,623 [WARN] ModelIntegratedComponent:63 - No mode defined for component null
2026-09-05 20:22:43,623 [WARN] ModelIntegratedComponent:63 - No mode defined for component null
2026-09-05 20:22:43,623 [WARN] ModelIntegratedComponent:63 - No mode defined for component null
2026-09-05 20:22:43,623 [WARN] ModelIntegratedComponent:63 - No mode defined for component null
2026-09-05 20:22:43,624 [WARN] ModelIntegratedComponent:63 - No mode defined for component null
2026-09-05 20:22:43,624 [WARN] ModelPack:524 - Component already loaded: STMicroelectronics:HAL Drivers:0.0.0:STMicroelectronics:Device:STMicro_Driver:XSPI:HAL::0.0.1:HAL_XSPI
2026-09-05 20:22:43,786 [INFO] ThirdPartyModel:298 - Start build external matchings
2026-09-05 20:22:44,709 [INFO] ThirdPartyModel:316 - End build external matchings
2026-09-05 20:22:45,593 [INFO] ApiDb:581 - Connected to CubeFinder SQLite database (C:\Users\user\.stmcufinder\plugins\mcufinder\mcu\cube-finder-db.db)
2026-09-05 20:22:45,812 [INFO] ApiDb:668 - CubeFinder database Data Model version=2.1
2026-09-05 20:22:45,812 [INFO] ApiDb:669 - CubeFinder database Configuration version=3.0.42
2026-09-05 20:22:45,812 [INFO] ApiDb:670 - CubeFinder database generation date=2026-08-04 (1785840812)
2026-09-05 20:22:45,812 [INFO] ApiDb:671 - CubeFinder database FW Pack versions=[FP-ATR-ASTRA1_V2.0.0, FP-SNS-FLIGHT1_V5.1.0, FP-SNS-MOTENV1_V5.1.0, FP-SNS-MOTENVWB1_V1.5.0, FP-SNS-SMARTAG2_V1.2.0, FP-SNS-STBOX1_V2.1.0, STM32Cube_FW_C0_V1.4.1, STM32Cube_FW_F4_V1.28.3, STM32Cube_FW_F7_V1.17.4, STM32Cube_FW_G0_V1.6.3, STM32Cube_FW_G4_V1.6.2, STM32Cube_FW_H5_V1.7.0, STM32Cube_FW_H7RS_V1.3.0, STM32Cube_FW_H7_V1.13.0, STM32Cube_FW_L0_V1.12.2, STM32Cube_FW_L4_V1.18.2, STM32Cube_FW_L5_V1.6.0, STM32Cube_FW_N6_V1.4.0, STM32Cube_FW_U0_V1.3.0, STM32Cube_FW_U3_V1.4.0, STM32Cube_FW_U5_V1.9.0, STM32Cube_FW_WB0_V1.5.0, STM32Cube_FW_WBA_V1.10.0, STM32Cube_FW_WB_V1.24.0, STM32Cube_FW_WL3_V1.5.0, STM32Cube_FW_WL_V1.6.0, X-CUBE-ALGOBUILD_V1.5.0, X-CUBE-ALS_V1.0.2, X-CUBE-AZRTOS-F4_V1.1.0, X-CUBE-AZRTOS-F7_V1.1.0, X-CUBE-AZRTOS-G0_V1.1.0, X-CUBE-AZRTOS-G4_V2.0.0, X-CUBE-AZRTOS-H7RS_V1.3.0, X-CUBE-AZRTOS-H7_V3.5.0, X-CUBE-AZRTOS-L4_V2.0.0, X-CUBE-AZRTOS-L5_V2.0.0, X-CUBE-AZRTOS-WB_V2.0.0, X-CUBE-AZRTOS-WL_V2.0.0, X-CUBE-BLE1_V7.1.0, X-CUBE-BLE2_V3.3.0, X-CUBE-BLEMGR_V4.2.0, X-CUBE-EEPRMA1_V5.2.0, X-CUBE-FREERTOS_V1.6.0, X-CUBE-GNSS1_V7.1.1, X-CUBE-MEMS1_V13.0.0, X-CUBE-NFC4_V3.0.0, X-CUBE-NFC7_V2.0.0, X-CUBE-SFXS2LP1_V4.0.0, X-CUBE-ST67W61_V1.3.0, X-CUBE-SUBG2_V5.0.0, X-CUBE-TOF1_V3.4.3]
2026-09-05 20:22:46,062 [INFO] DbBoardsSqlite:226 - include board P-NUCLEO-WB55-NUCLEO as a kit item of type 'Nucleo-64'
2026-09-05 20:22:46,063 [INFO] DbBoardsSqlite:226 - include board P-NUCLEO-WB55-USBDONGLE as a kit item of type 'Nucleo USB Dongle'
2026-09-05 20:22:46,066 [INFO] DbBoardsSqlite:226 - include board STEVAL-IDP005V1 as a kit item of type 'Evaluation Board'
2026-09-05 20:22:46,066 [INFO] DbBoardsSqlite:226 - include board STEVAL-IDP005V2 as a kit item of type 'Evaluation Board'
2026-09-05 20:22:46,992 [INFO] ApiDb:240 - Found 646 in-development CPN: [B-G473E-ZEST1S, B-WB1M-WPAN1, B-WL5M-SUBG1, NUCLEO-C031C6, NUCLEO-C071RB, NUCLEO-H503RB, NUCLEO-H533RE, NUCLEO-H563ZI, NUCLEO-H7S3L8, NUCLEO-U031R8, NUCLEO-U083RC, NUCLEO-U545RE-Q, NUCLEO-U5A5ZJ-Q, NUCLEO-WB05KZ, NUCLEO-WB07CC, NUCLEO-WB09KE, NUCLEO-WBA52CG, NUCLEO-WBA55CG, STEVAL-PROTEUS1, STEVAL-SMARTAG2, STEVAL-STWINBX1, STM320518-EVAL, STM32C0116-DK, STM32C011D6Y3TR, STM32C011D6Y6TR, STM32C011F4P3, STM32C011F4P6, STM32C011F4U3, STM32C011F4U6TR, STM32C011F6P3, STM32C011F6P6, STM32C011F6U3, STM32C011F6U6TR, STM32C011J4M3, STM32C011J4M6, STM32C011J6M3, STM32C011J6M6, STM32C0316-DK, STM32C031C4T3, STM32C031C4T6, STM32C031C4U3, STM32C031C4U6, STM32C031C6T3, STM32C031C6T6, STM32C031C6U3, STM32C031C6U6, STM32C031F4P3, STM32C031F4P6, STM32C031F6P3, STM32C031F6P6, STM32C031G4U3, STM32C031G4U6, STM32C031G6U3, STM32C031G6U6, STM32C031K4T3, STM32C031K4T6, STM32C031K4U3, STM32C031K4U6, STM32C031K6T3, STM32C031K6T6, STM32C031K6U3, STM32C031K6U6, STM32C071C8T6, STM32C071C8T6N, STM32C071C8U6, STM32C071C8U6N, STM32C071CBT6, STM32C071CBT6N, STM32C071CBU6, STM32C071CBU6N, STM32C071F8P6, STM32C071F8P6N, STM32C071FBP6, STM32C071FBP6N, STM32C071FBY6TR, STM32C071G8U6, STM32C071G8U6N, STM32C071GBU6, STM32C071GBU6N, STM32C071K8T6, STM32C071K8T6N, STM32C071K8U6, STM32C071K8U6N, STM32C071KBT6, STM32C071KBT6N, STM32C071KBU6, STM32C071KBU6N, STM32C071R8T6, STM32C071R8T6N, STM32C071RBI6N, STM32C071RBT6, STM32C071RBT6N, STM32G071K8TXN, STM32G071K8UXN, STM32G081GBU6N, STM32G081KBT6N, STM32G081KBUXN, STM32G0B1CCT6N, STM32G0B1KCT6, STM32G0B1NEY6TR, STM32G0B1RCT6N, STM32G0C1CCT6, STM32G0C1CCT6N, STM32G0C1CCU6N, STM32G0C1CET6N, STM32G0C1CEU6N, STM32G0C1KCT6, STM32G0C1NEY6TR, STM32G0C1RCI6N, STM32G0C1RCT6N, STM32G0C1REI6N, STM32G0C1RET6N, STM32G0C1VCI6, STM32G0C1VEI6, STM32G411C6T3, STM32G411C6T6, STM32G411C6U3, STM32G411C6U6, STM32G411C8T3, STM32G411C8T6, STM32G411C8U3, STM32G411C8U6, STM32G411CBT3, STM32G411CBT6, STM32G411CBU3, STM32G411CBU6, STM32G411K6T3, STM32G411K6T6, STM32G411K6U3, STM32G411K6U6, STM32G411K8T3, STM32G411K8T6, STM32G411K8U3, STM32G411K8U6, STM32G411KBT3, STM32G411KBT6, STM32G411KBU3, STM32G411KBU6, STM32G411M6T3, STM32G411M6T6, STM32G411M8T3, STM32G411M8T6, STM32G411MBT3, STM32G411MBT6, STM32G411R6T3, STM32G411R6T6, STM32G411R8T3, STM32G411R8T6, STM32G411RBT3, STM32G411RBT6, STM32G414CBT3, STM32G414CBT6, STM32G414CBU3, STM32G414CBU6, STM32G414CCT3, STM32G414CCT6, STM32G414CCU3, STM32G414CCU6, STM32G414MBT3, STM32G414MBT6, STM32G414MCT3, STM32G414MCT6, STM32G414RBT3, STM32G414RBT6, STM32G414RCT3, STM32G414RCT6, STM32G414VBT3, STM32G414VBT6, STM32G414VCT3, STM32G414VCT6, STM32G431CBT3Z, STM32G431RBT3Z, STM32G471CCT6, STM32G471CCU6, STM32G471CET3, STM32G471CET6, STM32G471CEU3, STM32G471CEU6, STM32G471MCT6, STM32G471MET3, STM32G471MET6, STM32G471MEY6TR, STM32G471QCT6, STM32G471QET3, STM32G471RCT6, STM32G471RET3, STM32G471RET6, STM32G471VCH6, STM32G471VCI6, STM32G471VCT6, STM32G471VEH3, STM32G471VEH6, STM32G471VEI3, STM32G471VEI6, STM32G471VET3, STM32G471VET6, STM32G473QET3Z, STM32G473RET3Z, STM32G474CCT6, STM32G491RET3Z, STM32H503CBT6, STM32H503CBU6, STM32H503EBY6TR, STM32H503KBU6, STM32H503RBT6, STM32H523CCT6, STM32H523CCU6, STM32H523CET6, STM32H523CEU6, STM32H523HEY6TR, STM32H523RCT6, STM32H523RET6, STM32H523VCI6, STM32H523VCT6, STM32H523VEI6, STM32H523VET6, STM32H523ZCJ6, STM32H523ZCT6, STM32H523ZEJ6, STM32H523ZET6, STM32H533CET6, STM32H533CEU6, STM32H533HEY6TR, STM32H533RET6, STM32H533VEI6, STM32H533VET6, STM32H533ZEJ6, STM32H533ZET6, STM32H562AGI6, STM32H562AII6, STM32H562IGK6, STM32H562IGT6, STM32H562IIK6, STM32H562IIT6, STM32H562RGT6, STM32H562RGV6, STM32H562RIT6, STM32H562RIV6, STM32H562VGT6, STM32H562VIT6, STM32H562ZGT6, STM32H562ZIT6, STM32H563AGI6, STM32H563AII3Q, STM32H563AII6, STM32H563IGK6, STM32H563IGT6, STM32H563IIK3Q, STM32H563IIK6, STM32H563IIT3Q, STM32H563IIT6, STM32H563MIY3QTR, STM32H563RGT6, STM32H563RGV6, STM32H563RIT6, STM32H563RIV6, STM32H563VGT6, STM32H563VIT3Q, STM32H563VIT6, STM32H563ZGT6, STM32H563ZIT3Q, STM32H563ZIT6, STM32H573AII3Q, STM32H573AII6, STM32H573I-DK, STM32H573IIK3Q, STM32H573IIK6, STM32H573IIT3Q, STM32H573IIT6, STM32H573MIY3QTR, STM32H573RIT6, STM32H573RIV6, STM32H573VIT3Q, STM32H573VIT6, STM32H573ZIT3Q, STM32H573ZIT6, STM32H7R3A8I6, STM32H7R3I8K6, STM32H7R3I8T6, STM32H7R3L8H6, STM32H7R3L8H6H, STM32H7R3R8V6, STM32H7R3V8H6, STM32H7R3V8T6, STM32H7R3V8Y6TR, STM32H7R3Z8J6, STM32H7R3Z8T6, STM32H7R7A8I6, STM32H7R7I8K6, STM32H7R7I8T6, STM32H7R7L8H6, STM32H7R7L8H6H, STM32H7R7Z8J6, STM32H7S3A8I6, STM32H7S3I8K6, STM32H7S3I8T6, STM32H7S3L8H6, STM32H7S3L8H6H, STM32H7S3R8V6, STM32H7S3V8H6, STM32H7S3V8T6, STM32H7S3V8Y6TR, STM32H7S3Z8J6, STM32H7S3Z8T6, STM32H7S78-DK, STM32H7S7A8I6, STM32H7S7I8K6, STM32H7S7I8T6, STM32H7S7L8H6, STM32H7S7L8H6H, STM32H7S7Z8J6, STM32L4R5QGI6STR, STM32MP131AAE3, STM32MP131AAF3, STM32MP131AAG3, STM32MP131CAE3, STM32MP131CAF3, STM32MP131CAG3, STM32MP131DAE7, STM32MP131DAF7, STM32MP131DAG7, STM32MP131FAE7, STM32MP131FAF7, STM32MP131FAG7, STM32MP133AAE3, STM32MP133AAF3, STM32MP133AAG3, STM32MP133CAE3, STM32MP133CAF3, STM32MP133CAG3, STM32MP133DAE7, STM32MP133DAF7, STM32MP133DAG7, STM32MP133FAE7, STM32MP133FAF7, STM32MP133FAG7, STM32MP135AAE3, STM32MP135AAF3, STM32MP135AAG3, STM32MP135CAE3, STM32MP135CAF3, STM32MP135CAG3, STM32MP135DAE7, STM32MP135DAF7, STM32MP135DAG7, STM32MP135F-DK, STM32MP135FAE7, STM32MP135FAF7, STM32MP135FAF7T, STM32MP135FAF7U, STM32MP135FAG7, STM32MP251AAI3, STM32MP251AAK3, STM32MP251AAL3, STM32MP251CAI3, STM32MP251CAK3, STM32MP251CAL3, STM32MP251DAI3, STM32MP251DAK3, STM32MP251DAL3, STM32MP251FAI3, STM32MP251FAK3, STM32MP251FAL3, STM32MP253AAI3, STM32MP253AAK3, STM32MP253AAL3, STM32MP253CAI3, STM32MP253CAK3, STM32MP253CAL3, STM32MP253DAI3, STM32MP253DAK3, STM32MP253DAL3, STM32MP253FAI3, STM32MP253FAK3, STM32MP253FAL3, STM32MP255AAI3, STM32MP255AAK3, STM32MP255AAL3, STM32MP255CAI3, STM32MP255CAK3, STM32MP255CAL3, STM32MP255DAI3, STM32MP255DAK3, STM32MP255DAL3, STM32MP255FAI3, STM32MP255FAK3, STM32MP255FAL3, STM32MP257AAI3, STM32MP257AAK3, STM32MP257AAL3, STM32MP257CAI3, STM32MP257CAK3, STM32MP257CAL3, STM32MP257DAI3, STM32MP257DAK3, STM32MP257DAL3, STM32MP257F-DK, STM32MP257F-EV1, STM32MP257FAI3, STM32MP257FAK3, STM32MP257FAL3, STM32U031C6T6, STM32U031C6U6, STM32U031C8T6, STM32U031C8U6, STM32U031F4P6, STM32U031F6P6, STM32U031F8P6, STM32U031G6Y6TR, STM32U031G8Y6TR, STM32U031K4U6, STM32U031K6U6, STM32U031K8U6, STM32U031R6I6, STM32U031R6T6, STM32U031R8I6, STM32U031R8T6, STM32U073C8T6, STM32U073C8U6, STM32U073CBT6, STM32U073CBU6, STM32U073CCT6, STM32U073CCU6, STM32U073H8Y6TR, STM32U073HBY6TR, STM32U073HCY6TR, STM32U073K8U6, STM32U073KBU6, STM32U073KCU6, STM32U073M8I6, STM32U073M8T6, STM32U073MBI6, STM32U073MBT6, STM32U073MCI6, STM32U073MCT6, STM32U073R8I6, STM32U073R8T6, STM32U073RBI6, STM32U073RBT6, STM32U073RCI6, STM32U073RCT6, STM32U083C-DK, STM32U083CCT6, STM32U083CCU6, STM32U083HCY6TR, STM32U083KCU6, STM32U083MCI6, STM32U083MCT6, STM32U083RCI6, STM32U083RCT6, STM32U535CBT6, STM32U535CBT6Q, STM32U535CBU6, STM32U535CBU6Q, STM32U535CCT6, STM32U535CCT6Q, STM32U535CCU6, STM32U535CCU6Q, STM32U535CET6, STM32U535CET6Q, STM32U535CEU6, STM32U535CEU6Q, STM32U535JEY6QTR, STM32U535NCY6QTR, STM32U535NEY6QTR, STM32U535RBI6, STM32U535RBI6Q, STM32U535RBT6, STM32U535RBT6Q, STM32U535RCI6, STM32U535RCI6Q, STM32U535RCT6, STM32U535RCT6Q, STM32U535REI6, STM32U535REI6Q, STM32U535RET6, STM32U535RET6Q, STM32U535VCI6, STM32U535VCI6Q, STM32U535VCT6, STM32U535VCT6Q, STM32U535VEI6, STM32U535VEI6Q, STM32U535VET6, STM32U535VET6Q, STM32U545CET6, STM32U545CET6Q, STM32U545CEU6, STM32U545CEU6Q, STM32U545JEY6QTR, STM32U545NEY6QTR, STM32U545REI6, STM32U545REI6Q, STM32U545RET6, STM32U545RET6Q, STM32U545VEI6, STM32U545VEI6Q, STM32U545VET6, STM32U545VET6Q, STM32U595AIH6, STM32U595AIH6Q, STM32U595AJH6, STM32U595AJH6Q, STM32U595QII6, STM32U595QII6Q, STM32U595QJI6, STM32U595QJI6Q, STM32U595RIT6, STM32U595RIT6Q, STM32U595RJT6, STM32U595RJT6Q, STM32U595VIT6, STM32U595VIT6Q, STM32U595VJT6, STM32U595VJT6Q, STM32U595ZIT6, STM32U595ZIT6Q, STM32U595ZIY6QTR, STM32U595ZJT6, STM32U595ZJT6Q, STM32U595ZJY6QTR, STM32U599BJY6QTR, STM32U599NIH6Q, STM32U599NJH6Q, STM32U599VIT6Q, STM32U599VJT6, STM32U599VJT6Q, STM32U599ZIT6Q, STM32U599ZIY6QTR, STM32U599ZJT6Q, STM32U599ZJY6QTR, STM32U5A5AJH6, STM32U5A5AJH6Q, STM32U5A5QII3Q , STM32U5A5QJI6, STM32U5A5QJI6Q, STM32U5A5RJT6, STM32U5A5RJT6Q, STM32U5A5VJT6, STM32U5A5VJT6Q, STM32U5A5ZJT6, STM32U5A5ZJT6Q, STM32U5A5ZJY6QTR, STM32U5A9BJY6QTR, STM32U5A9J-DK, STM32U5A9NJH6Q, STM32U5A9VJT6Q, STM32U5A9ZJT6Q, STM32U5A9ZJY6QTR, STM32U5F7VIT6, STM32U5F7VIT6Q, STM32U5F7VJT6, STM32U5F7VJT6Q, STM32U5F9BJY6QTR, STM32U5F9NJH6Q, STM32U5F9VIT6Q, STM32U5F9VJT6Q, STM32U5F9ZIJ6QTR, STM32U5F9ZIT6Q, STM32U5F9ZJJ6QTR, STM32U5F9ZJT6Q, STM32U5G7VJT6, STM32U5G7VJT6Q, STM32U5G9BJY6QTR, STM32U5G9J-DK1, STM32U5G9J-DK2, STM32U5G9NJH6Q, STM32U5G9VJT6Q, STM32U5G9ZJJ6QTR, STM32U5G9ZJT6Q, STM32WB05KZV6TR, STM32WB05KZV7TR, STM32WB05TZF6TR, STM32WB05TZF7TR, STM32WB06CCF6TR, STM32WB06CCF7TR, STM32WB06CCV6TR, STM32WB06CCV7TR, STM32WB06KCV6TR, STM32WB06KCV7TR, STM32WB07CCF6TR, STM32WB07CCF7TR, STM32WB07CCV6TR, STM32WB07CCV7TR, STM32WB07KCV6TR, STM32WB07KCV7TR, STM32WB09KEV6TR, STM32WB09KEV7TR, STM32WB09TEF6TR, STM32WB09TEF7TR, STM32WB1MMCH6, STM32WBA50KGU6, STM32WBA50KGU6TR, STM32WBA52CEU6, STM32WBA52CEU6TR, STM32WBA52CEU7, STM32WBA52CEU7TR, STM32WBA52CGU6, STM32WBA52CGU6TR, STM32WBA52CGU6U, STM32WBA52CGU7, STM32WBA52CGU7TR, STM32WBA52KEU6, STM32WBA52KEU6TR, STM32WBA52KGU6, STM32WBA52KGU6TR, STM32WBA54CEU6, STM32WBA54CEU6TR, STM32WBA54CEU7, STM32WBA54CEU7TR, STM32WBA54CGU6, STM32WBA54CGU6TR, STM32WBA54CGU7, STM32WBA54CGU7TR, STM32WBA54KEU6, STM32WBA54KEU6TR, STM32WBA54KEU7, STM32WBA54KEU7TR, STM32WBA54KGU6, STM32WBA54KGU6TR, STM32WBA54KGU7, STM32WBA54KGU7TR, STM32WBA55CEU6, STM32WBA55CEU6TR, STM32WBA55CEU7, STM32WBA55CEU7TR, STM32WBA55CGU6, STM32WBA55CGU6TR, STM32WBA55CGU6U, STM32WBA55CGU7, STM32WBA55CGU7TR, STM32WBA55G-DK1, STM32WBA55HEF6, STM32WBA55HEF7, STM32WBA55HGF6, STM32WBA55HGF7, STM32WBA55UEI6, STM32WBA55UEI6TR, STM32WBA55UEI7, STM32WBA55UEI7TR, STM32WBA55UGI6, STM32WBA55UGI6TR, STM32WBA55UGI7, STM32WBA55UGI7TR, STM32WL5MOCH6, STM32WL5MOCH6TR]
2026-09-05 20:22:47,001 [INFO] ApiDb:668 - CubeFinder database Data Model version=2.1
2026-09-05 20:22:47,001 [INFO] ApiDb:669 - CubeFinder database Configuration version=3.0.42
2026-09-05 20:22:47,001 [INFO] ApiDb:670 - CubeFinder database generation date=2026-08-04 (1785840812)
2026-09-05 20:22:47,001 [INFO] ApiDb:671 - CubeFinder database FW Pack versions=[FP-ATR-ASTRA1_V2.0.0, FP-SNS-FLIGHT1_V5.1.0, FP-SNS-MOTENV1_V5.1.0, FP-SNS-MOTENVWB1_V1.5.0, FP-SNS-SMARTAG2_V1.2.0, FP-SNS-STBOX1_V2.1.0, STM32Cube_FW_C0_V1.4.1, STM32Cube_FW_F4_V1.28.3, STM32Cube_FW_F7_V1.17.4, STM32Cube_FW_G0_V1.6.3, STM32Cube_FW_G4_V1.6.2, STM32Cube_FW_H5_V1.7.0, STM32Cube_FW_H7RS_V1.3.0, STM32Cube_FW_H7_V1.13.0, STM32Cube_FW_L0_V1.12.2, STM32Cube_FW_L4_V1.18.2, STM32Cube_FW_L5_V1.6.0, STM32Cube_FW_N6_V1.4.0, STM32Cube_FW_U0_V1.3.0, STM32Cube_FW_U3_V1.4.0, STM32Cube_FW_U5_V1.9.0, STM32Cube_FW_WB0_V1.5.0, STM32Cube_FW_WBA_V1.10.0, STM32Cube_FW_WB_V1.24.0, STM32Cube_FW_WL3_V1.5.0, STM32Cube_FW_WL_V1.6.0, X-CUBE-ALGOBUILD_V1.5.0, X-CUBE-ALS_V1.0.2, X-CUBE-AZRTOS-F4_V1.1.0, X-CUBE-AZRTOS-F7_V1.1.0, X-CUBE-AZRTOS-G0_V1.1.0, X-CUBE-AZRTOS-G4_V2.0.0, X-CUBE-AZRTOS-H7RS_V1.3.0, X-CUBE-AZRTOS-H7_V3.5.0, X-CUBE-AZRTOS-L4_V2.0.0, X-CUBE-AZRTOS-L5_V2.0.0, X-CUBE-AZRTOS-WB_V2.0.0, X-CUBE-AZRTOS-WL_V2.0.0, X-CUBE-BLE1_V7.1.0, X-CUBE-BLE2_V3.3.0, X-CUBE-BLEMGR_V4.2.0, X-CUBE-EEPRMA1_V5.2.0, X-CUBE-FREERTOS_V1.6.0, X-CUBE-GNSS1_V7.1.1, X-CUBE-MEMS1_V13.0.0, X-CUBE-NFC4_V3.0.0, X-CUBE-NFC7_V2.0.0, X-CUBE-SFXS2LP1_V4.0.0, X-CUBE-ST67W61_V1.3.0, X-CUBE-SUBG2_V5.0.0, X-CUBE-TOF1_V3.4.3]
2026-09-05 20:22:51,113 [INFO] ApiDb:240 - Found 646 in-development CPN: [B-G473E-ZEST1S, B-WB1M-WPAN1, B-WL5M-SUBG1, NUCLEO-C031C6, NUCLEO-C071RB, NUCLEO-H503RB, NUCLEO-H533RE, NUCLEO-H563ZI, NUCLEO-H7S3L8, NUCLEO-U031R8, NUCLEO-U083RC, NUCLEO-U545RE-Q, NUCLEO-U5A5ZJ-Q, NUCLEO-WB05KZ, NUCLEO-WB07CC, NUCLEO-WB09KE, NUCLEO-WBA52CG, NUCLEO-WBA55CG, STEVAL-PROTEUS1, STEVAL-SMARTAG2, STEVAL-STWINBX1, STM320518-EVAL, STM32C0116-DK, STM32C011D6Y3TR, STM32C011D6Y6TR, STM32C011F4P3, STM32C011F4P6, STM32C011F4U3, STM32C011F4U6TR, STM32C011F6P3, STM32C011F6P6, STM32C011F6U3, STM32C011F6U6TR, STM32C011J4M3, STM32C011J4M6, STM32C011J6M3, STM32C011J6M6, STM32C0316-DK, STM32C031C4T3, STM32C031C4T6, STM32C031C4U3, STM32C031C4U6, STM32C031C6T3, STM32C031C6T6, STM32C031C6U3, STM32C031C6U6, STM32C031F4P3, STM32C031F4P6, STM32C031F6P3, STM32C031F6P6, STM32C031G4U3, STM32C031G4U6, STM32C031G6U3, STM32C031G6U6, STM32C031K4T3, STM32C031K4T6, STM32C031K4U3, STM32C031K4U6, STM32C031K6T3, STM32C031K6T6, STM32C031K6U3, STM32C031K6U6, STM32C071C8T6, STM32C071C8T6N, STM32C071C8U6, STM32C071C8U6N, STM32C071CBT6, STM32C071CBT6N, STM32C071CBU6, STM32C071CBU6N, STM32C071F8P6, STM32C071F8P6N, STM32C071FBP6, STM32C071FBP6N, STM32C071FBY6TR, STM32C071G8U6, STM32C071G8U6N, STM32C071GBU6, STM32C071GBU6N, STM32C071K8T6, STM32C071K8T6N, STM32C071K8U6, STM32C071K8U6N, STM32C071KBT6, STM32C071KBT6N, STM32C071KBU6, STM32C071KBU6N, STM32C071R8T6, STM32C071R8T6N, STM32C071RBI6N, STM32C071RBT6, STM32C071RBT6N, STM32G071K8TXN, STM32G071K8UXN, STM32G081GBU6N, STM32G081KBT6N, STM32G081KBUXN, STM32G0B1CCT6N, STM32G0B1KCT6, STM32G0B1NEY6TR, STM32G0B1RCT6N, STM32G0C1CCT6, STM32G0C1CCT6N, STM32G0C1CCU6N, STM32G0C1CET6N, STM32G0C1CEU6N, STM32G0C1KCT6, STM32G0C1NEY6TR, STM32G0C1RCI6N, STM32G0C1RCT6N, STM32G0C1REI6N, STM32G0C1RET6N, STM32G0C1VCI6, STM32G0C1VEI6, STM32G411C6T3, STM32G411C6T6, STM32G411C6U3, STM32G411C6U6, STM32G411C8T3, STM32G411C8T6, STM32G411C8U3, STM32G411C8U6, STM32G411CBT3, STM32G411CBT6, STM32G411CBU3, STM32G411CBU6, STM32G411K6T3, STM32G411K6T6, STM32G411K6U3, STM32G411K6U6, STM32G411K8T3, STM32G411K8T6, STM32G411K8U3, STM32G411K8U6, STM32G411KBT3, STM32G411KBT6, STM32G411KBU3, STM32G411KBU6, STM32G411M6T3, STM32G411M6T6, STM32G411M8T3, STM32G411M8T6, STM32G411MBT3, STM32G411MBT6, STM32G411R6T3, STM32G411R6T6, STM32G411R8T3, STM32G411R8T6, STM32G411RBT3, STM32G411RBT6, STM32G414CBT3, STM32G414CBT6, STM32G414CBU3, STM32G414CBU6, STM32G414CCT3, STM32G414CCT6, STM32G414CCU3, STM32G414CCU6, STM32G414MBT3, STM32G414MBT6, STM32G414MCT3, STM32G414MCT6, STM32G414RBT3, STM32G414RBT6, STM32G414RCT3, STM32G414RCT6, STM32G414VBT3, STM32G414VBT6, STM32G414VCT3, STM32G414VCT6, STM32G431CBT3Z, STM32G431RBT3Z, STM32G471CCT6, STM32G471CCU6, STM32G471CET3, STM32G471CET6, STM32G471CEU3, STM32G471CEU6, STM32G471MCT6, STM32G471MET3, STM32G471MET6, STM32G471MEY6TR, STM32G471QCT6, STM32G471QET3, STM32G471RCT6, STM32G471RET3, STM32G471RET6, STM32G471VCH6, STM32G471VCI6, STM32G471VCT6, STM32G471VEH3, STM32G471VEH6, STM32G471VEI3, STM32G471VEI6, STM32G471VET3, STM32G471VET6, STM32G473QET3Z, STM32G473RET3Z, STM32G474CCT6, STM32G491RET3Z, STM32H503CBT6, STM32H503CBU6, STM32H503EBY6TR, STM32H503KBU6, STM32H503RBT6, STM32H523CCT6, STM32H523CCU6, STM32H523CET6, STM32H523CEU6, STM32H523HEY6TR, STM32H523RCT6, STM32H523RET6, STM32H523VCI6, STM32H523VCT6, STM32H523VEI6, STM32H523VET6, STM32H523ZCJ6, STM32H523ZCT6, STM32H523ZEJ6, STM32H523ZET6, STM32H533CET6, STM32H533CEU6, STM32H533HEY6TR, STM32H533RET6, STM32H533VEI6, STM32H533VET6, STM32H533ZEJ6, STM32H533ZET6, STM32H562AGI6, STM32H562AII6, STM32H562IGK6, STM32H562IGT6, STM32H562IIK6, STM32H562IIT6, STM32H562RGT6, STM32H562RGV6, STM32H562RIT6, STM32H562RIV6, STM32H562VGT6, STM32H562VIT6, STM32H562ZGT6, STM32H562ZIT6, STM32H563AGI6, STM32H563AII3Q, STM32H563AII6, STM32H563IGK6, STM32H563IGT6, STM32H563IIK3Q, STM32H563IIK6, STM32H563IIT3Q, STM32H563IIT6, STM32H563MIY3QTR, STM32H563RGT6, STM32H563RGV6, STM32H563RIT6, STM32H563RIV6, STM32H563VGT6, STM32H563VIT3Q, STM32H563VIT6, STM32H563ZGT6, STM32H563ZIT3Q, STM32H563ZIT6, STM32H573AII3Q, STM32H573AII6, STM32H573I-DK, STM32H573IIK3Q, STM32H573IIK6, STM32H573IIT3Q, STM32H573IIT6, STM32H573MIY3QTR, STM32H573RIT6, STM32H573RIV6, STM32H573VIT3Q, STM32H573VIT6, STM32H573ZIT3Q, STM32H573ZIT6, STM32H7R3A8I6, STM32H7R3I8K6, STM32H7R3I8T6, STM32H7R3L8H6, STM32H7R3L8H6H, STM32H7R3R8V6, STM32H7R3V8H6, STM32H7R3V8T6, STM32H7R3V8Y6TR, STM32H7R3Z8J6, STM32H7R3Z8T6, STM32H7R7A8I6, STM32H7R7I8K6, STM32H7R7I8T6, STM32H7R7L8H6, STM32H7R7L8H6H, STM32H7R7Z8J6, STM32H7S3A8I6, STM32H7S3I8K6, STM32H7S3I8T6, STM32H7S3L8H6, STM32H7S3L8H6H, STM32H7S3R8V6, STM32H7S3V8H6, STM32H7S3V8T6, STM32H7S3V8Y6TR, STM32H7S3Z8J6, STM32H7S3Z8T6, STM32H7S78-DK, STM32H7S7A8I6, STM32H7S7I8K6, STM32H7S7I8T6, STM32H7S7L8H6, STM32H7S7L8H6H, STM32H7S7Z8J6, STM32L4R5QGI6STR, STM32MP131AAE3, STM32MP131AAF3, STM32MP131AAG3, STM32MP131CAE3, STM32MP131CAF3, STM32MP131CAG3, STM32MP131DAE7, STM32MP131DAF7, STM32MP131DAG7, STM32MP131FAE7, STM32MP131FAF7, STM32MP131FAG7, STM32MP133AAE3, STM32MP133AAF3, STM32MP133AAG3, STM32MP133CAE3, STM32MP133CAF3, STM32MP133CAG3, STM32MP133DAE7, STM32MP133DAF7, STM32MP133DAG7, STM32MP133FAE7, STM32MP133FAF7, STM32MP133FAG7, STM32MP135AAE3, STM32MP135AAF3, STM32MP135AAG3, STM32MP135CAE3, STM32MP135CAF3, STM32MP135CAG3, STM32MP135DAE7, STM32MP135DAF7, STM32MP135DAG7, STM32MP135F-DK, STM32MP135FAE7, STM32MP135FAF7, STM32MP135FAF7T, STM32MP135FAF7U, STM32MP135FAG7, STM32MP251AAI3, STM32MP251AAK3, STM32MP251AAL3, STM32MP251CAI3, STM32MP251CAK3, STM32MP251CAL3, STM32MP251DAI3, STM32MP251DAK3, STM32MP251DAL3, STM32MP251FAI3, STM32MP251FAK3, STM32MP251FAL3, STM32MP253AAI3, STM32MP253AAK3, STM32MP253AAL3, STM32MP253CAI3, STM32MP253CAK3, STM32MP253CAL3, STM32MP253DAI3, STM32MP253DAK3, STM32MP253DAL3, STM32MP253FAI3, STM32MP253FAK3, STM32MP253FAL3, STM32MP255AAI3, STM32MP255AAK3, STM32MP255AAL3, STM32MP255CAI3, STM32MP255CAK3, STM32MP255CAL3, STM32MP255DAI3, STM32MP255DAK3, STM32MP255DAL3, STM32MP255FAI3, STM32MP255FAK3, STM32MP255FAL3, STM32MP257AAI3, STM32MP257AAK3, STM32MP257AAL3, STM32MP257CAI3, STM32MP257CAK3, STM32MP257CAL3, STM32MP257DAI3, STM32MP257DAK3, STM32MP257DAL3, STM32MP257F-DK, STM32MP257F-EV1, STM32MP257FAI3, STM32MP257FAK3, STM32MP257FAL3, STM32U031C6T6, STM32U031C6U6, STM32U031C8T6, STM32U031C8U6, STM32U031F4P6, STM32U031F6P6, STM32U031F8P6, STM32U031G6Y6TR, STM32U031G8Y6TR, STM32U031K4U6, STM32U031K6U6, STM32U031K8U6, STM32U031R6I6, STM32U031R6T6, STM32U031R8I6, STM32U031R8T6, STM32U073C8T6, STM32U073C8U6, STM32U073CBT6, STM32U073CBU6, STM32U073CCT6, STM32U073CCU6, STM32U073H8Y6TR, STM32U073HBY6TR, STM32U073HCY6TR, STM32U073K8U6, STM32U073KBU6, STM32U073KCU6, STM32U073M8I6, STM32U073M8T6, STM32U073MBI6, STM32U073MBT6, STM32U073MCI6, STM32U073MCT6, STM32U073R8I6, STM32U073R8T6, STM32U073RBI6, STM32U073RBT6, STM32U073RCI6, STM32U073RCT6, STM32U083C-DK, STM32U083CCT6, STM32U083CCU6, STM32U083HCY6TR, STM32U083KCU6, STM32U083MCI6, STM32U083MCT6, STM32U083RCI6, STM32U083RCT6, STM32U535CBT6, STM32U535CBT6Q, STM32U535CBU6, STM32U535CBU6Q, STM32U535CCT6, STM32U535CCT6Q, STM32U535CCU6, STM32U535CCU6Q, STM32U535CET6, STM32U535CET6Q, STM32U535CEU6, STM32U535CEU6Q, STM32U535JEY6QTR, STM32U535NCY6QTR, STM32U535NEY6QTR, STM32U535RBI6, STM32U535RBI6Q, STM32U535RBT6, STM32U535RBT6Q, STM32U535RCI6, STM32U535RCI6Q, STM32U535RCT6, STM32U535RCT6Q, STM32U535REI6, STM32U535REI6Q, STM32U535RET6, STM32U535RET6Q, STM32U535VCI6, STM32U535VCI6Q, STM32U535VCT6, STM32U535VCT6Q, STM32U535VEI6, STM32U535VEI6Q, STM32U535VET6, STM32U535VET6Q, STM32U545CET6, STM32U545CET6Q, STM32U545CEU6, STM32U545CEU6Q, STM32U545JEY6QTR, STM32U545NEY6QTR, STM32U545REI6, STM32U545REI6Q, STM32U545RET6, STM32U545RET6Q, STM32U545VEI6, STM32U545VEI6Q, STM32U545VET6, STM32U545VET6Q, STM32U595AIH6, STM32U595AIH6Q, STM32U595AJH6, STM32U595AJH6Q, STM32U595QII6, STM32U595QII6Q, STM32U595QJI6, STM32U595QJI6Q, STM32U595RIT6, STM32U595RIT6Q, STM32U595RJT6, STM32U595RJT6Q, STM32U595VIT6, STM32U595VIT6Q, STM32U595VJT6, STM32U595VJT6Q, STM32U595ZIT6, STM32U595ZIT6Q, STM32U595ZIY6QTR, STM32U595ZJT6, STM32U595ZJT6Q, STM32U595ZJY6QTR, STM32U599BJY6QTR, STM32U599NIH6Q, STM32U599NJH6Q, STM32U599VIT6Q, STM32U599VJT6, STM32U599VJT6Q, STM32U599ZIT6Q, STM32U599ZIY6QTR, STM32U599ZJT6Q, STM32U599ZJY6QTR, STM32U5A5AJH6, STM32U5A5AJH6Q, STM32U5A5QII3Q , STM32U5A5QJI6, STM32U5A5QJI6Q, STM32U5A5RJT6, STM32U5A5RJT6Q, STM32U5A5VJT6, STM32U5A5VJT6Q, STM32U5A5ZJT6, STM32U5A5ZJT6Q, STM32U5A5ZJY6QTR, STM32U5A9BJY6QTR, STM32U5A9J-DK, STM32U5A9NJH6Q, STM32U5A9VJT6Q, STM32U5A9ZJT6Q, STM32U5A9ZJY6QTR, STM32U5F7VIT6, STM32U5F7VIT6Q, STM32U5F7VJT6, STM32U5F7VJT6Q, STM32U5F9BJY6QTR, STM32U5F9NJH6Q, STM32U5F9VIT6Q, STM32U5F9VJT6Q, STM32U5F9ZIJ6QTR, STM32U5F9ZIT6Q, STM32U5F9ZJJ6QTR, STM32U5F9ZJT6Q, STM32U5G7VJT6, STM32U5G7VJT6Q, STM32U5G9BJY6QTR, STM32U5G9J-DK1, STM32U5G9J-DK2, STM32U5G9NJH6Q, STM32U5G9VJT6Q, STM32U5G9ZJJ6QTR, STM32U5G9ZJT6Q, STM32WB05KZV6TR, STM32WB05KZV7TR, STM32WB05TZF6TR, STM32WB05TZF7TR, STM32WB06CCF6TR, STM32WB06CCF7TR, STM32WB06CCV6TR, STM32WB06CCV7TR, STM32WB06KCV6TR, STM32WB06KCV7TR, STM32WB07CCF6TR, STM32WB07CCF7TR, STM32WB07CCV6TR, STM32WB07CCV7TR, STM32WB07KCV6TR, STM32WB07KCV7TR, STM32WB09KEV6TR, STM32WB09KEV7TR, STM32WB09TEF6TR, STM32WB09TEF7TR, STM32WB1MMCH6, STM32WBA50KGU6, STM32WBA50KGU6TR, STM32WBA52CEU6, STM32WBA52CEU6TR, STM32WBA52CEU7, STM32WBA52CEU7TR, STM32WBA52CGU6, STM32WBA52CGU6TR, STM32WBA52CGU6U, STM32WBA52CGU7, STM32WBA52CGU7TR, STM32WBA52KEU6, STM32WBA52KEU6TR, STM32WBA52KGU6, STM32WBA52KGU6TR, STM32WBA54CEU6, STM32WBA54CEU6TR, STM32WBA54CEU7, STM32WBA54CEU7TR, STM32WBA54CGU6, STM32WBA54CGU6TR, STM32WBA54CGU7, STM32WBA54CGU7TR, STM32WBA54KEU6, STM32WBA54KEU6TR, STM32WBA54KEU7, STM32WBA54KEU7TR, STM32WBA54KGU6, STM32WBA54KGU6TR, STM32WBA54KGU7, STM32WBA54KGU7TR, STM32WBA55CEU6, STM32WBA55CEU6TR, STM32WBA55CEU7, STM32WBA55CEU7TR, STM32WBA55CGU6, STM32WBA55CGU6TR, STM32WBA55CGU6U, STM32WBA55CGU7, STM32WBA55CGU7TR, STM32WBA55G-DK1, STM32WBA55HEF6, STM32WBA55HEF7, STM32WBA55HGF6, STM32WBA55HGF7, STM32WBA55UEI6, STM32WBA55UEI6TR, STM32WBA55UEI7, STM32WBA55UEI7TR, STM32WBA55UGI6, STM32WBA55UGI6TR, STM32WBA55UGI7, STM32WBA55UGI7TR, STM32WL5MOCH6, STM32WL5MOCH6TR]
2026-09-05 20:22:51,123 [INFO] DbMcus:218 - Found 5304 MCUs, 5116 are supported
2026-09-05 20:22:51,124 [INFO] ApiDb:423 - Load user favorites file C:\Users\user/.stm32cubeide/favorites.mcus.txt: 0 item(s)
2026-09-05 20:22:51,124 [INFO] ApiDb:427 - User favorites MCUs=[]
2026-09-05 20:22:51,124 [INFO] DbMcus:224 - Set 0 / 0 favorites MCUs
2026-09-05 20:22:51,911 [INFO] BoardInfo:889 - No configuration file found for board B-WBA5M-WPAN
2026-09-05 20:22:51,912 [INFO] DbBoards:161 - Board is not supported: B-WBA5M-WPAN
2026-09-05 20:22:51,916 [INFO] BoardInfo:889 - No configuration file found for board NUCLEO-C051C8
2026-09-05 20:22:51,917 [INFO] DbBoards:161 - Board is not supported: NUCLEO-C051C8
2026-09-05 20:22:51,921 [INFO] BoardInfo:889 - No configuration file found for board NUCLEO-C092RC
2026-09-05 20:22:51,922 [INFO] DbBoards:161 - Board is not supported: NUCLEO-C092RC
2026-09-05 20:22:51,977 [INFO] BoardInfo:889 - No configuration file found for board NUCLEO-H553ZG
2026-09-05 20:22:51,977 [INFO] DbBoards:161 - Board is not supported: NUCLEO-H553ZG
2026-09-05 20:22:51,979 [INFO] BoardInfo:889 - No configuration file found for board NUCLEO-H5E5ZJ
2026-09-05 20:22:51,980 [INFO] DbBoards:161 - Board is not supported: NUCLEO-H5E5ZJ
2026-09-05 20:22:52,013 [INFO] BoardInfo:889 - No configuration file found for board NUCLEO-N657X0-Q
2026-09-05 20:22:52,013 [INFO] DbBoards:161 - Board is not supported: NUCLEO-N657X0-Q
2026-09-05 20:22:52,016 [INFO] BoardInfo:889 - No configuration file found for board NUCLEO-U385RG-Q
2026-09-05 20:22:52,017 [INFO] DbBoards:161 - Board is not supported: NUCLEO-U385RG-Q
2026-09-05 20:22:52,018 [INFO] BoardInfo:889 - No configuration file found for board NUCLEO-U3C5ZI-Q
2026-09-05 20:22:52,020 [INFO] DbBoards:161 - Board is not supported: NUCLEO-U3C5ZI-Q
2026-09-05 20:22:52,030 [INFO] BoardInfo:889 - No configuration file found for board NUCLEO-WBA25CE1
2026-09-05 20:22:52,030 [INFO] DbBoards:161 - Board is not supported: NUCLEO-WBA25CE1
2026-09-05 20:22:52,033 [INFO] BoardInfo:889 - No configuration file found for board NUCLEO-WBA65RI
2026-09-05 20:22:52,033 [INFO] DbBoards:161 - Board is not supported: NUCLEO-WBA65RI
2026-09-05 20:22:52,034 [INFO] BoardInfo:889 - No configuration file found for board NUCLEO-WL33CC1
2026-09-05 20:22:52,036 [INFO] DbBoards:161 - Board is not supported: NUCLEO-WL33CC1
2026-09-05 20:22:52,038 [INFO] BoardInfo:889 - No configuration file found for board NUCLEO-WL33CC2
2026-09-05 20:22:52,038 [INFO] DbBoards:161 - Board is not supported: NUCLEO-WL33CC2
2026-09-05 20:22:52,039 [INFO] BoardInfo:889 - No configuration file found for board NUCLEO-WL3RKB1
2026-09-05 20:22:52,040 [INFO] DbBoards:161 - Board is not supported: NUCLEO-WL3RKB1
2026-09-05 20:22:52,041 [INFO] BoardInfo:889 - No configuration file found for board NUCLEO-WL3RKB2
2026-09-05 20:22:52,041 [INFO] DbBoards:161 - Board is not supported: NUCLEO-WL3RKB2
2026-09-05 20:22:52,048 [INFO] BoardInfo:889 - No configuration file found for board P-NUCLEO-WB55
2026-09-05 20:22:52,048 [INFO] DbBoards:161 - Kit is not supported: P-NUCLEO-WB55
2026-09-05 20:22:52,055 [INFO] BoardInfo:889 - No configuration file found for board STEVAL-BFA001V1B
2026-09-05 20:22:52,055 [INFO] DbBoards:161 - Kit is not supported: STEVAL-BFA001V1B
2026-09-05 20:22:52,057 [INFO] BoardInfo:889 - No configuration file found for board STEVAL-BFA001V2B
2026-09-05 20:22:52,057 [INFO] DbBoards:161 - Kit is not supported: STEVAL-BFA001V2B
2026-09-05 20:22:52,164 [INFO] BoardInfo:889 - No configuration file found for board STM32H5F5J-DK
2026-09-05 20:22:52,164 [INFO] DbBoards:161 - Board is not supported: STM32H5F5J-DK
2026-09-05 20:22:52,230 [INFO] BoardInfo:889 - No configuration file found for board STM32MP215F-DK
2026-09-05 20:22:52,231 [INFO] DbBoards:161 - Board is not supported: STM32MP215F-DK
2026-09-05 20:22:52,237 [INFO] BoardInfo:889 - No configuration file found for board STM32N6570-DK
2026-09-05 20:22:52,239 [INFO] DbBoards:161 - Board is not supported: STM32N6570-DK
2026-09-05 20:22:52,259 [INFO] BoardInfo:889 - No configuration file found for board STM32WBA65I-DK1
2026-09-05 20:22:52,260 [INFO] DbBoards:161 - Board is not supported: STM32WBA65I-DK1
2026-09-05 20:22:52,260 [INFO] DbBoards:168 - Found 219 boards, 198 are supported
2026-09-05 20:22:52,260 [INFO] DbBoards:169 - Found 219 boards, 25 of them is supported for  Bsp
2026-09-05 20:22:52,267 [INFO] ApiDb:423 - Load user favorites file C:\Users\user/.stm32cubeide/favorites.boards.txt: 0 item(s)
2026-09-05 20:22:52,267 [INFO] ApiDb:427 - User favorites Boards=[]
2026-09-05 20:22:52,267 [INFO] DbBoards:198 - Set 0 / 0 favorites Boards
2026-09-05 20:22:52,317 [INFO] UtilMem:75 - End LoadConfig() Used Memory: 266021912 Bytes (502267904)
2026-09-05 20:22:52,548 [WARN] ThirdParty:833 - waiting for thirdparty lock release [change project]
2026-09-05 20:22:52,548 [INFO] ThirdParty:835 - entering critical section [change project]
2026-09-05 20:22:52,549 [INFO] ThirdParty:1030 - CMSIS Pack Vendor :STMicroelectronics X-CUBE-AZRTOS-H7 3.5.0
2026-09-05 20:22:52,549 [INFO] ThirdParty:1030 - CMSIS Pack Vendor :STMicroelectronics X-CUBE-PM33A1 1.0.0
2026-09-05 20:22:52,549 [INFO] ThirdParty:1030 - CMSIS Pack Vendor :STMicroelectronics USBPD 4.1
2026-09-05 20:22:52,549 [INFO] ThirdParty:1030 - CMSIS Pack Vendor :STMicroelectronics X-CUBE-AZRTOS-H7 3.3.0
2026-09-05 20:22:52,549 [INFO] ThirdParty:1030 - CMSIS Pack Vendor :STMicroelectronics X-CUBE-NFC9 1.0.0
2026-09-05 20:22:52,549 [INFO] ThirdParty:1030 - CMSIS Pack Vendor :STMicroelectronics USB_HOST 2.0.0
2026-09-05 20:22:52,549 [INFO] ThirdParty:1030 - CMSIS Pack Vendor :STMicroelectronics FP-SNS-MOTENVWB1 1.4.0
2026-09-05 20:22:52,549 [INFO] ThirdParty:1030 - CMSIS Pack Vendor :STMicroelectronics FP-ATR-ASTRA1 2.0.3
2026-09-05 20:22:52,549 [INFO] ThirdParty:1030 - CMSIS Pack Vendor :STMicroelectronics X-CUBE-AZRTOS-F4 1.1.0
2026-09-05 20:22:52,549 [INFO] ThirdParty:1030 - CMSIS Pack Vendor :STMicroelectronics LIBJPEG 8.0.0
2026-09-05 20:22:52,549 [INFO] ThirdParty:1030 - CMSIS Pack Vendor :STMicroelectronics FP-ATR-ASTRA1 2.0.2
2026-09-05 20:22:52,549 [INFO] ThirdParty:1030 - CMSIS Pack Vendor :STMicroelectronics X-CUBE-BLE1 7.1.0
2026-09-05 20:22:52,549 [INFO] ThirdParty:1030 - CMSIS Pack Vendor :STMicroelectronics X-CUBE-SMBUS 2.1.0
2026-09-05 20:22:52,549 [INFO] ThirdParty:1030 - CMSIS Pack Vendor :wolfSSL I-CUBE-wolfMQTT 1.19.2
2026-09-05 20:22:52,549 [INFO] ThirdParty:1030 - CMSIS Pack Vendor :STMicroelectronics USB_DEVICE 3.0.0
2026-09-05 20:22:52,549 [INFO] ThirdParty:1030 - CMSIS Pack Vendor :STMicroelectronics X-CUBE-ISPU 2.1.0
2026-09-05 20:22:52,549 [INFO] ThirdParty:1030 - CMSIS Pack Vendor :STMicroelectronics X-CUBE-EEPRMA1 5.2.0
2026-09-05 20:22:52,549 [INFO] ThirdParty:1030 - CMSIS Pack Vendor :STMicroelectronics X-CUBE-AZRTOS-WB 2.0.0
2026-09-05 20:22:52,549 [INFO] ThirdParty:1030 - CMSIS Pack Vendor :STMicroelectronics X-CUBE-GNSS1 7.0.1
2026-09-05 20:22:52,549 [INFO] ThirdParty:1030 - CMSIS Pack Vendor :STMicroelectronics X-CUBE-NFC12 1.0.0
2026-09-05 20:22:52,549 [INFO] ThirdParty:1030 - CMSIS Pack Vendor :STMicroelectronics X-CUBE-AZRTOS-F7 1.1.0
2026-09-05 20:22:52,549 [INFO] ThirdParty:1030 - CMSIS Pack Vendor :STMicroelectronics X-CUBE-AZRTOS-L5 2.0.0
2026-09-05 20:22:52,549 [INFO] ThirdParty:1030 - CMSIS Pack Vendor :STMicroelectronics X-CUBE-TOUCHGFX 4.25.0
2026-09-05 20:22:52,549 [INFO] ThirdParty:1030 - CMSIS Pack Vendor :STMicroelectronics USB_DEVICE 2.0.0
2026-09-05 20:22:52,549 [INFO] ThirdParty:1030 - CMSIS Pack Vendor :STMicroelectronics X-CUBE-NFC6 3.1.0
2026-09-05 20:22:52,549 [INFO] ThirdParty:1030 - CMSIS Pack Vendor :STMicroelectronics X-CUBE-AI 10.1.0
2026-09-05 20:22:52,549 [INFO] ThirdParty:1030 - CMSIS Pack Vendor :STMicroelectronics FP-SNS-STBOX1 2.0.0
2026-09-05 20:22:52,549 [INFO] ThirdParty:1030 - CMSIS Pack Vendor :STMicroelectronics X-CUBE-STSE01 2.0.0
2026-09-05 20:22:52,549 [INFO] ThirdParty:1030 - CMSIS Pack Vendor :STMicroelectronics X-CUBE-ALGOBUILD 1.5.0
2026-09-05 20:22:52,549 [INFO] ThirdParty:1030 - CMSIS Pack Vendor :STMicroelectronics FreeRTOS 0.0.1
2026-09-05 20:22:52,549 [INFO] ThirdParty:1030 - CMSIS Pack Vendor :STMicroelectronics X-CUBE-AZRTOS-H7RS 1.3.0
2026-09-05 20:22:52,549 [INFO] ThirdParty:1030 - CMSIS Pack Vendor :STMicroelectronics X-CUBE-AZRTOS-G0 1.1.0
2026-09-05 20:22:52,549 [INFO] ThirdParty:1030 - CMSIS Pack Vendor :STMicroelectronics X-CUBE-SAFEA1 1.2.2
2026-09-05 20:22:52,549 [INFO] ThirdParty:1030 - CMSIS Pack Vendor :STMicroelectronics X-CUBE-NFC4 3.0.0
2026-09-05 20:22:52,549 [INFO] ThirdParty:1030 - CMSIS Pack Vendor :STMicroelectronics X-CUBE-SUBG2 5.0.0
2026-09-05 20:22:52,549 [INFO] ThirdParty:1030 - CMSIS Pack Vendor :STMicroelectronics X-CUBE-AZRTOS-H7RS 1.1.0
2026-09-05 20:22:52,549 [INFO] ThirdParty:1030 - CMSIS Pack Vendor :STMicroelectronics STM32_WPAN 1.0.0
2026-09-05 20:22:52,549 [INFO] ThirdParty:1030 - CMSIS Pack Vendor :EmbeddedOffice I-CUBE-FS-RTOS 1.0.1
2026-09-05 20:22:52,549 [INFO] ThirdParty:1030 - CMSIS Pack Vendor :STMicroelectronics lwIP 2.0.3
2026-09-05 20:22:52,549 [INFO] ThirdParty:1030 - CMSIS Pack Vendor :STMicroelectronics X-CUBE-MEMS1 13.0.0
2026-09-05 20:22:52,551 [INFO] ThirdParty:1030 - CMSIS Pack Vendor :Cesanta I-CUBE-Mongoose 7.13.0
2026-09-05 20:22:52,551 [INFO] ThirdParty:1030 - CMSIS Pack Vendor :STMicroelectronics USB_HOST 1.0.0
2026-09-05 20:22:52,551 [INFO] ThirdParty:1030 - CMSIS Pack Vendor :Infineon AIROC-Wi-Fi-Bluetooth-STM32 1.7.0
2026-09-05 20:22:52,551 [INFO] ThirdParty:1030 - CMSIS Pack Vendor :STMicroelectronics X-CUBE-AZRTOS-G4 2.0.0
2026-09-05 20:22:52,551 [INFO] ThirdParty:1030 - CMSIS Pack Vendor :STMicroelectronics X-CUBE-WB05N 2.0.0
2026-09-05 20:22:52,551 [INFO] ThirdParty:1030 - CMSIS Pack Vendor :STMicroelectronics PDM2PCM 3.1.0
2026-09-05 20:22:52,551 [INFO] ThirdParty:1030 - CMSIS Pack Vendor :STMicroelectronics PDM2PCM 3.3.0
2026-09-05 20:22:52,551 [INFO] ThirdParty:1030 - CMSIS Pack Vendor :wolfSSL I-CUBE-wolfTPM 3.8.0
2026-09-05 20:22:52,551 [INFO] ThirdParty:1030 - CMSIS Pack Vendor :STMicroelectronics X-CUBE-DISPLAY 3.0.0
2026-09-05 20:22:52,551 [INFO] ThirdParty:1030 - CMSIS Pack Vendor :wolfSSL I-CUBE-wolfSSH 1.4.20
2026-09-05 20:22:52,551 [INFO] ThirdParty:1030 - CMSIS Pack Vendor :STMicroelectronics X-CUBE-NFC7 2.0.0
2026-09-05 20:22:52,551 [INFO] ThirdParty:1030 - CMSIS Pack Vendor :STMicroelectronics X-CUBE-GNSS1 7.1.1
2026-09-05 20:22:52,551 [INFO] ThirdParty:1030 - CMSIS Pack Vendor :RealThread X-CUBE-RT-Thread_Nano 4.1.1
2026-09-05 20:22:52,551 [INFO] ThirdParty:1030 - CMSIS Pack Vendor :STMicroelectronics FP-ATR-SIGFOX1 3.2.0
2026-09-05 20:22:52,551 [INFO] ThirdParty:1030 - CMSIS Pack Vendor :STMicroelectronics X-CUBE-NFC10 1.0.0
2026-09-05 20:22:52,551 [INFO] ThirdParty:1030 - CMSIS Pack Vendor :STMicroelectronics X-CUBE-BLEMGR 4.0.0
2026-09-05 20:22:52,551 [INFO] ThirdParty:1030 - CMSIS Pack Vendor :STMicroelectronics X-CUBE-EEPRMA1 5.1.0
2026-09-05 20:22:52,551 [INFO] ThirdParty:1030 - CMSIS Pack Vendor :STMicroelectronics X-CUBE-FREERTOS 1.3.1
2026-09-05 20:22:52,551 [INFO] ThirdParty:1030 - CMSIS Pack Vendor :STMicroelectronics HAL Drivers 0.0.0
2026-09-05 20:22:52,551 [INFO] ThirdParty:1030 - CMSIS Pack Vendor :STMicroelectronics MBEDTLS 2.16.2
2026-09-05 20:22:52,551 [INFO] ThirdParty:1030 - CMSIS Pack Vendor :STMicroelectronics X-CUBE-ALS 1.0.2
2026-09-05 20:22:52,551 [INFO] ThirdParty:1030 - CMSIS Pack Vendor :emotas I-CUBE-CANOPEN 1.3.0
2026-09-05 20:22:52,551 [INFO] ThirdParty:1030 - CMSIS Pack Vendor :STMicroelectronics MBEDTLS 2.14.1
2026-09-05 20:22:52,551 [INFO] ThirdParty:1030 - CMSIS Pack Vendor :ITTIA_DB I-CUBE-ITTIADB 8.9.0
2026-09-05 20:22:52,551 [INFO] ThirdParty:1030 - CMSIS Pack Vendor :STMicroelectronics X-CUBE-TOUCHGFX 4.26.1
2026-09-05 20:22:52,551 [INFO] ThirdParty:1030 - CMSIS Pack Vendor :portGmbH I-Cube-SoM-uGOAL 1.1.0
2026-09-05 20:22:52,551 [INFO] ThirdParty:1030 - CMSIS Pack Vendor :STMicroelectronics X-CUBE-NFC6 3.2.0
2026-09-05 20:22:52,551 [INFO] ThirdParty:1030 - CMSIS Pack Vendor :quantropi X-CUBE-qispace-sdk-base 2.0.0
2026-09-05 20:22:52,551 [INFO] ThirdParty:1030 - CMSIS Pack Vendor :STMicroelectronics X-CUBE-AI 10.2.1
2026-09-05 20:22:52,551 [INFO] ThirdParty:1030 - CMSIS Pack Vendor :STMicroelectronics ThreadX 1.0.0
2026-09-05 20:22:52,551 [INFO] ThirdParty:1030 - CMSIS Pack Vendor :STMicroelectronics FP-SNS-SMARTAG2 1.2.0
2026-09-05 20:22:52,552 [INFO] ThirdParty:1030 - CMSIS Pack Vendor :STMicroelectronics X-CUBE-AZRTOS-WL 2.0.0
2026-09-05 20:22:52,552 [INFO] ThirdParty:1030 - CMSIS Pack Vendor :SEGGER I-CUBE-embOS 1.3.1
2026-09-05 20:22:52,552 [INFO] ThirdParty:1030 - CMSIS Pack Vendor :STMicroelectronics X-CUBE-ALGOBUILD 1.4.0
2026-09-05 20:22:52,552 [INFO] ThirdParty:1030 - CMSIS Pack Vendor :STMicroelectronics X-CUBE-DPower 1.3.0
2026-09-05 20:22:52,552 [INFO] ThirdParty:1030 - CMSIS Pack Vendor :STMicroelectronics X-CUBE-MEMS1 11.3.0
2026-09-05 20:22:52,552 [INFO] ThirdParty:1030 - CMSIS Pack Vendor :STMicroelectronics FP-SNS-MOTENV1 5.0.0
2026-09-05 20:22:52,552 [INFO] ThirdParty:1030 - CMSIS Pack Vendor :STMicroelectronics USB_DEVICE 1.0.0
2026-09-05 20:22:52,552 [INFO] ThirdParty:1030 - CMSIS Pack Vendor :STMicroelectronics X-CUBE-AZRTOS-L4 2.0.0
2026-09-05 20:22:52,552 [INFO] ThirdParty:1030 - CMSIS Pack Vendor :STMicroelectronics ThreadX 0.0.2
2026-09-05 20:22:52,552 [INFO] ThirdParty:1030 - CMSIS Pack Vendor :WES I-CUBE-Cesium 1.3.0
2026-09-05 20:22:52,552 [INFO] ThirdParty:1030 - CMSIS Pack Vendor :STMicroelectronics lwIP 2.1.2
2026-09-05 20:22:52,552 [INFO] ThirdParty:1030 - CMSIS Pack Vendor :STMicroelectronics X-CUBE-SFXS2LP1 4.0.0
2026-09-05 20:22:52,552 [INFO] ThirdParty:1030 - CMSIS Pack Vendor :STMicroelectronics X-CUBE-BLE2 3.3.0
2026-09-05 20:22:52,552 [INFO] ThirdParty:1030 - CMSIS Pack Vendor :STMicroelectronics X-CUBE-NFC13 1.0.0
2026-09-05 20:22:52,552 [INFO] ThirdParty:1030 - CMSIS Pack Vendor :STMicroelectronics PDM2PCM 3.2.0
2026-09-05 20:22:52,552 [INFO] ThirdParty:1030 - CMSIS Pack Vendor :STMicroelectronics X-CUBE-WB05N 2.1.0
2026-09-05 20:22:52,552 [INFO] ThirdParty:841 - exiting critical section [change project]
2026-09-05 20:22:53,321 [INFO] PinOutPanel:1561 - setPackage(No Configuration,No Configuration)
2026-09-05 20:22:53,323 [INFO] PinOutPanel:1561 - setPackage(STM32F446RETx,LQFP64)
2026-09-05 20:22:54,301 [INFO] UtilMem:75 - Before build in PCC Used Memory: 309664080 Bytes (502267904)
2026-09-05 20:22:56,175 [INFO] UtilMem:75 - After build in PCC Used Memory: 269982648 Bytes (502267904)
2026-09-05 20:22:56,246 [INFO] IPUIPlugin:80 - create IPUIPlugin
2026-09-05 20:22:56,246 [INFO] IPUIPlugin:80 - create IPUIPlugin
2026-09-05 20:22:56,246 [INFO] IPUIPlugin:80 - create IPUIPlugin
2026-09-05 20:22:56,246 [INFO] IPUIPlugin:80 - create IPUIPlugin
2026-09-05 20:22:56,246 [INFO] IPUIPlugin:80 - create IPUIPlugin
2026-09-05 20:22:56,248 [INFO] IPUIPlugin:80 - create IPUIPlugin
2026-09-05 20:22:56,248 [INFO] IPUIPlugin:80 - create IPUIPlugin
2026-09-05 20:22:56,248 [INFO] IPUIPlugin:80 - create IPUIPlugin
2026-09-05 20:22:56,248 [INFO] IPUIPlugin:80 - create IPUIPlugin
2026-09-05 20:22:56,248 [INFO] IPUIPlugin:80 - create IPUIPlugin
2026-09-05 20:22:56,248 [INFO] IPUIPlugin:80 - create IPUIPlugin
2026-09-05 20:22:56,248 [INFO] IPUIPlugin:80 - create IPUIPlugin
2026-09-05 20:22:56,248 [INFO] IPUIPlugin:80 - create IPUIPlugin
2026-09-05 20:22:56,249 [INFO] IPUIPlugin:80 - create IPUIPlugin
2026-09-05 20:22:56,249 [INFO] IPUIPlugin:80 - create IPUIPlugin
2026-09-05 20:22:56,249 [INFO] IPUIPlugin:80 - create IPUIPlugin
2026-09-05 20:22:56,249 [INFO] IPUIPlugin:80 - create IPUIPlugin
2026-09-05 20:22:56,249 [INFO] IPUIPlugin:80 - create IPUIPlugin
2026-09-05 20:22:56,249 [INFO] IPUIPlugin:80 - create IPUIPlugin
2026-09-05 20:22:56,249 [INFO] IPUIPlugin:80 - create IPUIPlugin
2026-09-05 20:22:56,250 [INFO] IPUIPlugin:80 - create IPUIPlugin
2026-09-05 20:22:56,250 [INFO] IPUIPlugin:80 - create IPUIPlugin
2026-09-05 20:22:56,250 [INFO] IPUIPlugin:80 - create IPUIPlugin
2026-09-05 20:22:56,250 [INFO] IPUIPlugin:80 - create IPUIPlugin
2026-09-05 20:22:56,252 [INFO] IPUIPlugin:80 - create IPUIPlugin
2026-09-05 20:22:56,252 [INFO] IPUIPlugin:80 - create IPUIPlugin
2026-09-05 20:22:56,254 [INFO] IPUIPlugin:80 - create IPUIPlugin
2026-09-05 20:22:56,254 [INFO] IPUIPlugin:80 - create IPUIPlugin
2026-09-05 20:22:56,256 [INFO] IPUIPlugin:80 - create IPUIPlugin
2026-09-05 20:22:56,256 [INFO] IPUIPlugin:80 - create IPUIPlugin
2026-09-05 20:22:56,257 [INFO] IPUIPlugin:80 - create IPUIPlugin
2026-09-05 20:22:56,257 [INFO] IPUIPlugin:80 - create IPUIPlugin
2026-09-05 20:22:56,258 [INFO] IPUIPlugin:80 - create IPUIPlugin
2026-09-05 20:22:56,258 [INFO] IPUIPlugin:80 - create IPUIPlugin
2026-09-05 20:22:56,259 [INFO] IPUIPlugin:80 - create IPUIPlugin
2026-09-05 20:22:56,260 [INFO] IPUIPlugin:80 - create IPUIPlugin
2026-09-05 20:22:56,260 [INFO] IPUIPlugin:80 - create IPUIPlugin
2026-09-05 20:22:56,260 [INFO] IPUIPlugin:80 - create IPUIPlugin
2026-09-05 20:22:56,261 [INFO] IPUIPlugin:80 - create IPUIPlugin
2026-09-05 20:22:56,261 [INFO] IPUIPlugin:80 - create IPUIPlugin
2026-09-05 20:22:56,261 [INFO] IPUIPlugin:80 - create IPUIPlugin
2026-09-05 20:22:56,262 [INFO] IPUIPlugin:80 - create IPUIPlugin
2026-09-05 20:22:56,263 [INFO] IPUIPlugin:80 - create IPUIPlugin
2026-09-05 20:22:56,263 [INFO] IPUIPlugin:80 - create IPUIPlugin
2026-09-05 20:22:56,264 [INFO] IPUIPlugin:80 - create IPUIPlugin
2026-09-05 20:22:56,264 [INFO] IPUIPlugin:80 - create IPUIPlugin
2026-09-05 20:22:56,264 [INFO] IPUIPlugin:80 - create IPUIPlugin
2026-09-05 20:22:56,265 [INFO] IPUIPlugin:80 - create IPUIPlugin
2026-09-05 20:22:56,265 [INFO] IPUIPlugin:80 - create IPUIPlugin
2026-09-05 20:22:56,266 [INFO] IPUIPlugin:80 - create IPUIPlugin
2026-09-05 20:22:56,268 [INFO] IPUIPlugin:80 - create IPUIPlugin
2026-09-05 20:22:56,269 [INFO] IPUIPlugin:80 - create IPUIPlugin
2026-09-05 20:22:56,269 [INFO] IPUIPlugin:80 - create IPUIPlugin
2026-09-05 20:22:56,270 [INFO] IPUIPlugin:80 - create IPUIPlugin
2026-09-05 20:22:56,271 [INFO] IPUIPlugin:80 - create IPUIPlugin
2026-09-05 20:22:56,272 [INFO] IPUIPlugin:80 - create IPUIPlugin
2026-09-05 20:22:56,273 [INFO] IPUIPlugin:80 - create IPUIPlugin
2026-09-05 20:22:56,274 [INFO] IPUIPlugin:80 - create IPUIPlugin
2026-09-05 20:22:56,275 [INFO] IPUIPlugin:80 - create IPUIPlugin
2026-09-05 20:22:56,276 [INFO] IPUIPlugin:80 - create IPUIPlugin
2026-09-05 20:22:56,486 [INFO] ApiDbMcu:508 - Load IP Config File for PDM2PCM
2026-09-05 20:22:56,884 [INFO] CADModel:165 - CPN selected for project levelSTM32F446RET6
2026-09-05 20:22:56,885 [INFO] CADModel:114 - Register for checkConnection events
2026-09-05 20:22:56,930 [INFO] OpenFileManager:363 - Restore cursor
2026-09-05 20:23:23,083 [INFO] WebApp:189 - Connection lost
2026-09-05 20:23:23,422 [INFO] WebApp:186 - Connection restablished
2026-09-05 20:23:41,560 [INFO] WebApp:189 - Connection lost
2026-09-05 20:23:41,808 [INFO] WebApp:186 - Connection restablished
2026-09-05 20:24:11,087 [INFO] WebApp:189 - Connection lost
2026-09-05 20:24:11,364 [INFO] WebApp:186 - Connection restablished
2026-09-05 20:24:35,570 [INFO] WebApp:189 - Connection lost
2026-09-05 20:24:35,835 [INFO] WebApp:186 - Connection restablished
2026-09-05 20:25:06,059 [INFO] WebApp:189 - Connection lost
2026-09-05 20:25:06,377 [INFO] WebApp:186 - Connection restablished
2026-09-05 20:25:23,061 [INFO] WebApp:189 - Connection lost
2026-09-05 20:25:23,359 [INFO] WebApp:186 - Connection restablished
2026-09-05 20:25:47,557 [INFO] WebApp:189 - Connection lost
2026-09-05 20:25:47,817 [INFO] WebApp:186 - Connection restablished
2026-09-05 20:26:25,074 [INFO] WebApp:189 - Connection lost
2026-09-05 20:26:25,417 [INFO] WebApp:186 - Connection restablished
2026-09-05 20:27:31,575 [INFO] WebApp:189 - Connection lost
2026-09-05 20:27:31,963 [INFO] WebApp:186 - Connection restablished
2026-09-05 20:27:49,573 [INFO] WebApp:189 - Connection lost
2026-09-05 20:27:49,826 [INFO] WebApp:186 - Connection restablished
2026-09-05 20:28:08,085 [INFO] WebApp:189 - Connection lost
2026-09-05 20:28:08,364 [INFO] WebApp:186 - Connection restablished
2026-09-05 20:28:38,067 [INFO] WebApp:189 - Connection lost
2026-09-05 20:28:38,475 [INFO] WebApp:186 - Connection restablished
2026-09-05 20:28:47,077 [INFO] WebApp:189 - Connection lost
2026-09-05 20:28:47,445 [INFO] WebApp:186 - Connection restablished
2026-09-05 20:29:20,064 [INFO] NvicIntPanel:101 - NVIC parent = com.st.microxplorer.plugins.ip.nvic.MultiNvicIntPanel[,0,0,0x0,invalid,layout=javax.swing.BoxLayout,alignmentX=0.0,alignmentY=0.0,border=,flags=9,maximumSize=,minimumSize=,preferredSize=]
2026-09-05 20:29:26,071 [INFO] WebApp:189 - Connection lost
2026-09-05 20:29:26,366 [INFO] WebApp:186 - Connection restablished
2026-09-05 20:29:26,605 [INFO] NvicIntPanel:101 - NVIC parent = com.st.microxplorer.plugins.ip.nvic.MultiNvicIntPanel[,0,0,0x0,invalid,layout=javax.swing.BoxLayout,alignmentX=0.0,alignmentY=0.0,border=,flags=9,maximumSize=,minimumSize=,preferredSize=]
2026-09-05 20:29:27,026 [INFO] NvicIntPanel:101 - NVIC parent = com.st.microxplorer.plugins.ip.nvic.MultiNvicIntPanel[,0,0,0x0,invalid,layout=javax.swing.BoxLayout,alignmentX=0.0,alignmentY=0.0,border=,flags=9,maximumSize=,minimumSize=,preferredSize=]
2026-09-05 20:29:51,577 [INFO] WebApp:189 - Connection lost
2026-09-05 20:29:51,827 [INFO] WebApp:186 - Connection restablished
2026-09-05 20:30:21,566 [INFO] WebApp:189 - Connection lost
2026-09-05 20:30:21,964 [INFO] WebApp:186 - Connection restablished
2026-09-05 20:30:38,074 [INFO] WebApp:189 - Connection lost
2026-09-05 20:30:38,328 [INFO] WebApp:186 - Connection restablished
2026-09-05 20:31:06,581 [INFO] WebApp:189 - Connection lost
2026-09-05 20:31:06,849 [INFO] WebApp:186 - Connection restablished
2026-09-05 20:32:11,558 [INFO] WebApp:189 - Connection lost
2026-09-05 20:32:11,898 [INFO] WebApp:186 - Connection restablished
2026-09-05 20:32:41,559 [INFO] WebApp:189 - Connection lost
2026-09-05 20:32:42,093 [INFO] WebApp:186 - Connection restablished
2026-09-05 20:32:58,597 [INFO] WebApp:189 - Connection lost
2026-09-05 20:32:58,874 [INFO] WebApp:186 - Connection restablished
2026-09-05 20:33:36,120 [INFO] WebApp:189 - Connection lost
2026-09-05 20:33:36,453 [INFO] WebApp:186 - Connection restablished
2026-09-05 20:33:51,082 [INFO] WebApp:189 - Connection lost
2026-09-05 20:33:51,370 [INFO] WebApp:186 - Connection restablished
2026-09-05 20:34:08,080 [INFO] WebApp:189 - Connection lost
2026-09-05 20:34:08,516 [INFO] WebApp:186 - Connection restablished
2026-09-05 20:34:36,706 [INFO] WebApp:189 - Connection lost
2026-09-05 20:34:36,936 [INFO] WebApp:186 - Connection restablished
2026-09-05 20:34:43,068 [INFO] WebApp:189 - Connection lost
2026-09-05 20:34:43,345 [INFO] WebApp:186 - Connection restablished
2026-09-05 20:35:57,069 [INFO] WebApp:189 - Connection lost
2026-09-05 20:35:57,482 [INFO] WebApp:186 - Connection restablished
2026-09-05 20:37:21,551 [INFO] WebApp:189 - Connection lost
2026-09-05 20:37:21,918 [INFO] WebApp:186 - Connection restablished
2026-09-05 20:37:44,501 [INFO] NvicIntPanel:101 - NVIC parent = com.st.microxplorer.plugins.ip.nvic.MultiNvicIntPanel[,0,0,450x53,layout=javax.swing.BoxLayout,alignmentX=0.0,alignmentY=0.0,border=,flags=9,maximumSize=,minimumSize=,preferredSize=]
2026-09-05 20:38:10,375 [INFO] NvicIntPanel:101 - NVIC parent = com.st.microxplorer.plugins.ip.nvic.MultiNvicIntPanel[,0,0,0x0,invalid,layout=javax.swing.BoxLayout,alignmentX=0.0,alignmentY=0.0,border=,flags=9,maximumSize=,minimumSize=,preferredSize=]
2026-09-05 20:38:25,584 [INFO] WebApp:189 - Connection lost
2026-09-05 20:38:25,901 [INFO] WebApp:186 - Connection restablished
2026-09-05 20:38:31,481 [INFO] NvicIntPanel:101 - NVIC parent = com.st.microxplorer.plugins.ip.nvic.MultiNvicIntPanel[,0,0,0x0,invalid,layout=javax.swing.BoxLayout,alignmentX=0.0,alignmentY=0.0,border=,flags=9,maximumSize=,minimumSize=,preferredSize=]
2026-09-05 20:39:28,564 [INFO] WebApp:189 - Connection lost
2026-09-05 20:39:29,100 [INFO] WebApp:186 - Connection restablished
2026-09-05 20:40:19,066 [INFO] WebApp:189 - Connection lost
2026-09-05 20:40:19,394 [INFO] WebApp:186 - Connection restablished
2026-09-05 20:40:36,562 [INFO] WebApp:189 - Connection lost
2026-09-05 20:40:36,844 [INFO] WebApp:186 - Connection restablished
2026-09-05 20:41:06,562 [INFO] WebApp:189 - Connection lost
2026-09-05 20:41:06,915 [INFO] WebApp:186 - Connection restablished
2026-09-05 20:41:26,585 [INFO] WebApp:189 - Connection lost
2026-09-05 20:41:26,830 [INFO] WebApp:186 - Connection restablished
2026-09-05 20:42:54,579 [INFO] WebApp:189 - Connection lost
2026-09-05 20:42:54,904 [INFO] WebApp:186 - Connection restablished
2026-09-05 20:43:22,073 [INFO] WebApp:189 - Connection lost
2026-09-05 20:43:24,124 [INFO] WebApp:186 - Connection restablished
2026-09-05 20:43:28,560 [INFO] WebApp:189 - Connection lost
2026-09-05 20:43:28,815 [INFO] WebApp:186 - Connection restablished
2026-09-05 20:43:46,564 [INFO] WebApp:189 - Connection lost
2026-09-05 20:43:46,819 [INFO] WebApp:186 - Connection restablished
2026-09-05 20:44:14,073 [INFO] WebApp:189 - Connection lost
2026-09-05 20:44:15,648 [INFO] WebApp:186 - Connection restablished
2026-09-05 20:44:33,584 [INFO] WebApp:189 - Connection lost
2026-09-05 20:44:37,649 [INFO] WebApp:186 - Connection restablished
2026-09-05 20:44:52,560 [INFO] WebApp:189 - Connection lost
2026-09-05 20:45:12,437 [INFO] WebApp:186 - Connection restablished
2026-09-05 20:45:36,581 [INFO] WebApp:189 - Connection lost
2026-09-05 20:48:03,219 [INFO] NvicIntPanel:101 - NVIC parent = com.st.microxplorer.plugins.ip.nvic.MultiNvicIntPanel[,0,0,0x0,invalid,layout=javax.swing.BoxLayout,alignmentX=0.0,alignmentY=0.0,border=,flags=9,maximumSize=,minimumSize=,preferredSize=]
2026-09-05 20:48:06,530 [INFO] NvicIntPanel:101 - NVIC parent = com.st.microxplorer.plugins.ip.nvic.MultiNvicIntPanel[,0,0,0x0,invalid,layout=javax.swing.BoxLayout,alignmentX=0.0,alignmentY=0.0,border=,flags=9,maximumSize=,minimumSize=,preferredSize=]
2026-09-05 20:50:11,711 [INFO] NvicIntPanel:101 - NVIC parent = com.st.microxplorer.plugins.ip.nvic.MultiNvicIntPanel[,0,0,0x0,invalid,layout=javax.swing.BoxLayout,alignmentX=0.0,alignmentY=0.0,border=,flags=9,maximumSize=,minimumSize=,preferredSize=]
2026-09-05 21:24:53,454 [INFO] WebApp:186 - Connection restablished
2026-09-05 21:24:56,079 [INFO] WebApp:189 - Connection lost
2026-09-05 21:24:56,418 [INFO] WebApp:186 - Connection restablished
2026-09-05 21:25:15,570 [INFO] WebApp:189 - Connection lost
2026-09-05 21:25:15,916 [INFO] WebApp:186 - Connection restablished
2026-09-05 21:25:34,562 [INFO] WebApp:189 - Connection lost
2026-09-05 21:25:34,938 [INFO] WebApp:186 - Connection restablished
2026-09-05 21:26:31,553 [INFO] WebApp:189 - Connection lost
2026-09-05 21:26:32,230 [INFO] WebApp:186 - Connection restablished
2026-09-05 21:27:27,087 [INFO] WebApp:189 - Connection lost
2026-09-05 21:27:27,374 [INFO] WebApp:186 - Connection restablished
2026-09-05 21:27:47,076 [INFO] WebApp:189 - Connection lost
2026-09-05 21:27:47,345 [INFO] WebApp:186 - Connection restablished
2026-09-05 21:28:14,598 [INFO] WebApp:189 - Connection lost
2026-09-05 21:28:14,832 [INFO] WebApp:186 - Connection restablished
2026-09-05 21:28:41,558 [INFO] WebApp:189 - Connection lost
2026-09-05 21:28:41,807 [INFO] WebApp:186 - Connection restablished
2026-09-05 21:29:01,074 [INFO] WebApp:189 - Connection lost
2026-09-05 21:29:01,327 [INFO] WebApp:186 - Connection restablished
2026-09-05 21:29:59,595 [INFO] WebApp:189 - Connection lost
2026-09-05 21:30:00,178 [INFO] WebApp:186 - Connection restablished
2026-09-05 21:30:48,582 [INFO] WebApp:189 - Connection lost
2026-09-05 21:30:48,831 [INFO] WebApp:186 - Connection restablished
2026-09-05 21:31:35,063 [INFO] WebApp:189 - Connection lost
2026-09-05 21:31:35,520 [INFO] WebApp:186 - Connection restablished
2026-09-05 21:31:45,058 [INFO] WebApp:189 - Connection lost
2026-09-05 21:31:45,563 [INFO] WebApp:186 - Connection restablished
2026-09-05 21:32:07,571 [INFO] WebApp:189 - Connection lost
2026-09-05 21:32:09,804 [INFO] WebApp:186 - Connection restablished
2026-09-05 21:32:14,048 [INFO] WebApp:189 - Connection lost
2026-09-05 21:32:14,413 [INFO] WebApp:186 - Connection restablished
2026-09-05 21:33:11,573 [INFO] WebApp:189 - Connection lost
2026-09-05 21:33:12,029 [INFO] WebApp:186 - Connection restablished
2026-09-05 21:34:09,572 [INFO] WebApp:189 - Connection lost
2026-09-05 21:34:10,111 [INFO] WebApp:186 - Connection restablished
2026-09-05 21:34:37,559 [INFO] WebApp:189 - Connection lost
2026-09-05 21:34:37,883 [INFO] WebApp:186 - Connection restablished
2026-09-05 21:34:56,069 [INFO] WebApp:189 - Connection lost
2026-09-05 21:34:56,307 [INFO] WebApp:186 - Connection restablished
2026-09-05 21:35:25,582 [INFO] WebApp:189 - Connection lost
2026-09-05 21:35:25,922 [INFO] WebApp:186 - Connection restablished
2026-09-05 21:36:14,564 [INFO] WebApp:189 - Connection lost
2026-09-05 21:36:15,012 [INFO] WebApp:186 - Connection restablished
2026-09-05 21:36:22,078 [INFO] WebApp:189 - Connection lost
2026-09-05 21:36:22,433 [INFO] WebApp:186 - Connection restablished
2026-09-05 21:36:41,577 [INFO] WebApp:189 - Connection lost
2026-09-05 21:36:42,146 [INFO] WebApp:186 - Connection restablished
2026-09-05 21:37:04,070 [INFO] WebApp:189 - Connection lost
2026-09-05 21:37:04,416 [INFO] WebApp:186 - Connection restablished
2026-09-05 21:38:20,086 [INFO] WebApp:189 - Connection lost
2026-09-05 21:38:20,810 [INFO] WebApp:186 - Connection restablished
2026-09-05 21:38:46,567 [INFO] WebApp:189 - Connection lost
2026-09-05 21:38:47,030 [INFO] WebApp:186 - Connection restablished
2026-09-05 21:40:22,084 [INFO] WebApp:189 - Connection lost
2026-09-05 21:40:22,766 [INFO] WebApp:186 - Connection restablished
2026-09-05 21:41:40,078 [INFO] WebApp:189 - Connection lost
2026-09-05 21:41:40,531 [INFO] WebApp:186 - Connection restablished
2026-09-05 21:42:00,069 [INFO] WebApp:189 - Connection lost
2026-09-05 21:42:00,411 [INFO] WebApp:186 - Connection restablished
2026-09-05 21:42:40,068 [INFO] WebApp:189 - Connection lost
2026-09-05 21:42:40,419 [INFO] WebApp:186 - Connection restablished
2026-09-05 21:43:10,089 [INFO] WebApp:189 - Connection lost
2026-09-05 21:43:11,240 [INFO] WebApp:186 - Connection restablished
2026-09-05 21:43:49,074 [INFO] WebApp:189 - Connection lost
2026-09-05 21:43:49,510 [INFO] WebApp:186 - Connection restablished
2026-09-05 21:44:08,572 [INFO] WebApp:189 - Connection lost
2026-09-05 21:44:08,938 [INFO] WebApp:186 - Connection restablished
2026-09-05 21:45:34,550 [INFO] WebApp:189 - Connection lost
2026-09-05 21:45:35,008 [INFO] WebApp:186 - Connection restablished
2026-09-05 21:46:21,063 [INFO] WebApp:189 - Connection lost
2026-09-05 21:46:21,396 [INFO] WebApp:186 - Connection restablished
2026-09-05 21:47:29,065 [INFO] WebApp:189 - Connection lost
2026-09-05 21:47:29,594 [INFO] WebApp:186 - Connection restablished
2026-09-05 21:48:27,568 [INFO] WebApp:189 - Connection lost
2026-09-05 21:48:28,091 [INFO] WebApp:186 - Connection restablished
2026-09-05 21:48:47,080 [INFO] WebApp:189 - Connection lost
2026-09-05 21:48:47,362 [INFO] WebApp:186 - Connection restablished
2026-09-05 21:48:57,074 [INFO] WebApp:189 - Connection lost
2026-09-05 21:48:57,432 [INFO] WebApp:186 - Connection restablished
2026-09-05 21:49:07,083 [INFO] WebApp:189 - Connection lost
2026-09-05 21:49:07,372 [INFO] WebApp:186 - Connection restablished
2026-09-05 21:49:38,068 [INFO] WebApp:189 - Connection lost
2026-09-05 21:49:38,458 [INFO] WebApp:186 - Connection restablished
2026-09-05 21:50:44,570 [INFO] WebApp:189 - Connection lost
2026-09-05 21:50:45,764 [INFO] WebApp:186 - Connection restablished
2026-09-05 21:51:05,070 [INFO] WebApp:189 - Connection lost
2026-09-05 21:51:05,354 [INFO] WebApp:186 - Connection restablished
2026-09-05 21:51:11,552 [INFO] WebApp:189 - Connection lost
2026-09-05 21:51:11,809 [INFO] WebApp:186 - Connection restablished
2026-09-05 21:51:53,572 [INFO] WebApp:189 - Connection lost
2026-09-05 21:51:53,999 [INFO] WebApp:186 - Connection restablished
2026-09-05 21:52:05,073 [INFO] WebApp:189 - Connection lost
2026-09-05 21:52:05,598 [INFO] WebApp:186 - Connection restablished
2026-09-05 21:52:22,067 [INFO] WebApp:189 - Connection lost
2026-09-05 21:52:22,695 [INFO] WebApp:186 - Connection restablished
2026-09-05 21:52:41,558 [INFO] WebApp:189 - Connection lost
2026-09-05 21:52:41,836 [INFO] WebApp:186 - Connection restablished
2026-09-05 21:53:03,078 [INFO] WebApp:189 - Connection lost
2026-09-05 21:53:03,435 [INFO] WebApp:186 - Connection restablished
2026-09-05 21:53:20,567 [INFO] WebApp:189 - Connection lost
2026-09-05 21:53:20,826 [INFO] WebApp:186 - Connection restablished
2026-09-05 21:53:50,069 [INFO] WebApp:189 - Connection lost
2026-09-05 21:53:50,324 [INFO] WebApp:186 - Connection restablished
2026-09-05 21:53:59,578 [INFO] WebApp:189 - Connection lost
2026-09-05 21:53:59,823 [INFO] WebApp:186 - Connection restablished
2026-09-05 21:56:16,563 [INFO] WebApp:189 - Connection lost
2026-09-05 21:56:16,919 [INFO] WebApp:186 - Connection restablished
2026-09-05 21:56:46,569 [INFO] WebApp:189 - Connection lost
2026-09-05 21:56:48,057 [INFO] WebApp:186 - Connection restablished
2026-09-05 21:56:55,571 [INFO] WebApp:189 - Connection lost
2026-09-05 21:56:56,023 [INFO] WebApp:186 - Connection restablished
2026-09-05 21:57:53,067 [INFO] WebApp:189 - Connection lost
2026-09-05 21:57:53,732 [INFO] WebApp:186 - Connection restablished
2026-09-05 21:59:00,069 [INFO] WebApp:189 - Connection lost
2026-09-05 21:59:01,169 [INFO] WebApp:186 - Connection restablished
2026-09-05 21:59:39,077 [INFO] WebApp:189 - Connection lost
2026-09-05 21:59:39,431 [INFO] WebApp:186 - Connection restablished
2026-09-05 21:59:49,071 [INFO] WebApp:189 - Connection lost
2026-09-05 21:59:49,314 [INFO] WebApp:186 - Connection restablished
2026-09-05 22:01:15,082 [INFO] WebApp:189 - Connection lost
2026-09-05 22:01:15,417 [INFO] WebApp:186 - Connection restablished
2026-09-05 22:02:04,562 [INFO] WebApp:189 - Connection lost
2026-09-05 22:02:05,861 [INFO] WebApp:186 - Connection restablished
2026-09-05 22:02:42,560 [INFO] WebApp:189 - Connection lost
2026-09-05 22:02:42,931 [INFO] WebApp:186 - Connection restablished
2026-09-05 22:02:52,578 [INFO] WebApp:189 - Connection lost
2026-09-05 22:02:52,814 [INFO] WebApp:186 - Connection restablished
2026-09-05 22:03:55,567 [INFO] WebApp:189 - Connection lost
2026-09-05 22:03:56,365 [INFO] WebApp:186 - Connection restablished
2026-09-05 22:04:44,081 [INFO] WebApp:189 - Connection lost
2026-09-05 22:04:44,390 [INFO] WebApp:186 - Connection restablished
2026-09-05 22:06:01,574 [INFO] WebApp:189 - Connection lost
2026-09-05 22:06:01,903 [INFO] WebApp:186 - Connection restablished
2026-09-05 22:06:07,567 [INFO] WebApp:189 - Connection lost
2026-09-05 22:06:07,820 [INFO] WebApp:186 - Connection restablished
2026-09-05 22:06:28,067 [INFO] WebApp:189 - Connection lost
2026-09-05 22:06:28,309 [INFO] WebApp:186 - Connection restablished
2026-09-05 22:07:18,589 [INFO] WebApp:189 - Connection lost
2026-09-05 22:07:19,569 [INFO] WebApp:186 - Connection restablished
2026-09-05 22:08:28,204 [INFO] UtilMem:75 - End SaveConfig() Used Memory: 722558080 Bytes (1073741824)
2026-09-05 22:08:33,841 [ERROR] ConfigurationRetriever:142 - IOException on connection: Read timed out
2026-09-05 22:08:39,079 [INFO] WebApp:189 - Connection lost
2026-09-05 22:08:40,732 [INFO] WebApp:186 - Connection restablished
2026-09-05 22:09:27,573 [INFO] WebApp:189 - Connection lost
2026-09-05 22:09:28,828 [INFO] WebApp:186 - Connection restablished
2026-09-05 22:09:45,085 [INFO] WebApp:189 - Connection lost
2026-09-05 22:09:45,392 [INFO] WebApp:186 - Connection restablished
2026-09-05 22:10:04,566 [INFO] WebApp:189 - Connection lost
2026-09-05 22:10:04,951 [INFO] WebApp:186 - Connection restablished
2026-09-05 22:10:41,087 [INFO] WebApp:189 - Connection lost
2026-09-05 22:10:41,545 [INFO] WebApp:186 - Connection restablished
2026-09-05 22:11:00,581 [INFO] WebApp:189 - Connection lost
2026-09-05 22:11:00,838 [INFO] WebApp:186 - Connection restablished
2026-09-05 22:11:20,076 [INFO] WebApp:189 - Connection lost
2026-09-05 22:11:20,361 [INFO] WebApp:186 - Connection restablished
2026-09-05 22:11:40,573 [INFO] WebApp:189 - Connection lost
2026-09-05 22:11:40,808 [INFO] WebApp:186 - Connection restablished
2026-09-05 22:12:20,083 [INFO] WebApp:189 - Connection lost
2026-09-05 22:12:20,943 [INFO] WebApp:186 - Connection restablished
2026-09-05 22:12:31,051 [INFO] WebApp:189 - Connection lost
2026-09-05 22:12:37,409 [INFO] WebApp:186 - Connection restablished
2026-09-05 22:13:47,076 [INFO] WebApp:189 - Connection lost
2026-09-05 22:13:48,075 [INFO] WebApp:186 - Connection restablished
2026-09-05 22:14:57,568 [INFO] WebApp:189 - Connection lost
2026-09-05 22:14:58,825 [INFO] WebApp:186 - Connection restablished
2026-09-05 22:17:58,553 [INFO] WebApp:189 - Connection lost
2026-09-05 22:17:59,715 [INFO] WebApp:186 - Connection restablished
2026-09-05 22:18:47,074 [INFO] WebApp:189 - Connection lost
2026-09-05 22:18:47,550 [INFO] WebApp:186 - Connection restablished
2026-09-05 22:19:16,076 [INFO] WebApp:189 - Connection lost
2026-09-05 22:19:16,419 [INFO] WebApp:186 - Connection restablished
2026-09-05 22:20:05,099 [INFO] WebApp:189 - Connection lost
2026-09-05 22:20:05,636 [INFO] WebApp:186 - Connection restablished
2026-09-05 22:20:34,084 [INFO] WebApp:189 - Connection lost
2026-09-05 22:20:34,363 [INFO] WebApp:186 - Connection restablished
2026-09-05 22:22:02,083 [INFO] WebApp:189 - Connection lost
2026-09-05 22:22:03,329 [INFO] WebApp:186 - Connection restablished
2026-09-05 22:23:30,070 [INFO] WebApp:189 - Connection lost
2026-09-05 22:23:30,618 [INFO] WebApp:186 - Connection restablished
2026-09-05 22:23:49,575 [INFO] WebApp:189 - Connection lost
2026-09-05 22:23:49,893 [INFO] WebApp:186 - Connection restablished
2026-09-05 22:24:39,074 [INFO] WebApp:189 - Connection lost
2026-09-05 22:24:39,414 [INFO] WebApp:186 - Connection restablished
2026-09-05 22:24:50,563 [INFO] WebApp:189 - Connection lost
2026-09-05 22:24:50,802 [INFO] WebApp:186 - Connection restablished
2026-09-05 22:25:49,076 [INFO] WebApp:189 - Connection lost
2026-09-05 22:25:50,242 [INFO] WebApp:186 - Connection restablished
2026-09-05 22:25:58,567 [INFO] WebApp:189 - Connection lost
2026-09-05 22:25:58,948 [INFO] WebApp:186 - Connection restablished
2026-09-05 22:26:08,571 [INFO] WebApp:189 - Connection lost
2026-09-05 22:26:09,418 [INFO] WebApp:186 - Connection restablished
2026-09-05 22:26:20,072 [INFO] WebApp:189 - Connection lost
2026-09-05 22:26:24,289 [INFO] WebApp:186 - Connection restablished
2026-09-05 22:26:28,048 [INFO] WebApp:189 - Connection lost
2026-09-05 22:26:28,394 [INFO] WebApp:186 - Connection restablished
2026-09-05 22:27:48,076 [INFO] WebApp:189 - Connection lost
2026-09-05 22:27:48,494 [INFO] WebApp:186 - Connection restablished
2026-09-05 22:28:17,559 [INFO] WebApp:189 - Connection lost
2026-09-05 22:28:17,888 [INFO] WebApp:186 - Connection restablished
2026-09-05 22:28:47,073 [INFO] WebApp:189 - Connection lost
2026-09-05 22:28:47,469 [INFO] WebApp:186 - Connection restablished
2026-09-05 22:30:34,098 [INFO] WebApp:189 - Connection lost
2026-09-05 22:30:34,468 [INFO] WebApp:186 - Connection restablished
2026-09-05 22:30:53,070 [INFO] WebApp:189 - Connection lost
2026-09-05 22:30:53,320 [INFO] WebApp:186 - Connection restablished
2026-09-05 22:31:10,567 [INFO] WebApp:189 - Connection lost
2026-09-05 22:31:10,807 [INFO] WebApp:186 - Connection restablished
2026-09-05 22:31:49,572 [INFO] WebApp:189 - Connection lost
2026-09-05 22:31:50,132 [INFO] WebApp:186 - Connection restablished
2026-09-05 22:31:59,081 [INFO] WebApp:189 - Connection lost
2026-09-05 22:31:59,387 [INFO] WebApp:186 - Connection restablished
2026-09-05 22:32:20,070 [INFO] WebApp:189 - Connection lost
2026-09-05 22:32:20,545 [INFO] WebApp:186 - Connection restablished
2026-09-05 22:32:38,069 [INFO] WebApp:189 - Connection lost
2026-09-05 22:32:38,296 [INFO] WebApp:186 - Connection restablished
2026-09-05 22:32:58,070 [INFO] WebApp:189 - Connection lost
2026-09-05 22:32:58,307 [INFO] WebApp:186 - Connection restablished
2026-09-05 22:33:07,564 [INFO] WebApp:189 - Connection lost
2026-09-05 22:33:07,816 [INFO] WebApp:186 - Connection restablished
2026-09-05 22:33:17,573 [INFO] WebApp:189 - Connection lost
2026-09-05 22:33:18,082 [INFO] WebApp:186 - Connection restablished
2026-09-05 22:33:48,572 [INFO] WebApp:189 - Connection lost
2026-09-05 22:33:49,042 [INFO] WebApp:186 - Connection restablished
2026-09-05 22:34:25,598 [INFO] WebApp:189 - Connection lost
2026-09-05 22:34:26,070 [INFO] WebApp:186 - Connection restablished
2026-09-05 22:34:35,603 [INFO] WebApp:189 - Connection lost
2026-09-05 22:34:35,958 [INFO] WebApp:186 - Connection restablished
2026-09-05 22:34:55,066 [INFO] WebApp:189 - Connection lost
2026-09-05 22:34:55,420 [INFO] WebApp:186 - Connection restablished
2026-09-05 22:35:14,576 [INFO] WebApp:189 - Connection lost
2026-09-05 22:35:14,938 [INFO] WebApp:186 - Connection restablished
2026-09-05 22:36:03,602 [INFO] WebApp:189 - Connection lost
2026-09-05 22:36:04,280 [INFO] WebApp:186 - Connection restablished
2026-09-05 22:36:11,080 [INFO] WebApp:189 - Connection lost
2026-09-05 22:36:11,512 [INFO] WebApp:186 - Connection restablished
2026-09-05 22:36:40,095 [INFO] WebApp:189 - Connection lost
2026-09-05 22:36:40,536 [INFO] WebApp:186 - Connection restablished
2026-09-05 22:36:50,081 [INFO] WebApp:189 - Connection lost
2026-09-05 22:36:50,443 [INFO] WebApp:186 - Connection restablished
2026-09-05 22:37:48,585 [INFO] WebApp:189 - Connection lost
2026-09-05 22:37:49,130 [INFO] WebApp:186 - Connection restablished
2026-09-05 22:38:02,585 [INFO] WebApp:189 - Connection lost
2026-09-05 22:38:03,359 [INFO] WebApp:186 - Connection restablished
2026-09-05 22:38:59,071 [INFO] WebApp:189 - Connection lost
2026-09-05 22:38:59,697 [INFO] WebApp:186 - Connection restablished
2026-09-05 22:39:57,604 [INFO] WebApp:189 - Connection lost
2026-09-05 22:39:58,025 [INFO] WebApp:186 - Connection restablished
2026-09-05 22:40:36,570 [INFO] WebApp:189 - Connection lost
2026-09-05 22:40:37,044 [INFO] WebApp:186 - Connection restablished
2026-09-05 22:40:44,589 [INFO] WebApp:189 - Connection lost
2026-09-05 22:40:44,938 [INFO] WebApp:186 - Connection restablished
2026-09-05 22:41:25,105 [INFO] WebApp:189 - Connection lost
2026-09-05 22:41:25,728 [INFO] WebApp:186 - Connection restablished
2026-09-05 22:41:43,093 [INFO] WebApp:189 - Connection lost
2026-09-05 22:41:43,644 [INFO] WebApp:186 - Connection restablished
2026-09-05 22:42:02,589 [INFO] WebApp:189 - Connection lost
2026-09-05 22:42:02,870 [INFO] WebApp:186 - Connection restablished
2026-09-05 22:43:20,099 [INFO] WebApp:189 - Connection lost
2026-09-05 22:43:20,525 [INFO] WebApp:186 - Connection restablished
2026-09-05 22:44:05,660 [ERROR] LogOutputStream:75 - [STDERR_REDIRECT] 
