2026-09-03 13:04:15,451 [INFO] Activator:176 - 


2026-09-03 13:04:15,456 [INFO] Activator:177 - !SESSION log4j initialized
2026-09-03 13:04:23,125 [INFO] LogOutputStream:77 - [STDOUT_REDIRECT] 
2026-09-03 13:04:29,281 [INFO] ApplicationProperties:184 - Using Application install path: D:\ST\STM32CubeIDE_1.16.0\STM32CubeIDE\plugins\com.st.stm32cube.common.mx_6.12.0.202406281431
2026-09-03 13:04:29,326 [INFO] DbMcusXml:78 - Set database path to: D:\ST\STM32CubeIDE_1.16.0\STM32CubeIDE\plugins\com.st.stm32cube.common.mx_6.12.0.202406281431\\db\/mcu/
2026-09-03 13:04:29,326 [INFO] ApiDb:274 - Set plugin database path to: D:\ST\STM32CubeIDE_1.16.0\STM32CubeIDE\plugins\com.st.stm32cube.common.mx_6.12.0.202406281431\\db\/plugins/boardmanager/
2026-09-03 13:04:29,327 [WARN] ApiDb:259 - Overriding images path with different value:  => D:\ST\STM32CubeIDE_1.16.0\STM32CubeIDE\plugins\com.st.stm32cube.common.mx_6.12.0.202406281431\\db\/plugins/mcufinder/images/
2026-09-03 13:04:29,353 [INFO] ApiDb:250 - Set database path to: C:\Users\user\.stmcufinder\plugins\mcufinder//mcu/
2026-09-03 13:04:29,355 [INFO] DbMcusAds:125 - Set database path to: C:\Users\user\.stmcufinder\plugins\mcufinder//mcu/
2026-09-03 13:04:29,361 [INFO] CrossReferenceDbSqlite:203 - Set database path to: C:\Users\user\.stmcufinder\plugins\mcufinder//mcu/cs/
2026-09-03 13:04:29,660 [INFO] RulesReader:64 - Compatibility file has been processed (297 Rules)
2026-09-03 13:04:29,905 [INFO] DbMcusXml:78 - Set database path to: D:\ST\STM32CubeIDE_1.16.0\STM32CubeIDE\plugins\com.st.stm32cube.common.mx_6.12.0.202406281431\\db\/mcu/
2026-09-03 13:04:29,906 [INFO] ApiDb:274 - Set plugin database path to: D:\ST\STM32CubeIDE_1.16.0\STM32CubeIDE\plugins\com.st.stm32cube.common.mx_6.12.0.202406281431\\db\/plugins/boardmanager/
2026-09-03 13:04:29,906 [INFO] ApiDb:261 - Set plugin images path to: D:\ST\STM32CubeIDE_1.16.0\STM32CubeIDE\plugins\com.st.stm32cube.common.mx_6.12.0.202406281431\\db\/plugins/mcufinder/images/
2026-09-03 13:04:29,907 [WARN] DbFile:41 - Overriding database path with different value: C:\Users\user\.stmcufinder\plugins\mcufinder/ => C:\Users\user\.stmcufinder\plugins\mcufinder
2026-09-03 13:04:29,908 [INFO] ApiDb:250 - Set database path to: C:\Users\user\.stmcufinder\plugins\mcufinder//mcu/
2026-09-03 13:04:29,908 [WARN] DbFile:41 - Overriding database path with different value: C:\Users\user\.stmcufinder\plugins\mcufinder/ => C:\Users\user\.stmcufinder\plugins\mcufinder
2026-09-03 13:04:29,908 [INFO] DbMcusAds:125 - Set database path to: C:\Users\user\.stmcufinder\plugins\mcufinder//mcu/
2026-09-03 13:04:29,908 [WARN] DbFile:41 - Overriding database path with different value: C:\Users\user\.stmcufinder\plugins\mcufinder/ => C:\Users\user\.stmcufinder\plugins\mcufinder
2026-09-03 13:04:29,908 [WARN] DbFile:41 - Overriding database path with different value: C:\Users\user\.stmcufinder\plugins\mcufinder/ => C:\Users\user\.stmcufinder\plugins\mcufinder
2026-09-03 13:04:29,909 [INFO] CrossReferenceDbSqlite:203 - Set database path to: C:\Users\user\.stmcufinder\plugins\mcufinder//mcu/cs/
2026-09-03 13:04:30,137 [INFO] MainPanel:268 - HeapMemory: 268435456
2026-09-03 13:04:30,411 [INFO] DbMcusXml:78 - Set database path to: D:\ST\STM32CubeIDE_1.16.0\STM32CubeIDE\plugins\com.st.stm32cube.common.mx_6.12.0.202406281431\\db\/mcu/
2026-09-03 13:04:30,411 [INFO] ApiDb:274 - Set plugin database path to: D:\ST\STM32CubeIDE_1.16.0\STM32CubeIDE\plugins\com.st.stm32cube.common.mx_6.12.0.202406281431\\db\/plugins/boardmanager/
2026-09-03 13:04:30,411 [INFO] ApiDb:261 - Set plugin images path to: D:\ST\STM32CubeIDE_1.16.0\STM32CubeIDE\plugins\com.st.stm32cube.common.mx_6.12.0.202406281431\\db\/plugins/mcufinder/images/
2026-09-03 13:04:30,414 [WARN] DbFile:41 - Overriding database path with different value: C:\Users\user\.stmcufinder\plugins\mcufinder/ => C:\Users\user\.stmcufinder\plugins\mcufinder
2026-09-03 13:04:30,414 [INFO] ApiDb:250 - Set database path to: C:\Users\user\.stmcufinder\plugins\mcufinder//mcu/
2026-09-03 13:04:30,414 [WARN] DbFile:41 - Overriding database path with different value: C:\Users\user\.stmcufinder\plugins\mcufinder/ => C:\Users\user\.stmcufinder\plugins\mcufinder
2026-09-03 13:04:30,415 [INFO] DbMcusAds:125 - Set database path to: C:\Users\user\.stmcufinder\plugins\mcufinder//mcu/
2026-09-03 13:04:30,415 [WARN] DbFile:41 - Overriding database path with different value: C:\Users\user\.stmcufinder\plugins\mcufinder/ => C:\Users\user\.stmcufinder\plugins\mcufinder
2026-09-03 13:04:30,415 [WARN] DbFile:41 - Overriding database path with different value: C:\Users\user\.stmcufinder\plugins\mcufinder/ => C:\Users\user\.stmcufinder\plugins\mcufinder
2026-09-03 13:04:30,415 [INFO] CrossReferenceDbSqlite:203 - Set database path to: C:\Users\user\.stmcufinder\plugins\mcufinder//mcu/cs/
2026-09-03 13:04:30,460 [INFO] ApplicationProperties:184 - Using Application install path: D:\ST\STM32CubeIDE_1.16.0\STM32CubeIDE\plugins\com.st.stm32cube.common.mx_6.12.0.202406281431
2026-09-03 13:04:30,463 [INFO] PluginManage:196 - Search for loadable plugins [exclusion list=, ]
2026-09-03 13:04:30,467 [INFO] PluginManage:310 - Check plugin analytics
2026-09-03 13:04:30,944 [INFO] AnalyticsPlugin:253 - Accepted Software Licenses: 
2026-09-03 13:04:30,945 [INFO] AnalyticsPlugin:255 - Accepted CMSIS Pack Licenses: 
2026-09-03 13:04:30,946 [INFO] AnalyticsPlugin:257 - Accepted Firmware Licenses: FW.L4.1.18.0
2026-09-03 13:04:30,958 [INFO] PluginManage:359 - Loaded plugin analytics (category:tool,tabindex:-1)
2026-09-03 13:04:30,958 [INFO] PluginManage:310 - Check plugin cadmodel
2026-09-03 13:04:30,992 [INFO] CADModel:105 - Init CAD model plugin
2026-09-03 13:04:30,993 [INFO] PluginManage:359 - Loaded plugin cadmodel (category:power,tabindex:5)
2026-09-03 13:04:30,993 [INFO] PluginManage:310 - Check plugin clock
2026-09-03 13:04:31,043 [INFO] PluginManage:359 - Loaded plugin clock (category:base,tabindex:2)
2026-09-03 13:04:31,044 [INFO] PluginManage:310 - Check plugin ddr
2026-09-03 13:04:31,050 [INFO] PluginManage:359 - Loaded plugin ddr (category:tool,tabindex:6)
2026-09-03 13:04:31,051 [INFO] PluginManage:310 - Check plugin filemanager
2026-09-03 13:04:31,490 [INFO] PluginManage:359 - Loaded plugin filemanager (category:base,tabindex:10)
2026-09-03 13:04:31,491 [INFO] PluginManage:310 - Check plugin ipmanager
2026-09-03 13:04:31,511 [INFO] PluginManage:359 - Loaded plugin ipmanager (category:base,tabindex:5)
2026-09-03 13:04:31,511 [INFO] PluginManage:310 - Check plugin lpbam
2026-09-03 13:04:31,552 [INFO] PluginManage:359 - Loaded plugin lpbam (category:base,tabindex:0)
2026-09-03 13:04:31,553 [INFO] PluginManage:310 - Check plugin memorymap
2026-09-03 13:04:31,606 [INFO] PluginManage:359 - Loaded plugin memorymap (category:base,tabindex:4)
2026-09-03 13:04:31,607 [INFO] PluginManage:310 - Check plugin pinoutandconfiguration
2026-09-03 13:04:31,648 [INFO] PluginManage:359 - Loaded plugin pinoutandconfiguration (category:base,tabindex:1)
2026-09-03 13:04:31,648 [INFO] PluginManage:310 - Check plugin pinoutconfig
2026-09-03 13:04:31,866 [WARN] SupportedApi:132 - Cannot load RTOS API schema: s4s-elt-must-match.1: The content of 'definitions' must match (annotation?, (simpleType | complexType)?, (unique | key | keyref)*)). A problem was found starting at: attribute.
2026-09-03 13:04:32,191 [INFO] PluginManage:359 - Loaded plugin pinoutconfig (category:base,tabindex:0)
2026-09-03 13:04:32,191 [INFO] PluginManage:310 - Check plugin power
2026-09-03 13:04:32,239 [INFO] PluginManage:359 - Loaded plugin power (category:power,tabindex:4)
2026-09-03 13:04:32,239 [INFO] PluginManage:310 - Check plugin projectmanager
2026-09-03 13:04:32,275 [INFO] PluginManage:359 - Loaded plugin projectmanager (category:projectmanager,tabindex:4)
2026-09-03 13:04:32,275 [INFO] PluginManage:310 - Check plugin rif
2026-09-03 13:04:32,310 [INFO] PluginManage:359 - Loaded plugin rif (category:base,tabindex:3)
2026-09-03 13:04:32,311 [INFO] PluginManage:310 - Check plugin thirdparty
2026-09-03 13:04:33,034 [INFO] PluginManage:359 - Loaded plugin thirdparty (category:base,tabindex:-1)
2026-09-03 13:04:33,034 [WARN] IntegrityCheckThread:84 - waiting for thirdparty lock release [integrity check]
2026-09-03 13:04:33,035 [INFO] PluginManage:310 - Check plugin tools
2026-09-03 13:04:33,035 [INFO] IntegrityCheckThread:86 - entering critical section [integrity check]
2026-09-03 13:04:33,036 [INFO] ThirdPartyUpdaterWithRetryManager:70 - Updater plugin not ready yet. [1/15]
2026-09-03 13:04:33,124 [INFO] PluginManage:359 - Loaded plugin tools (category:base,tabindex:7)
2026-09-03 13:04:33,125 [INFO] PluginManage:310 - Check plugin tutovideos
2026-09-03 13:04:33,597 [INFO] PluginManage:359 - Loaded plugin tutovideos (category:base,tabindex:-1)
2026-09-03 13:04:33,598 [INFO] PluginManage:310 - Check plugin updater
2026-09-03 13:04:33,641 [INFO] PluginManage:359 - Loaded plugin updater (category:base,tabindex:12)
2026-09-03 13:04:33,642 [INFO] PluginManage:310 - Check plugin userauth
2026-09-03 13:04:33,655 [INFO] UserAuth:113 - Init User Auth plugin
2026-09-03 13:04:33,655 [INFO] PluginManage:359 - Loaded plugin userauth (category:base,tabindex:14)
2026-09-03 13:04:33,657 [INFO] PluginManage:283 - PluginManage : Loaded plugins [18]
2026-09-03 13:04:34,214 [INFO] PinOutPanel:1561 - setPackage(No Configuration,No Configuration)
2026-09-03 13:04:34,464 [INFO] CADModel:165 - CPN selected for project level
2026-09-03 13:04:34,465 [INFO] CADModel:114 - Register for checkConnection events
2026-09-03 13:04:34,529 [INFO] IPUIPlugin:80 - create IPUIPlugin
2026-09-03 13:04:34,530 [INFO] PluginManager:220 - loadIPPluginJar : add adc
2026-09-03 13:04:34,627 [INFO] IPUIPlugin:80 - create IPUIPlugin
2026-09-03 13:04:34,628 [INFO] PluginManager:220 - loadIPPluginJar : add aes
2026-09-03 13:04:34,739 [INFO] IPUIPlugin:80 - create IPUIPlugin
2026-09-03 13:04:34,739 [INFO] PluginManager:220 - loadIPPluginJar : add can
2026-09-03 13:04:34,806 [INFO] IPUIPlugin:80 - create IPUIPlugin
2026-09-03 13:04:34,806 [INFO] PluginManager:220 - loadIPPluginJar : add comp
2026-09-03 13:04:34,903 [INFO] IPUIPlugin:80 - create IPUIPlugin
2026-09-03 13:04:34,903 [INFO] PluginManager:220 - loadIPPluginJar : add cryp
2026-09-03 13:04:34,938 [INFO] IPUIPlugin:80 - create IPUIPlugin
2026-09-03 13:04:34,939 [INFO] PluginManager:220 - loadIPPluginJar : add ddr_ctrl_phy
2026-09-03 13:04:35,023 [INFO] IPUIPlugin:80 - create IPUIPlugin
2026-09-03 13:04:35,023 [INFO] PluginManager:220 - loadIPPluginJar : add dfsdm
2026-09-03 13:04:35,058 [INFO] IPUIPlugin:80 - create IPUIPlugin
2026-09-03 13:04:35,059 [INFO] PluginManager:220 - loadIPPluginJar : add dma
2026-09-03 13:04:35,184 [INFO] IPUIPlugin:80 - create IPUIPlugin
2026-09-03 13:04:35,185 [INFO] PluginManager:220 - loadIPPluginJar : add dma3
2026-09-03 13:04:35,312 [INFO] IPUIPlugin:80 - create IPUIPlugin
2026-09-03 13:04:35,312 [INFO] PluginManager:220 - loadIPPluginJar : add extmemmanager
2026-09-03 13:04:35,379 [INFO] IPUIPlugin:80 - create IPUIPlugin
2026-09-03 13:04:35,380 [INFO] PluginManager:220 - loadIPPluginJar : add fatfs
2026-09-03 13:04:35,518 [INFO] IPUIPlugin:80 - create IPUIPlugin
2026-09-03 13:04:35,519 [INFO] PluginManager:220 - loadIPPluginJar : add fmc
2026-09-03 13:04:35,564 [INFO] IPUIPlugin:80 - create IPUIPlugin
2026-09-03 13:04:35,564 [INFO] PluginManager:220 - loadIPPluginJar : add freertos
2026-09-03 13:04:35,620 [INFO] IPUIPlugin:80 - create IPUIPlugin
2026-09-03 13:04:35,621 [INFO] PluginManager:220 - loadIPPluginJar : add genericplugin
2026-09-03 13:04:35,864 [INFO] IPUIPlugin:80 - create IPUIPlugin
2026-09-03 13:04:35,865 [INFO] PluginManager:220 - loadIPPluginJar : add gfxmmu
2026-09-03 13:04:36,039 [INFO] ThirdPartyUpdaterWithRetryManager:70 - Updater plugin not ready yet. [2/15]
2026-09-03 13:04:36,209 [INFO] IPUIPlugin:80 - create IPUIPlugin
2026-09-03 13:04:36,210 [INFO] PluginManager:220 - loadIPPluginJar : add gic
2026-09-03 13:04:36,247 [INFO] IPUIPlugin:80 - create IPUIPlugin
2026-09-03 13:04:36,248 [INFO] PluginManager:220 - loadIPPluginJar : add gpio
2026-09-03 13:04:36,502 [INFO] IPUIPlugin:80 - create IPUIPlugin
2026-09-03 13:04:36,503 [INFO] PluginManager:220 - loadIPPluginJar : add gtzc
2026-09-03 13:04:36,591 [INFO] IPUIPlugin:80 - create IPUIPlugin
2026-09-03 13:04:36,591 [INFO] PluginManager:220 - loadIPPluginJar : add hash
2026-09-03 13:04:36,727 [INFO] IPUIPlugin:80 - create IPUIPlugin
2026-09-03 13:04:36,727 [INFO] PluginManager:220 - loadIPPluginJar : add i2c
2026-09-03 13:04:36,836 [INFO] IPUIPlugin:80 - create IPUIPlugin
2026-09-03 13:04:36,836 [INFO] PluginManager:220 - loadIPPluginJar : add i2s
2026-09-03 13:04:36,952 [INFO] IPUIPlugin:80 - create IPUIPlugin
2026-09-03 13:04:36,953 [INFO] PluginManager:220 - loadIPPluginJar : add i3c
2026-09-03 13:04:37,258 [INFO] IPUIPlugin:80 - create IPUIPlugin
2026-09-03 13:04:37,260 [INFO] PluginManager:220 - loadIPPluginJar : add ipddr
2026-09-03 13:04:37,519 [INFO] IPUIPlugin:80 - create IPUIPlugin
2026-09-03 13:04:37,519 [INFO] PluginManager:220 - loadIPPluginJar : add linkedlist
2026-09-03 13:04:37,614 [INFO] IPUIPlugin:80 - create IPUIPlugin
2026-09-03 13:04:37,615 [INFO] PluginManager:220 - loadIPPluginJar : add lorawan
2026-09-03 13:04:37,712 [INFO] IPUIPlugin:80 - create IPUIPlugin
2026-09-03 13:04:37,712 [INFO] PluginManager:220 - loadIPPluginJar : add ltdc
2026-09-03 13:04:37,747 [INFO] IPUIPlugin:80 - create IPUIPlugin
2026-09-03 13:04:37,748 [INFO] PluginManager:220 - loadIPPluginJar : add mdma
2026-09-03 13:04:37,779 [INFO] IPUIPlugin:80 - create IPUIPlugin
2026-09-03 13:04:37,779 [INFO] PluginManager:220 - loadIPPluginJar : add nvic
2026-09-03 13:04:37,873 [INFO] IPUIPlugin:80 - create IPUIPlugin
2026-09-03 13:04:37,873 [INFO] PluginManager:220 - loadIPPluginJar : add opamp
2026-09-03 13:04:38,028 [INFO] IPUIPlugin:80 - create IPUIPlugin
2026-09-03 13:04:38,028 [INFO] PluginManager:220 - loadIPPluginJar : add openamp
2026-09-03 13:04:38,149 [INFO] IPUIPlugin:80 - create IPUIPlugin
2026-09-03 13:04:38,149 [INFO] PluginManager:220 - loadIPPluginJar : add pdm2pcm
2026-09-03 13:04:38,187 [INFO] IPUIPlugin:80 - create IPUIPlugin
2026-09-03 13:04:38,192 [INFO] PluginManager:220 - loadIPPluginJar : add plateformsettings
2026-09-03 13:04:38,247 [INFO] IPUIPlugin:80 - create IPUIPlugin
2026-09-03 13:04:38,247 [INFO] PluginManager:220 - loadIPPluginJar : add quadspi
2026-09-03 13:04:38,314 [INFO] IPUIPlugin:80 - create IPUIPlugin
2026-09-03 13:04:38,315 [INFO] PluginManager:220 - loadIPPluginJar : add radio
2026-09-03 13:04:38,348 [INFO] IPUIPlugin:80 - create IPUIPlugin
2026-09-03 13:04:38,348 [INFO] PluginManager:220 - loadIPPluginJar : add resmgrutility
2026-09-03 13:04:38,518 [INFO] IPUIPlugin:80 - create IPUIPlugin
2026-09-03 13:04:38,518 [INFO] PluginManager:220 - loadIPPluginJar : add sai
2026-09-03 13:04:38,624 [INFO] IPUIPlugin:80 - create IPUIPlugin
2026-09-03 13:04:38,625 [INFO] PluginManager:220 - loadIPPluginJar : add spi
2026-09-03 13:04:38,825 [INFO] IPUIPlugin:80 - create IPUIPlugin
2026-09-03 13:04:38,825 [INFO] PluginManager:220 - loadIPPluginJar : add stm32_wpan
2026-09-03 13:04:38,895 [INFO] IPUIPlugin:80 - create IPUIPlugin
2026-09-03 13:04:38,896 [INFO] PluginManager:220 - loadIPPluginJar : add tim
2026-09-03 13:04:39,046 [INFO] ThirdPartyUpdaterWithRetryManager:70 - Updater plugin not ready yet. [3/15]
2026-09-03 13:04:39,065 [INFO] IPUIPlugin:80 - create IPUIPlugin
2026-09-03 13:04:39,065 [INFO] PluginManager:220 - loadIPPluginJar : add touchsensing
2026-09-03 13:04:39,127 [INFO] IPUIPlugin:80 - create IPUIPlugin
2026-09-03 13:04:39,128 [INFO] PluginManager:220 - loadIPPluginJar : add tracer_emb
2026-09-03 13:04:39,197 [INFO] IPUIPlugin:80 - create IPUIPlugin
2026-09-03 13:04:39,199 [INFO] PluginManager:220 - loadIPPluginJar : add ts
2026-09-03 13:04:39,255 [INFO] IPUIPlugin:80 - create IPUIPlugin
2026-09-03 13:04:39,255 [INFO] PluginManager:220 - loadIPPluginJar : add tsc
2026-09-03 13:04:39,313 [INFO] IPUIPlugin:80 - create IPUIPlugin
2026-09-03 13:04:39,314 [INFO] PluginManager:220 - loadIPPluginJar : add ucpd
2026-09-03 13:04:39,436 [INFO] IPUIPlugin:80 - create IPUIPlugin
2026-09-03 13:04:39,437 [INFO] PluginManager:220 - loadIPPluginJar : add usart
2026-09-03 13:04:39,566 [INFO] IPUIPlugin:80 - create IPUIPlugin
2026-09-03 13:04:39,567 [INFO] PluginManager:220 - loadIPPluginJar : add usbx
2026-09-03 13:04:39,822 [INFO] CADModel:165 - CPN selected for project level
2026-09-03 13:04:39,823 [INFO] CADModel:114 - Register for checkConnection events
2026-09-03 13:04:39,823 [FATAL] Updater:334 - Updater called before beeing initialized
2026-09-03 13:04:39,823 [ERROR] CADModel:125 - Updater not yet initialized, retry later 
2026-09-03 13:04:40,240 [INFO] CADModel:165 - CPN selected for project level
2026-09-03 13:04:40,240 [INFO] CADModel:114 - Register for checkConnection events
2026-09-03 13:04:40,240 [FATAL] Updater:334 - Updater called before beeing initialized
2026-09-03 13:04:40,240 [ERROR] CADModel:125 - Updater not yet initialized, retry later 
2026-09-03 13:04:40,251 [FATAL] Updater:334 - Updater called before beeing initialized
2026-09-03 13:04:40,542 [FATAL] Updater:334 - Updater called before beeing initialized
2026-09-03 13:04:40,568 [INFO] DbMcusAds:53 - JSON generation date=Thu Jun 19 14:02:37 IST 2025 (1750321957418)
2026-09-03 13:04:40,569 [FATAL] Updater:334 - Updater called before beeing initialized
2026-09-03 13:04:40,765 [WARN] DetailPanel:346 - Failed to get advertising image, set to default
2026-09-03 13:04:40,994 [FATAL] Updater:334 - Updater called before beeing initialized
2026-09-03 13:04:40,999 [FATAL] Updater:334 - Updater called before beeing initialized
2026-09-03 13:04:40,999 [FATAL] Updater:334 - Updater called before beeing initialized
2026-09-03 13:04:40,999 [WARN] DetailPanel:346 - Failed to get advertising image, set to default
2026-09-03 13:04:41,001 [FATAL] Updater:334 - Updater called before beeing initialized
2026-09-03 13:04:41,192 [ERROR] Updater:1164 - MainUpdater not yet initialized. External WinMGr cannot be set.
2026-09-03 13:04:41,219 [INFO] Updater:1100 - Updater Version found : 6.12.0
2026-09-03 13:04:41,257 [INFO] ApplicationProperties:184 - Using Application install path: D:\ST\STM32CubeIDE_1.16.0\STM32CubeIDE\plugins\com.st.stm32cube.common.mx_6.12.0.202406281431
2026-09-03 13:04:42,060 [INFO] ThirdPartyUpdaterWithRetryManager:70 - Updater plugin not ready yet. [4/15]
2026-09-03 13:04:42,910 [ERROR] LogOutputStream:75 - [STDERR_REDIRECT] Sep 03, 2026 1:04:42 PM java.util.prefs.WindowsPreferences <init>
2026-09-03 13:04:42,914 [ERROR] LogOutputStream:75 - [STDERR_REDIRECT] WARNING: Could not open/create prefs root node Software\JavaSoft\Prefs at root 0xffffffff80000002. Windows RegCreateKeyEx(...) returned error code 5.
2026-09-03 13:04:42,915 [ERROR] LogOutputStream:75 - [STDERR_REDIRECT] 
2026-09-03 13:04:44,234 [INFO] MainUpdater:2873 - connection check result : 10
2026-09-03 13:04:44,235 [INFO] MainUpdater:3567 - Updater definition file requires update
2026-09-03 13:04:44,239 [INFO] MainUpdater:290 - Updater Check For Update Now.
2026-09-03 13:04:44,240 [INFO] MicroXplorer:498 - Change Database Version : DB.6.0.120
2026-09-03 13:04:44,282 [INFO] McuFinderGlobals:63 - Set McuFinder mode to 2 (CubeIDE integrated)
2026-09-03 13:04:44,299 [INFO] UserAuth:417 - Internet connection configuration mode: 1
2026-09-03 13:04:44,368 [INFO] JxBrowserEngine:152 - Initiate JxBrowser Engine with user profile folder
2026-09-03 13:04:44,593 [INFO] ServerAccessManage:473 - Download File updaters.zip
2026-09-03 13:04:44,878 [INFO] FileExtend:240 - Unzip File : updaters.zip
2026-09-03 13:04:44,879 [INFO] FileExtend:255 - Standard Zip Deflate
2026-09-03 13:04:45,074 [WARN] MainUpdater:1194 - Updater busy. Cannot search thirdparties
2026-09-03 13:04:45,074 [INFO] ThirdPartyUpdaterWithRetryManager:96 - Updater plugin is busy. [1/15]
2026-09-03 13:04:46,685 [INFO] ServerAccessManage:473 - Download File PacksControlFlags.xml
2026-09-03 13:04:47,039 [INFO] ServerAccessManage:473 - Download File cubemx.pidx
2026-09-03 13:04:47,651 [INFO] ServerAccessManage:473 - Download File STMicroelectronics.FP-ATR-ASTRA1.pdsc
2026-09-03 13:04:48,080 [WARN] MainUpdater:1194 - Updater busy. Cannot search thirdparties
2026-09-03 13:04:48,080 [INFO] ThirdPartyUpdaterWithRetryManager:96 - Updater plugin is busy. [2/15]
2026-09-03 13:04:48,797 [INFO] ServerAccessManage:473 - Download File STMicroelectronics.FP-SNS-STBOX1.pdsc
2026-09-03 13:04:49,541 [INFO] ServerAccessManage:473 - Download File STMicroelectronics.FP-SNS-MOTENV1.pdsc
2026-09-03 13:04:49,550 [INFO] WebApp:167 - Instantiating new browser for Auth
2026-09-03 13:04:50,714 [INFO] ServerAccessManage:473 - Download File STMicroelectronics.FP-SNS-MOTENVWB1.pdsc
2026-09-03 13:04:51,086 [WARN] MainUpdater:1194 - Updater busy. Cannot search thirdparties
2026-09-03 13:04:51,086 [INFO] ThirdPartyUpdaterWithRetryManager:96 - Updater plugin is busy. [3/15]
2026-09-03 13:04:51,476 [INFO] ServerAccessManage:473 - Download File STMicroelectronics.FP-SNS-STAIOTCFT.pdsc
2026-09-03 13:04:51,522 [INFO] WebApp:448 - Apply proxy settings
2026-09-03 13:04:51,533 [INFO] WebApp:493 - Chromium authenticates against Manually configured proxy
2026-09-03 13:04:51,551 [INFO] WebApp:501 - Username used for proxy authentication: 
2026-09-03 13:04:51,633 [INFO] WebApp:869 - Register for checkConnection events
2026-09-03 13:04:51,633 [INFO] WebApp:448 - Apply proxy settings
2026-09-03 13:04:51,642 [INFO] WebApp:493 - Chromium authenticates against Manually configured proxy
2026-09-03 13:04:51,643 [INFO] WebApp:501 - Username used for proxy authentication: 
2026-09-03 13:04:52,119 [INFO] WebApp:186 - Connection restablished
2026-09-03 13:04:52,158 [INFO] WebApp:220 - Starting web application
2026-09-03 13:04:52,159 [INFO] WebApp:578 - Web application path used D:\ST\STM32CubeIDE_1.16.0\STM32CubeIDE\plugins\com.st.stm32cube.common.mx_6.12.0.202406281431\db\plugins\mcufinder\reactClient1\index.html
2026-09-03 13:04:52,468 [INFO] ServerAccessManage:473 - Download File STMicroelectronics.X-CUBE-AI.pdsc
2026-09-03 13:04:52,616 [INFO] UserAuth:417 - Internet connection configuration mode: 1
2026-09-03 13:04:54,092 [WARN] MainUpdater:1194 - Updater busy. Cannot search thirdparties
2026-09-03 13:04:54,092 [INFO] ThirdPartyUpdaterWithRetryManager:96 - Updater plugin is busy. [4/15]
2026-09-03 13:04:55,094 [INFO] McuFinderGlobals:63 - Set McuFinder mode to 2 (CubeIDE integrated)
2026-09-03 13:04:55,596 [INFO] ServerAccessManage:473 - Download File STMicroelectronics.X-CUBE-BLEMGR.pdsc
2026-09-03 13:04:56,882 [ERROR] ServerAccessManage:1089 - Problem, file not found on Server
2026-09-03 13:04:57,093 [WARN] MainUpdater:1194 - Updater busy. Cannot search thirdparties
2026-09-03 13:04:57,093 [INFO] ThirdPartyUpdaterWithRetryManager:96 - Updater plugin is busy. [5/15]
2026-09-03 13:04:57,989 [INFO] ServerAccessManage:473 - Download File STMicroelectronics.X-CUBE-EEPRMA1.pdsc
2026-09-03 13:04:58,998 [ERROR] ServerAccessManage:1089 - Problem, file not found on Server
2026-09-03 13:04:59,706 [ERROR] ServerAccessManage:1089 - Problem, file not found on Server
2026-09-03 13:05:00,094 [WARN] MainUpdater:1194 - Updater busy. Cannot search thirdparties
2026-09-03 13:05:00,094 [INFO] ThirdPartyUpdaterWithRetryManager:96 - Updater plugin is busy. [6/15]
2026-09-03 13:05:00,544 [INFO] ServerAccessManage:473 - Download File STMicroelectronics.X-CUBE-FREERTOS.pdsc
2026-09-03 13:05:01,954 [INFO] ServerAccessManage:473 - Download File STMicroelectronics.X-CUBE-GNSS1.pdsc
2026-09-03 13:05:03,095 [WARN] MainUpdater:1194 - Updater busy. Cannot search thirdparties
2026-09-03 13:05:03,095 [INFO] ThirdPartyUpdaterWithRetryManager:96 - Updater plugin is busy. [7/15]
2026-09-03 13:05:04,242 [ERROR] ServerAccessManage:1089 - Problem, file not found on Server
2026-09-03 13:05:04,780 [ERROR] ServerAccessManage:1089 - Problem, file not found on Server
2026-09-03 13:05:05,892 [ERROR] ServerAccessManage:1089 - Problem, file not found on Server
2026-09-03 13:05:06,096 [WARN] MainUpdater:1194 - Updater busy. Cannot search thirdparties
2026-09-03 13:05:06,097 [INFO] ThirdPartyUpdaterWithRetryManager:96 - Updater plugin is busy. [8/15]
2026-09-03 13:05:06,230 [ERROR] ServerAccessManage:1089 - Problem, file not found on Server
2026-09-03 13:05:07,112 [ERROR] ServerAccessManage:1089 - Problem, file not found on Server
2026-09-03 13:05:08,034 [ERROR] ServerAccessManage:1089 - Problem, file not found on Server
2026-09-03 13:05:08,334 [INFO] ServerAccessManage:473 - Download File STMicroelectronics.X-CUBE-IPS.pdsc
2026-09-03 13:05:09,099 [WARN] MainUpdater:1194 - Updater busy. Cannot search thirdparties
2026-09-03 13:05:09,099 [INFO] ThirdPartyUpdaterWithRetryManager:96 - Updater plugin is busy. [9/15]
2026-09-03 13:05:09,206 [INFO] ServerAccessManage:473 - Download File STMicroelectronics.X-CUBE-MEMS1.pdsc
2026-09-03 13:05:12,101 [WARN] MainUpdater:1194 - Updater busy. Cannot search thirdparties
2026-09-03 13:05:12,101 [INFO] ThirdPartyUpdaterWithRetryManager:96 - Updater plugin is busy. [10/15]
2026-09-03 13:05:12,818 [INFO] ServerAccessManage:473 - Download File STMicroelectronics.X-CUBE-NFC6.pdsc
2026-09-03 13:05:13,636 [INFO] ServerAccessManage:473 - Download File STMicroelectronics.X-CUBE-NFC12.pdsc
2026-09-03 13:05:13,970 [INFO] ServerAccessManage:473 - Download File STMicroelectronics.X-CUBE-NFC13.pdsc
2026-09-03 13:05:14,438 [INFO] ServerAccessManage:473 - Download File STMicroelectronics.X-CUBE-SMBUS.pdsc
2026-09-03 13:05:15,102 [WARN] MainUpdater:1194 - Updater busy. Cannot search thirdparties
2026-09-03 13:05:15,103 [INFO] ThirdPartyUpdaterWithRetryManager:96 - Updater plugin is busy. [11/15]
2026-09-03 13:05:15,248 [INFO] MainUpdater:2873 - connection check result : 10
2026-09-03 13:05:15,319 [ERROR] ServerAccessManage:1089 - Problem, file not found on Server
2026-09-03 13:05:15,503 [INFO] ServerAccessManage:473 - Download File STMicroelectronics.X-CUBE-ST60.pdsc
2026-09-03 13:05:16,079 [INFO] ServerAccessManage:473 - Download File STMicroelectronics.X-CUBE-ST67W61.pdsc
2026-09-03 13:05:16,397 [INFO] ServerAccessManage:473 - Download File STMicroelectronics.X-CUBE-STSE01.pdsc
2026-09-03 13:05:17,067 [INFO] ServerAccessManage:473 - Download File STMicroelectronics.X-CUBE-TOUCHGFX.pdsc
2026-09-03 13:05:18,104 [WARN] MainUpdater:1194 - Updater busy. Cannot search thirdparties
2026-09-03 13:05:18,104 [INFO] ThirdPartyUpdaterWithRetryManager:96 - Updater plugin is busy. [12/15]
2026-09-03 13:05:20,634 [INFO] ServerAccessManage:473 - Download File STMicroelectronics.X-CUBE-ALGOBUILD.pdsc
2026-09-03 13:05:21,118 [WARN] MainUpdater:1194 - Updater busy. Cannot search thirdparties
2026-09-03 13:05:21,118 [INFO] ThirdPartyUpdaterWithRetryManager:96 - Updater plugin is busy. [13/15]
2026-09-03 13:05:21,677 [INFO] ServerAccessManage:473 - Download File STMicroelectronics.X-CUBE-AZRTOS-H7.pdsc
2026-09-03 13:05:23,142 [INFO] ServerAccessManage:473 - Download File STMicroelectronics.X-CUBE-AZRTOS-H7RS.pdsc
2026-09-03 13:05:24,118 [WARN] MainUpdater:1194 - Updater busy. Cannot search thirdparties
2026-09-03 13:05:24,119 [INFO] ThirdPartyUpdaterWithRetryManager:96 - Updater plugin is busy. [14/15]
2026-09-03 13:05:24,622 [INFO] ServerAccessManage:473 - Download File STMicroelectronics.X-CUBE-WB05N.pdsc
2026-09-03 13:05:24,931 [INFO] ServerAccessManage:473 - Download File STMicroelectronics.X-CUBE-WBA.pdsc
2026-09-03 13:05:25,214 [INFO] ServerAccessManage:473 - Download File STMicroelectronics.eDS-WB_DPC_VIENNA.pdsc
2026-09-03 13:05:25,926 [ERROR] ServerAccessManage:1089 - Problem, file not found on Server
2026-09-03 13:05:26,248 [ERROR] ServerAccessManage:1089 - Problem, file not found on Server
2026-09-03 13:05:26,554 [ERROR] ServerAccessManage:1089 - Problem, file not found on Server
2026-09-03 13:05:26,884 [ERROR] ServerAccessManage:1089 - Problem, file not found on Server
2026-09-03 13:05:27,134 [WARN] MainUpdater:1194 - Updater busy. Cannot search thirdparties
2026-09-03 13:05:27,135 [INFO] ThirdPartyUpdaterWithRetryManager:96 - Updater plugin is busy. [15/15]
2026-09-03 13:05:27,135 [ERROR] IntegrityCheckThread:130 - Cannot retrieve database content from updater: error -1
2026-09-03 13:05:27,136 [INFO] ThirdParty:978 - Integrity check success = false
2026-09-03 13:05:27,136 [INFO] IntegrityCheckThread:100 - exiting critical section [integrity check]
2026-09-03 13:05:27,138 [INFO] IntegrityCheckThread:103 - End integrity checks thread
2026-09-03 13:05:27,199 [ERROR] ServerAccessManage:1089 - Problem, file not found on Server
2026-09-03 13:05:27,300 [INFO] ServerAccessManage:473 - Download File STMicroelectronics.eDS-WB_DPC_TT-BIDIR.pdsc
2026-09-03 13:05:27,775 [ERROR] ServerAccessManage:1089 - Problem, file not found on Server
2026-09-03 13:05:28,508 [ERROR] ServerAccessManage:1089 - Problem, file not found on Server
2026-09-03 13:05:29,243 [ERROR] ServerAccessManage:1089 - Problem, file not found on Server
2026-09-03 13:05:29,848 [ERROR] ServerAccessManage:1089 - Problem, file not found on Server
2026-09-03 13:05:30,224 [INFO] ServerAccessManage:473 - Download File STMicroelectronics.eDS-WB_DPC_3PH2L-BIDIR.pdsc
2026-09-03 13:05:31,046 [ERROR] ServerAccessManage:1089 - Problem, file not found on Server
2026-09-03 13:05:31,691 [ERROR] ServerAccessManage:1089 - Problem, file not found on Server
2026-09-03 13:05:32,797 [INFO] ServerAccessManage:473 - Download File Avnet-IOTCONNECT.X-CUBE-iotc-st67-sdk.pdsc
2026-09-03 13:05:33,142 [WARN] PackLoader:240 - Cannot read IP mode file for STMicroelectronics.FP-ATR-ASTRA1.2.0.3
2026-09-03 13:05:33,163 [WARN] PopulateThirdPartyThread:106 - Error when creating pack: C:/Users/user/.stm32cubemx/thirdparties/pdsc/STMicroelectronics.FP-SNS-STBOX1.pdsc
2026-09-03 13:05:33,170 [WARN] PopulateThirdPartyThread:106 - Error when creating pack: C:/Users/user/.stm32cubemx/thirdparties/pdsc/STMicroelectronics.FP-SNS-MOTENV1.pdsc
2026-09-03 13:05:33,174 [WARN] PopulateThirdPartyThread:106 - Error when creating pack: C:/Users/user/.stm32cubemx/thirdparties/pdsc/STMicroelectronics.FP-SNS-MOTENVWB1.pdsc
2026-09-03 13:05:33,181 [WARN] PopulateThirdPartyThread:106 - Error when creating pack: C:/Users/user/.stm32cubemx/thirdparties/pdsc/STMicroelectronics.FP-SNS-STAIOTCFT.pdsc
2026-09-03 13:05:33,199 [WARN] PackLoader:240 - Cannot read IP mode file for STMicroelectronics.X-CUBE-AI.10.2.1
2026-09-03 13:05:33,211 [WARN] PopulateThirdPartyThread:106 - Error when creating pack: C:/Users/user/.stm32cubemx/thirdparties/pdsc/STMicroelectronics.X-CUBE-BLEMGR.pdsc
2026-09-03 13:05:33,242 [WARN] PackLoader:240 - Cannot read IP mode file for STMicroelectronics.X-CUBE-EEPRMA1.5.2.0
2026-09-03 13:05:33,258 [WARN] PopulateThirdPartyThread:106 - Error when creating pack: C:/Users/user/.stm32cubemx/thirdparties/pdsc/STMicroelectronics.X-CUBE-FREERTOS.pdsc
2026-09-03 13:05:33,297 [WARN] PackLoader:240 - Cannot read IP mode file for STMicroelectronics.X-CUBE-GNSS1.7.1.1
2026-09-03 13:05:33,321 [WARN] PopulateThirdPartyThread:106 - Error when creating pack: C:/Users/user/.stm32cubemx/thirdparties/pdsc/STMicroelectronics.X-CUBE-IPS.pdsc
2026-09-03 13:05:33,410 [INFO] CheckServerUpdateThread:120 - End of CheckServer Thread
2026-09-03 13:05:33,465 [INFO] McuFinderGlobals:76 - Set McuFinderConnectedMode to true
2026-09-03 13:05:33,609 [WARN] PackLoader:240 - Cannot read IP mode file for STMicroelectronics.X-CUBE-MEMS1.13.0.0
2026-09-03 13:05:33,954 [INFO] ServerAccessManage:473 - Download File mcusAds.json._tmp_
2026-09-03 13:05:34,049 [WARN] PackLoader:240 - Cannot read IP mode file for STMicroelectronics.X-CUBE-NFC6.3.2.0
2026-09-03 13:05:34,089 [WARN] PackLoader:240 - Cannot read IP mode file for STMicroelectronics.X-CUBE-NFC12.1.0.0
2026-09-03 13:05:34,104 [INFO] LoadUrlFilesThread:156 - End of LoadUrlFiles Thread
2026-09-03 13:05:34,147 [WARN] PackLoader:240 - Cannot read IP mode file for STMicroelectronics.X-CUBE-NFC13.1.0.0
2026-09-03 13:05:34,204 [WARN] PopulateThirdPartyThread:106 - Error when creating pack: C:/Users/user/.stm32cubemx/thirdparties/pdsc/STMicroelectronics.X-CUBE-SMBUS.pdsc
2026-09-03 13:05:34,210 [WARN] PopulateThirdPartyThread:106 - Error when creating pack: C:/Users/user/.stm32cubemx/thirdparties/pdsc/STMicroelectronics.X-CUBE-ST60.pdsc
2026-09-03 13:05:34,219 [WARN] PopulateThirdPartyThread:106 - Error when creating pack: C:/Users/user/.stm32cubemx/thirdparties/pdsc/STMicroelectronics.X-CUBE-ST67W61.pdsc
2026-09-03 13:05:34,241 [WARN] PackLoader:240 - Cannot read IP mode file for STMicroelectronics.X-CUBE-STSE01.2.0.0
2026-09-03 13:05:34,265 [WARN] PackLoader:240 - Cannot read IP mode file for STMicroelectronics.X-CUBE-TOUCHGFX.4.26.1
2026-09-03 13:05:34,285 [WARN] PackLoader:240 - Cannot read IP mode file for STMicroelectronics.X-CUBE-ALGOBUILD.1.5.0
2026-09-03 13:05:34,326 [INFO] ServerAccessManage:473 - Download File cube-finder-db.zip
2026-09-03 13:05:34,373 [WARN] PackLoader:240 - Cannot read IP mode file for STMicroelectronics.X-CUBE-AZRTOS-H7.3.5.0
2026-09-03 13:05:34,445 [WARN] PackLoader:240 - Cannot read IP mode file for STMicroelectronics.X-CUBE-AZRTOS-H7RS.1.3.0
2026-09-03 13:05:34,472 [WARN] PackLoader:240 - Cannot read IP mode file for STMicroelectronics.X-CUBE-WB05N.2.1.0
2026-09-03 13:05:34,479 [WARN] PopulateThirdPartyThread:106 - Error when creating pack: C:/Users/user/.stm32cubemx/thirdparties/pdsc/STMicroelectronics.X-CUBE-WBA.pdsc
2026-09-03 13:05:34,488 [WARN] PopulateThirdPartyThread:106 - Error when creating pack: C:/Users/user/.stm32cubemx/thirdparties/pdsc/STMicroelectronics.eDS-WB_DPC_VIENNA.pdsc
2026-09-03 13:05:34,492 [WARN] PopulateThirdPartyThread:106 - Error when creating pack: C:/Users/user/.stm32cubemx/thirdparties/pdsc/STMicroelectronics.eDS-WB_DPC_TT-BIDIR.pdsc
2026-09-03 13:05:34,499 [WARN] PopulateThirdPartyThread:106 - Error when creating pack: C:/Users/user/.stm32cubemx/thirdparties/pdsc/STMicroelectronics.eDS-WB_DPC_3PH2L-BIDIR.pdsc
2026-09-03 13:05:34,507 [WARN] PopulateThirdPartyThread:106 - Error when creating pack: C:/Users/user/.stm32cubemx/thirdparties/pdsc/Avnet-IOTCONNECT.X-CUBE-iotc-st67-sdk.pdsc
2026-09-03 13:05:34,508 [INFO] PopulateThirdPartyThread:66 - Ending populate Thread
2026-09-03 13:05:34,516 [INFO] ThirdParty:1030 - CMSIS Pack Vendor :STMicroelectronics X-CUBE-AZRTOS-H7 3.5.0
2026-09-03 13:05:34,518 [INFO] ThirdParty:1030 - CMSIS Pack Vendor :STMicroelectronics X-CUBE-AI 10.2.1
2026-09-03 13:05:34,518 [INFO] ThirdParty:1030 - CMSIS Pack Vendor :STMicroelectronics X-CUBE-GNSS1 7.1.1
2026-09-03 13:05:34,519 [INFO] ThirdParty:1030 - CMSIS Pack Vendor :STMicroelectronics X-CUBE-STSE01 2.0.0
2026-09-03 13:05:34,519 [INFO] ThirdParty:1030 - CMSIS Pack Vendor :STMicroelectronics FP-ATR-ASTRA1 2.0.3
2026-09-03 13:05:34,520 [INFO] ThirdParty:1030 - CMSIS Pack Vendor :STMicroelectronics X-CUBE-ALGOBUILD 1.5.0
2026-09-03 13:05:34,520 [INFO] ThirdParty:1030 - CMSIS Pack Vendor :STMicroelectronics X-CUBE-AZRTOS-H7RS 1.3.0
2026-09-03 13:05:34,520 [INFO] ThirdParty:1030 - CMSIS Pack Vendor :STMicroelectronics X-CUBE-EEPRMA1 5.2.0
2026-09-03 13:05:34,520 [INFO] ThirdParty:1030 - CMSIS Pack Vendor :STMicroelectronics X-CUBE-MEMS1 13.0.0
2026-09-03 13:05:34,520 [INFO] ThirdParty:1030 - CMSIS Pack Vendor :STMicroelectronics X-CUBE-NFC12 1.0.0
2026-09-03 13:05:34,520 [INFO] ThirdParty:1030 - CMSIS Pack Vendor :STMicroelectronics X-CUBE-NFC13 1.0.0
2026-09-03 13:05:34,520 [INFO] ThirdParty:1030 - CMSIS Pack Vendor :STMicroelectronics X-CUBE-TOUCHGFX 4.26.1
2026-09-03 13:05:34,520 [INFO] ThirdParty:1030 - CMSIS Pack Vendor :STMicroelectronics X-CUBE-NFC6 3.2.0
2026-09-03 13:05:34,520 [INFO] ThirdParty:1030 - CMSIS Pack Vendor :STMicroelectronics X-CUBE-WB05N 2.1.0
2026-09-03 13:05:34,521 [INFO] LoadServerUpdatesThread:375 - End of LoadServerUpdate Thread
2026-09-03 13:05:47,356 [INFO] FileExtend:240 - Unzip File : cube-finder-db.zip
2026-09-03 13:05:47,356 [INFO] FileExtend:255 - Standard Zip Deflate
2026-09-03 13:05:49,668 [INFO] LoadUrlFilesThread:156 - End of LoadUrlFiles Thread
2026-09-03 13:06:08,501 [INFO] WebApp:189 - Connection lost
2026-09-03 13:06:08,928 [INFO] WebApp:186 - Connection restablished
2026-09-03 13:06:10,890 [ERROR] ServerAccessManage:1172 - Problem during Server Connection :  IO error Connection timed out: getsockopt
2026-09-03 13:06:10,890 [ERROR] ServerAccessManage:651 - Problem during Server Connection :  : crdb.zip.
2026-09-03 13:06:15,618 [INFO] LoadUrlFilesThread:156 - End of LoadUrlFiles Thread
2026-09-03 13:06:19,133 [INFO] DbMcusAds:53 - JSON generation date=Wed Jul 15 15:14:54 IST 2026 (1784108694001)
2026-09-03 13:06:19,178 [ERROR] TargetSelectorAdapter:267 - Unable to refresh data
2026-09-03 13:06:20,396 [INFO] ApiDb:581 - Connected to CubeFinder SQLite database (C:\Users\user\.stmcufinder\plugins\mcufinder\mcu\cube-finder-db.db)
2026-09-03 13:06:20,648 [INFO] ApiDb:668 - CubeFinder database Data Model version=2.1
2026-09-03 13:06:20,649 [INFO] ApiDb:669 - CubeFinder database Configuration version=3.0.42
2026-09-03 13:06:20,650 [INFO] ApiDb:670 - CubeFinder database generation date=2026-08-04 (1785840812)
2026-09-03 13:06:20,650 [INFO] ApiDb:671 - CubeFinder database FW Pack versions=[FP-ATR-ASTRA1_V2.0.0, FP-SNS-FLIGHT1_V5.1.0, FP-SNS-MOTENV1_V5.1.0, FP-SNS-MOTENVWB1_V1.5.0, FP-SNS-SMARTAG2_V1.2.0, FP-SNS-STBOX1_V2.1.0, STM32Cube_FW_C0_V1.4.1, STM32Cube_FW_F4_V1.28.3, STM32Cube_FW_F7_V1.17.4, STM32Cube_FW_G0_V1.6.3, STM32Cube_FW_G4_V1.6.2, STM32Cube_FW_H5_V1.7.0, STM32Cube_FW_H7RS_V1.3.0, STM32Cube_FW_H7_V1.13.0, STM32Cube_FW_L0_V1.12.2, STM32Cube_FW_L4_V1.18.2, STM32Cube_FW_L5_V1.6.0, STM32Cube_FW_N6_V1.4.0, STM32Cube_FW_U0_V1.3.0, STM32Cube_FW_U3_V1.4.0, STM32Cube_FW_U5_V1.9.0, STM32Cube_FW_WB0_V1.5.0, STM32Cube_FW_WBA_V1.10.0, STM32Cube_FW_WB_V1.24.0, STM32Cube_FW_WL3_V1.5.0, STM32Cube_FW_WL_V1.6.0, X-CUBE-ALGOBUILD_V1.5.0, X-CUBE-ALS_V1.0.2, X-CUBE-AZRTOS-F4_V1.1.0, X-CUBE-AZRTOS-F7_V1.1.0, X-CUBE-AZRTOS-G0_V1.1.0, X-CUBE-AZRTOS-G4_V2.0.0, X-CUBE-AZRTOS-H7RS_V1.3.0, X-CUBE-AZRTOS-H7_V3.5.0, X-CUBE-AZRTOS-L4_V2.0.0, X-CUBE-AZRTOS-L5_V2.0.0, X-CUBE-AZRTOS-WB_V2.0.0, X-CUBE-AZRTOS-WL_V2.0.0, X-CUBE-BLE1_V7.1.0, X-CUBE-BLE2_V3.3.0, X-CUBE-BLEMGR_V4.2.0, X-CUBE-EEPRMA1_V5.2.0, X-CUBE-FREERTOS_V1.6.0, X-CUBE-GNSS1_V7.1.1, X-CUBE-MEMS1_V13.0.0, X-CUBE-NFC4_V3.0.0, X-CUBE-NFC7_V2.0.0, X-CUBE-SFXS2LP1_V4.0.0, X-CUBE-ST67W61_V1.3.0, X-CUBE-SUBG2_V5.0.0, X-CUBE-TOF1_V3.4.3]
2026-09-03 13:06:20,827 [INFO] DbBoardsSqlite:226 - include board P-NUCLEO-WB55-NUCLEO as a kit item of type 'Nucleo-64'
2026-09-03 13:06:20,827 [INFO] DbBoardsSqlite:226 - include board P-NUCLEO-WB55-USBDONGLE as a kit item of type 'Nucleo USB Dongle'
2026-09-03 13:06:20,828 [INFO] DbBoardsSqlite:226 - include board STEVAL-IDP005V1 as a kit item of type 'Evaluation Board'
2026-09-03 13:06:20,828 [INFO] DbBoardsSqlite:226 - include board STEVAL-IDP005V2 as a kit item of type 'Evaluation Board'
2026-09-03 13:06:21,070 [INFO] ApiDb:240 - Found 646 in-development CPN: [B-G473E-ZEST1S, B-WB1M-WPAN1, B-WL5M-SUBG1, NUCLEO-C031C6, NUCLEO-C071RB, NUCLEO-H503RB, NUCLEO-H533RE, NUCLEO-H563ZI, NUCLEO-H7S3L8, NUCLEO-U031R8, NUCLEO-U083RC, NUCLEO-U545RE-Q, NUCLEO-U5A5ZJ-Q, NUCLEO-WB05KZ, NUCLEO-WB07CC, NUCLEO-WB09KE, NUCLEO-WBA52CG, NUCLEO-WBA55CG, STEVAL-PROTEUS1, STEVAL-SMARTAG2, STEVAL-STWINBX1, STM320518-EVAL, STM32C0116-DK, STM32C011D6Y3TR, STM32C011D6Y6TR, STM32C011F4P3, STM32C011F4P6, STM32C011F4U3, STM32C011F4U6TR, STM32C011F6P3, STM32C011F6P6, STM32C011F6U3, STM32C011F6U6TR, STM32C011J4M3, STM32C011J4M6, STM32C011J6M3, STM32C011J6M6, STM32C0316-DK, STM32C031C4T3, STM32C031C4T6, STM32C031C4U3, STM32C031C4U6, STM32C031C6T3, STM32C031C6T6, STM32C031C6U3, STM32C031C6U6, STM32C031F4P3, STM32C031F4P6, STM32C031F6P3, STM32C031F6P6, STM32C031G4U3, STM32C031G4U6, STM32C031G6U3, STM32C031G6U6, STM32C031K4T3, STM32C031K4T6, STM32C031K4U3, STM32C031K4U6, STM32C031K6T3, STM32C031K6T6, STM32C031K6U3, STM32C031K6U6, STM32C071C8T6, STM32C071C8T6N, STM32C071C8U6, STM32C071C8U6N, STM32C071CBT6, STM32C071CBT6N, STM32C071CBU6, STM32C071CBU6N, STM32C071F8P6, STM32C071F8P6N, STM32C071FBP6, STM32C071FBP6N, STM32C071FBY6TR, STM32C071G8U6, STM32C071G8U6N, STM32C071GBU6, STM32C071GBU6N, STM32C071K8T6, STM32C071K8T6N, STM32C071K8U6, STM32C071K8U6N, STM32C071KBT6, STM32C071KBT6N, STM32C071KBU6, STM32C071KBU6N, STM32C071R8T6, STM32C071R8T6N, STM32C071RBI6N, STM32C071RBT6, STM32C071RBT6N, STM32G071K8TXN, STM32G071K8UXN, STM32G081GBU6N, STM32G081KBT6N, STM32G081KBUXN, STM32G0B1CCT6N, STM32G0B1KCT6, STM32G0B1NEY6TR, STM32G0B1RCT6N, STM32G0C1CCT6, STM32G0C1CCT6N, STM32G0C1CCU6N, STM32G0C1CET6N, STM32G0C1CEU6N, STM32G0C1KCT6, STM32G0C1NEY6TR, STM32G0C1RCI6N, STM32G0C1RCT6N, STM32G0C1REI6N, STM32G0C1RET6N, STM32G0C1VCI6, STM32G0C1VEI6, STM32G411C6T3, STM32G411C6T6, STM32G411C6U3, STM32G411C6U6, STM32G411C8T3, STM32G411C8T6, STM32G411C8U3, STM32G411C8U6, STM32G411CBT3, STM32G411CBT6, STM32G411CBU3, STM32G411CBU6, STM32G411K6T3, STM32G411K6T6, STM32G411K6U3, STM32G411K6U6, STM32G411K8T3, STM32G411K8T6, STM32G411K8U3, STM32G411K8U6, STM32G411KBT3, STM32G411KBT6, STM32G411KBU3, STM32G411KBU6, STM32G411M6T3, STM32G411M6T6, STM32G411M8T3, STM32G411M8T6, STM32G411MBT3, STM32G411MBT6, STM32G411R6T3, STM32G411R6T6, STM32G411R8T3, STM32G411R8T6, STM32G411RBT3, STM32G411RBT6, STM32G414CBT3, STM32G414CBT6, STM32G414CBU3, STM32G414CBU6, STM32G414CCT3, STM32G414CCT6, STM32G414CCU3, STM32G414CCU6, STM32G414MBT3, STM32G414MBT6, STM32G414MCT3, STM32G414MCT6, STM32G414RBT3, STM32G414RBT6, STM32G414RCT3, STM32G414RCT6, STM32G414VBT3, STM32G414VBT6, STM32G414VCT3, STM32G414VCT6, STM32G431CBT3Z, STM32G431RBT3Z, STM32G471CCT6, STM32G471CCU6, STM32G471CET3, STM32G471CET6, STM32G471CEU3, STM32G471CEU6, STM32G471MCT6, STM32G471MET3, STM32G471MET6, STM32G471MEY6TR, STM32G471QCT6, STM32G471QET3, STM32G471RCT6, STM32G471RET3, STM32G471RET6, STM32G471VCH6, STM32G471VCI6, STM32G471VCT6, STM32G471VEH3, STM32G471VEH6, STM32G471VEI3, STM32G471VEI6, STM32G471VET3, STM32G471VET6, STM32G473QET3Z, STM32G473RET3Z, STM32G474CCT6, STM32G491RET3Z, STM32H503CBT6, STM32H503CBU6, STM32H503EBY6TR, STM32H503KBU6, STM32H503RBT6, STM32H523CCT6, STM32H523CCU6, STM32H523CET6, STM32H523CEU6, STM32H523HEY6TR, STM32H523RCT6, STM32H523RET6, STM32H523VCI6, STM32H523VCT6, STM32H523VEI6, STM32H523VET6, STM32H523ZCJ6, STM32H523ZCT6, STM32H523ZEJ6, STM32H523ZET6, STM32H533CET6, STM32H533CEU6, STM32H533HEY6TR, STM32H533RET6, STM32H533VEI6, STM32H533VET6, STM32H533ZEJ6, STM32H533ZET6, STM32H562AGI6, STM32H562AII6, STM32H562IGK6, STM32H562IGT6, STM32H562IIK6, STM32H562IIT6, STM32H562RGT6, STM32H562RGV6, STM32H562RIT6, STM32H562RIV6, STM32H562VGT6, STM32H562VIT6, STM32H562ZGT6, STM32H562ZIT6, STM32H563AGI6, STM32H563AII3Q, STM32H563AII6, STM32H563IGK6, STM32H563IGT6, STM32H563IIK3Q, STM32H563IIK6, STM32H563IIT3Q, STM32H563IIT6, STM32H563MIY3QTR, STM32H563RGT6, STM32H563RGV6, STM32H563RIT6, STM32H563RIV6, STM32H563VGT6, STM32H563VIT3Q, STM32H563VIT6, STM32H563ZGT6, STM32H563ZIT3Q, STM32H563ZIT6, STM32H573AII3Q, STM32H573AII6, STM32H573I-DK, STM32H573IIK3Q, STM32H573IIK6, STM32H573IIT3Q, STM32H573IIT6, STM32H573MIY3QTR, STM32H573RIT6, STM32H573RIV6, STM32H573VIT3Q, STM32H573VIT6, STM32H573ZIT3Q, STM32H573ZIT6, STM32H7R3A8I6, STM32H7R3I8K6, STM32H7R3I8T6, STM32H7R3L8H6, STM32H7R3L8H6H, STM32H7R3R8V6, STM32H7R3V8H6, STM32H7R3V8T6, STM32H7R3V8Y6TR, STM32H7R3Z8J6, STM32H7R3Z8T6, STM32H7R7A8I6, STM32H7R7I8K6, STM32H7R7I8T6, STM32H7R7L8H6, STM32H7R7L8H6H, STM32H7R7Z8J6, STM32H7S3A8I6, STM32H7S3I8K6, STM32H7S3I8T6, STM32H7S3L8H6, STM32H7S3L8H6H, STM32H7S3R8V6, STM32H7S3V8H6, STM32H7S3V8T6, STM32H7S3V8Y6TR, STM32H7S3Z8J6, STM32H7S3Z8T6, STM32H7S78-DK, STM32H7S7A8I6, STM32H7S7I8K6, STM32H7S7I8T6, STM32H7S7L8H6, STM32H7S7L8H6H, STM32H7S7Z8J6, STM32L4R5QGI6STR, STM32MP131AAE3, STM32MP131AAF3, STM32MP131AAG3, STM32MP131CAE3, STM32MP131CAF3, STM32MP131CAG3, STM32MP131DAE7, STM32MP131DAF7, STM32MP131DAG7, STM32MP131FAE7, STM32MP131FAF7, STM32MP131FAG7, STM32MP133AAE3, STM32MP133AAF3, STM32MP133AAG3, STM32MP133CAE3, STM32MP133CAF3, STM32MP133CAG3, STM32MP133DAE7, STM32MP133DAF7, STM32MP133DAG7, STM32MP133FAE7, STM32MP133FAF7, STM32MP133FAG7, STM32MP135AAE3, STM32MP135AAF3, STM32MP135AAG3, STM32MP135CAE3, STM32MP135CAF3, STM32MP135CAG3, STM32MP135DAE7, STM32MP135DAF7, STM32MP135DAG7, STM32MP135F-DK, STM32MP135FAE7, STM32MP135FAF7, STM32MP135FAF7T, STM32MP135FAF7U, STM32MP135FAG7, STM32MP251AAI3, STM32MP251AAK3, STM32MP251AAL3, STM32MP251CAI3, STM32MP251CAK3, STM32MP251CAL3, STM32MP251DAI3, STM32MP251DAK3, STM32MP251DAL3, STM32MP251FAI3, STM32MP251FAK3, STM32MP251FAL3, STM32MP253AAI3, STM32MP253AAK3, STM32MP253AAL3, STM32MP253CAI3, STM32MP253CAK3, STM32MP253CAL3, STM32MP253DAI3, STM32MP253DAK3, STM32MP253DAL3, STM32MP253FAI3, STM32MP253FAK3, STM32MP253FAL3, STM32MP255AAI3, STM32MP255AAK3, STM32MP255AAL3, STM32MP255CAI3, STM32MP255CAK3, STM32MP255CAL3, STM32MP255DAI3, STM32MP255DAK3, STM32MP255DAL3, STM32MP255FAI3, STM32MP255FAK3, STM32MP255FAL3, STM32MP257AAI3, STM32MP257AAK3, STM32MP257AAL3, STM32MP257CAI3, STM32MP257CAK3, STM32MP257CAL3, STM32MP257DAI3, STM32MP257DAK3, STM32MP257DAL3, STM32MP257F-DK, STM32MP257F-EV1, STM32MP257FAI3, STM32MP257FAK3, STM32MP257FAL3, STM32U031C6T6, STM32U031C6U6, STM32U031C8T6, STM32U031C8U6, STM32U031F4P6, STM32U031F6P6, STM32U031F8P6, STM32U031G6Y6TR, STM32U031G8Y6TR, STM32U031K4U6, STM32U031K6U6, STM32U031K8U6, STM32U031R6I6, STM32U031R6T6, STM32U031R8I6, STM32U031R8T6, STM32U073C8T6, STM32U073C8U6, STM32U073CBT6, STM32U073CBU6, STM32U073CCT6, STM32U073CCU6, STM32U073H8Y6TR, STM32U073HBY6TR, STM32U073HCY6TR, STM32U073K8U6, STM32U073KBU6, STM32U073KCU6, STM32U073M8I6, STM32U073M8T6, STM32U073MBI6, STM32U073MBT6, STM32U073MCI6, STM32U073MCT6, STM32U073R8I6, STM32U073R8T6, STM32U073RBI6, STM32U073RBT6, STM32U073RCI6, STM32U073RCT6, STM32U083C-DK, STM32U083CCT6, STM32U083CCU6, STM32U083HCY6TR, STM32U083KCU6, STM32U083MCI6, STM32U083MCT6, STM32U083RCI6, STM32U083RCT6, STM32U535CBT6, STM32U535CBT6Q, STM32U535CBU6, STM32U535CBU6Q, STM32U535CCT6, STM32U535CCT6Q, STM32U535CCU6, STM32U535CCU6Q, STM32U535CET6, STM32U535CET6Q, STM32U535CEU6, STM32U535CEU6Q, STM32U535JEY6QTR, STM32U535NCY6QTR, STM32U535NEY6QTR, STM32U535RBI6, STM32U535RBI6Q, STM32U535RBT6, STM32U535RBT6Q, STM32U535RCI6, STM32U535RCI6Q, STM32U535RCT6, STM32U535RCT6Q, STM32U535REI6, STM32U535REI6Q, STM32U535RET6, STM32U535RET6Q, STM32U535VCI6, STM32U535VCI6Q, STM32U535VCT6, STM32U535VCT6Q, STM32U535VEI6, STM32U535VEI6Q, STM32U535VET6, STM32U535VET6Q, STM32U545CET6, STM32U545CET6Q, STM32U545CEU6, STM32U545CEU6Q, STM32U545JEY6QTR, STM32U545NEY6QTR, STM32U545REI6, STM32U545REI6Q, STM32U545RET6, STM32U545RET6Q, STM32U545VEI6, STM32U545VEI6Q, STM32U545VET6, STM32U545VET6Q, STM32U595AIH6, STM32U595AIH6Q, STM32U595AJH6, STM32U595AJH6Q, STM32U595QII6, STM32U595QII6Q, STM32U595QJI6, STM32U595QJI6Q, STM32U595RIT6, STM32U595RIT6Q, STM32U595RJT6, STM32U595RJT6Q, STM32U595VIT6, STM32U595VIT6Q, STM32U595VJT6, STM32U595VJT6Q, STM32U595ZIT6, STM32U595ZIT6Q, STM32U595ZIY6QTR, STM32U595ZJT6, STM32U595ZJT6Q, STM32U595ZJY6QTR, STM32U599BJY6QTR, STM32U599NIH6Q, STM32U599NJH6Q, STM32U599VIT6Q, STM32U599VJT6, STM32U599VJT6Q, STM32U599ZIT6Q, STM32U599ZIY6QTR, STM32U599ZJT6Q, STM32U599ZJY6QTR, STM32U5A5AJH6, STM32U5A5AJH6Q, STM32U5A5QII3Q , STM32U5A5QJI6, STM32U5A5QJI6Q, STM32U5A5RJT6, STM32U5A5RJT6Q, STM32U5A5VJT6, STM32U5A5VJT6Q, STM32U5A5ZJT6, STM32U5A5ZJT6Q, STM32U5A5ZJY6QTR, STM32U5A9BJY6QTR, STM32U5A9J-DK, STM32U5A9NJH6Q, STM32U5A9VJT6Q, STM32U5A9ZJT6Q, STM32U5A9ZJY6QTR, STM32U5F7VIT6, STM32U5F7VIT6Q, STM32U5F7VJT6, STM32U5F7VJT6Q, STM32U5F9BJY6QTR, STM32U5F9NJH6Q, STM32U5F9VIT6Q, STM32U5F9VJT6Q, STM32U5F9ZIJ6QTR, STM32U5F9ZIT6Q, STM32U5F9ZJJ6QTR, STM32U5F9ZJT6Q, STM32U5G7VJT6, STM32U5G7VJT6Q, STM32U5G9BJY6QTR, STM32U5G9J-DK1, STM32U5G9J-DK2, STM32U5G9NJH6Q, STM32U5G9VJT6Q, STM32U5G9ZJJ6QTR, STM32U5G9ZJT6Q, STM32WB05KZV6TR, STM32WB05KZV7TR, STM32WB05TZF6TR, STM32WB05TZF7TR, STM32WB06CCF6TR, STM32WB06CCF7TR, STM32WB06CCV6TR, STM32WB06CCV7TR, STM32WB06KCV6TR, STM32WB06KCV7TR, STM32WB07CCF6TR, STM32WB07CCF7TR, STM32WB07CCV6TR, STM32WB07CCV7TR, STM32WB07KCV6TR, STM32WB07KCV7TR, STM32WB09KEV6TR, STM32WB09KEV7TR, STM32WB09TEF6TR, STM32WB09TEF7TR, STM32WB1MMCH6, STM32WBA50KGU6, STM32WBA50KGU6TR, STM32WBA52CEU6, STM32WBA52CEU6TR, STM32WBA52CEU7, STM32WBA52CEU7TR, STM32WBA52CGU6, STM32WBA52CGU6TR, STM32WBA52CGU6U, STM32WBA52CGU7, STM32WBA52CGU7TR, STM32WBA52KEU6, STM32WBA52KEU6TR, STM32WBA52KGU6, STM32WBA52KGU6TR, STM32WBA54CEU6, STM32WBA54CEU6TR, STM32WBA54CEU7, STM32WBA54CEU7TR, STM32WBA54CGU6, STM32WBA54CGU6TR, STM32WBA54CGU7, STM32WBA54CGU7TR, STM32WBA54KEU6, STM32WBA54KEU6TR, STM32WBA54KEU7, STM32WBA54KEU7TR, STM32WBA54KGU6, STM32WBA54KGU6TR, STM32WBA54KGU7, STM32WBA54KGU7TR, STM32WBA55CEU6, STM32WBA55CEU6TR, STM32WBA55CEU7, STM32WBA55CEU7TR, STM32WBA55CGU6, STM32WBA55CGU6TR, STM32WBA55CGU6U, STM32WBA55CGU7, STM32WBA55CGU7TR, STM32WBA55G-DK1, STM32WBA55HEF6, STM32WBA55HEF7, STM32WBA55HGF6, STM32WBA55HGF7, STM32WBA55UEI6, STM32WBA55UEI6TR, STM32WBA55UEI7, STM32WBA55UEI7TR, STM32WBA55UGI6, STM32WBA55UGI6TR, STM32WBA55UGI7, STM32WBA55UGI7TR, STM32WL5MOCH6, STM32WL5MOCH6TR]
2026-09-03 13:06:21,078 [INFO] ApiDb:668 - CubeFinder database Data Model version=2.1
2026-09-03 13:06:21,078 [INFO] ApiDb:669 - CubeFinder database Configuration version=3.0.42
2026-09-03 13:06:21,078 [INFO] ApiDb:670 - CubeFinder database generation date=2026-08-04 (1785840812)
2026-09-03 13:06:21,078 [INFO] ApiDb:671 - CubeFinder database FW Pack versions=[FP-ATR-ASTRA1_V2.0.0, FP-SNS-FLIGHT1_V5.1.0, FP-SNS-MOTENV1_V5.1.0, FP-SNS-MOTENVWB1_V1.5.0, FP-SNS-SMARTAG2_V1.2.0, FP-SNS-STBOX1_V2.1.0, STM32Cube_FW_C0_V1.4.1, STM32Cube_FW_F4_V1.28.3, STM32Cube_FW_F7_V1.17.4, STM32Cube_FW_G0_V1.6.3, STM32Cube_FW_G4_V1.6.2, STM32Cube_FW_H5_V1.7.0, STM32Cube_FW_H7RS_V1.3.0, STM32Cube_FW_H7_V1.13.0, STM32Cube_FW_L0_V1.12.2, STM32Cube_FW_L4_V1.18.2, STM32Cube_FW_L5_V1.6.0, STM32Cube_FW_N6_V1.4.0, STM32Cube_FW_U0_V1.3.0, STM32Cube_FW_U3_V1.4.0, STM32Cube_FW_U5_V1.9.0, STM32Cube_FW_WB0_V1.5.0, STM32Cube_FW_WBA_V1.10.0, STM32Cube_FW_WB_V1.24.0, STM32Cube_FW_WL3_V1.5.0, STM32Cube_FW_WL_V1.6.0, X-CUBE-ALGOBUILD_V1.5.0, X-CUBE-ALS_V1.0.2, X-CUBE-AZRTOS-F4_V1.1.0, X-CUBE-AZRTOS-F7_V1.1.0, X-CUBE-AZRTOS-G0_V1.1.0, X-CUBE-AZRTOS-G4_V2.0.0, X-CUBE-AZRTOS-H7RS_V1.3.0, X-CUBE-AZRTOS-H7_V3.5.0, X-CUBE-AZRTOS-L4_V2.0.0, X-CUBE-AZRTOS-L5_V2.0.0, X-CUBE-AZRTOS-WB_V2.0.0, X-CUBE-AZRTOS-WL_V2.0.0, X-CUBE-BLE1_V7.1.0, X-CUBE-BLE2_V3.3.0, X-CUBE-BLEMGR_V4.2.0, X-CUBE-EEPRMA1_V5.2.0, X-CUBE-FREERTOS_V1.6.0, X-CUBE-GNSS1_V7.1.1, X-CUBE-MEMS1_V13.0.0, X-CUBE-NFC4_V3.0.0, X-CUBE-NFC7_V2.0.0, X-CUBE-SFXS2LP1_V4.0.0, X-CUBE-ST67W61_V1.3.0, X-CUBE-SUBG2_V5.0.0, X-CUBE-TOF1_V3.4.3]
2026-09-03 13:06:28,778 [INFO] ApiDb:240 - Found 646 in-development CPN: [B-G473E-ZEST1S, B-WB1M-WPAN1, B-WL5M-SUBG1, NUCLEO-C031C6, NUCLEO-C071RB, NUCLEO-H503RB, NUCLEO-H533RE, NUCLEO-H563ZI, NUCLEO-H7S3L8, NUCLEO-U031R8, NUCLEO-U083RC, NUCLEO-U545RE-Q, NUCLEO-U5A5ZJ-Q, NUCLEO-WB05KZ, NUCLEO-WB07CC, NUCLEO-WB09KE, NUCLEO-WBA52CG, NUCLEO-WBA55CG, STEVAL-PROTEUS1, STEVAL-SMARTAG2, STEVAL-STWINBX1, STM320518-EVAL, STM32C0116-DK, STM32C011D6Y3TR, STM32C011D6Y6TR, STM32C011F4P3, STM32C011F4P6, STM32C011F4U3, STM32C011F4U6TR, STM32C011F6P3, STM32C011F6P6, STM32C011F6U3, STM32C011F6U6TR, STM32C011J4M3, STM32C011J4M6, STM32C011J6M3, STM32C011J6M6, STM32C0316-DK, STM32C031C4T3, STM32C031C4T6, STM32C031C4U3, STM32C031C4U6, STM32C031C6T3, STM32C031C6T6, STM32C031C6U3, STM32C031C6U6, STM32C031F4P3, STM32C031F4P6, STM32C031F6P3, STM32C031F6P6, STM32C031G4U3, STM32C031G4U6, STM32C031G6U3, STM32C031G6U6, STM32C031K4T3, STM32C031K4T6, STM32C031K4U3, STM32C031K4U6, STM32C031K6T3, STM32C031K6T6, STM32C031K6U3, STM32C031K6U6, STM32C071C8T6, STM32C071C8T6N, STM32C071C8U6, STM32C071C8U6N, STM32C071CBT6, STM32C071CBT6N, STM32C071CBU6, STM32C071CBU6N, STM32C071F8P6, STM32C071F8P6N, STM32C071FBP6, STM32C071FBP6N, STM32C071FBY6TR, STM32C071G8U6, STM32C071G8U6N, STM32C071GBU6, STM32C071GBU6N, STM32C071K8T6, STM32C071K8T6N, STM32C071K8U6, STM32C071K8U6N, STM32C071KBT6, STM32C071KBT6N, STM32C071KBU6, STM32C071KBU6N, STM32C071R8T6, STM32C071R8T6N, STM32C071RBI6N, STM32C071RBT6, STM32C071RBT6N, STM32G071K8TXN, STM32G071K8UXN, STM32G081GBU6N, STM32G081KBT6N, STM32G081KBUXN, STM32G0B1CCT6N, STM32G0B1KCT6, STM32G0B1NEY6TR, STM32G0B1RCT6N, STM32G0C1CCT6, STM32G0C1CCT6N, STM32G0C1CCU6N, STM32G0C1CET6N, STM32G0C1CEU6N, STM32G0C1KCT6, STM32G0C1NEY6TR, STM32G0C1RCI6N, STM32G0C1RCT6N, STM32G0C1REI6N, STM32G0C1RET6N, STM32G0C1VCI6, STM32G0C1VEI6, STM32G411C6T3, STM32G411C6T6, STM32G411C6U3, STM32G411C6U6, STM32G411C8T3, STM32G411C8T6, STM32G411C8U3, STM32G411C8U6, STM32G411CBT3, STM32G411CBT6, STM32G411CBU3, STM32G411CBU6, STM32G411K6T3, STM32G411K6T6, STM32G411K6U3, STM32G411K6U6, STM32G411K8T3, STM32G411K8T6, STM32G411K8U3, STM32G411K8U6, STM32G411KBT3, STM32G411KBT6, STM32G411KBU3, STM32G411KBU6, STM32G411M6T3, STM32G411M6T6, STM32G411M8T3, STM32G411M8T6, STM32G411MBT3, STM32G411MBT6, STM32G411R6T3, STM32G411R6T6, STM32G411R8T3, STM32G411R8T6, STM32G411RBT3, STM32G411RBT6, STM32G414CBT3, STM32G414CBT6, STM32G414CBU3, STM32G414CBU6, STM32G414CCT3, STM32G414CCT6, STM32G414CCU3, STM32G414CCU6, STM32G414MBT3, STM32G414MBT6, STM32G414MCT3, STM32G414MCT6, STM32G414RBT3, STM32G414RBT6, STM32G414RCT3, STM32G414RCT6, STM32G414VBT3, STM32G414VBT6, STM32G414VCT3, STM32G414VCT6, STM32G431CBT3Z, STM32G431RBT3Z, STM32G471CCT6, STM32G471CCU6, STM32G471CET3, STM32G471CET6, STM32G471CEU3, STM32G471CEU6, STM32G471MCT6, STM32G471MET3, STM32G471MET6, STM32G471MEY6TR, STM32G471QCT6, STM32G471QET3, STM32G471RCT6, STM32G471RET3, STM32G471RET6, STM32G471VCH6, STM32G471VCI6, STM32G471VCT6, STM32G471VEH3, STM32G471VEH6, STM32G471VEI3, STM32G471VEI6, STM32G471VET3, STM32G471VET6, STM32G473QET3Z, STM32G473RET3Z, STM32G474CCT6, STM32G491RET3Z, STM32H503CBT6, STM32H503CBU6, STM32H503EBY6TR, STM32H503KBU6, STM32H503RBT6, STM32H523CCT6, STM32H523CCU6, STM32H523CET6, STM32H523CEU6, STM32H523HEY6TR, STM32H523RCT6, STM32H523RET6, STM32H523VCI6, STM32H523VCT6, STM32H523VEI6, STM32H523VET6, STM32H523ZCJ6, STM32H523ZCT6, STM32H523ZEJ6, STM32H523ZET6, STM32H533CET6, STM32H533CEU6, STM32H533HEY6TR, STM32H533RET6, STM32H533VEI6, STM32H533VET6, STM32H533ZEJ6, STM32H533ZET6, STM32H562AGI6, STM32H562AII6, STM32H562IGK6, STM32H562IGT6, STM32H562IIK6, STM32H562IIT6, STM32H562RGT6, STM32H562RGV6, STM32H562RIT6, STM32H562RIV6, STM32H562VGT6, STM32H562VIT6, STM32H562ZGT6, STM32H562ZIT6, STM32H563AGI6, STM32H563AII3Q, STM32H563AII6, STM32H563IGK6, STM32H563IGT6, STM32H563IIK3Q, STM32H563IIK6, STM32H563IIT3Q, STM32H563IIT6, STM32H563MIY3QTR, STM32H563RGT6, STM32H563RGV6, STM32H563RIT6, STM32H563RIV6, STM32H563VGT6, STM32H563VIT3Q, STM32H563VIT6, STM32H563ZGT6, STM32H563ZIT3Q, STM32H563ZIT6, STM32H573AII3Q, STM32H573AII6, STM32H573I-DK, STM32H573IIK3Q, STM32H573IIK6, STM32H573IIT3Q, STM32H573IIT6, STM32H573MIY3QTR, STM32H573RIT6, STM32H573RIV6, STM32H573VIT3Q, STM32H573VIT6, STM32H573ZIT3Q, STM32H573ZIT6, STM32H7R3A8I6, STM32H7R3I8K6, STM32H7R3I8T6, STM32H7R3L8H6, STM32H7R3L8H6H, STM32H7R3R8V6, STM32H7R3V8H6, STM32H7R3V8T6, STM32H7R3V8Y6TR, STM32H7R3Z8J6, STM32H7R3Z8T6, STM32H7R7A8I6, STM32H7R7I8K6, STM32H7R7I8T6, STM32H7R7L8H6, STM32H7R7L8H6H, STM32H7R7Z8J6, STM32H7S3A8I6, STM32H7S3I8K6, STM32H7S3I8T6, STM32H7S3L8H6, STM32H7S3L8H6H, STM32H7S3R8V6, STM32H7S3V8H6, STM32H7S3V8T6, STM32H7S3V8Y6TR, STM32H7S3Z8J6, STM32H7S3Z8T6, STM32H7S78-DK, STM32H7S7A8I6, STM32H7S7I8K6, STM32H7S7I8T6, STM32H7S7L8H6, STM32H7S7L8H6H, STM32H7S7Z8J6, STM32L4R5QGI6STR, STM32MP131AAE3, STM32MP131AAF3, STM32MP131AAG3, STM32MP131CAE3, STM32MP131CAF3, STM32MP131CAG3, STM32MP131DAE7, STM32MP131DAF7, STM32MP131DAG7, STM32MP131FAE7, STM32MP131FAF7, STM32MP131FAG7, STM32MP133AAE3, STM32MP133AAF3, STM32MP133AAG3, STM32MP133CAE3, STM32MP133CAF3, STM32MP133CAG3, STM32MP133DAE7, STM32MP133DAF7, STM32MP133DAG7, STM32MP133FAE7, STM32MP133FAF7, STM32MP133FAG7, STM32MP135AAE3, STM32MP135AAF3, STM32MP135AAG3, STM32MP135CAE3, STM32MP135CAF3, STM32MP135CAG3, STM32MP135DAE7, STM32MP135DAF7, STM32MP135DAG7, STM32MP135F-DK, STM32MP135FAE7, STM32MP135FAF7, STM32MP135FAF7T, STM32MP135FAF7U, STM32MP135FAG7, STM32MP251AAI3, STM32MP251AAK3, STM32MP251AAL3, STM32MP251CAI3, STM32MP251CAK3, STM32MP251CAL3, STM32MP251DAI3, STM32MP251DAK3, STM32MP251DAL3, STM32MP251FAI3, STM32MP251FAK3, STM32MP251FAL3, STM32MP253AAI3, STM32MP253AAK3, STM32MP253AAL3, STM32MP253CAI3, STM32MP253CAK3, STM32MP253CAL3, STM32MP253DAI3, STM32MP253DAK3, STM32MP253DAL3, STM32MP253FAI3, STM32MP253FAK3, STM32MP253FAL3, STM32MP255AAI3, STM32MP255AAK3, STM32MP255AAL3, STM32MP255CAI3, STM32MP255CAK3, STM32MP255CAL3, STM32MP255DAI3, STM32MP255DAK3, STM32MP255DAL3, STM32MP255FAI3, STM32MP255FAK3, STM32MP255FAL3, STM32MP257AAI3, STM32MP257AAK3, STM32MP257AAL3, STM32MP257CAI3, STM32MP257CAK3, STM32MP257CAL3, STM32MP257DAI3, STM32MP257DAK3, STM32MP257DAL3, STM32MP257F-DK, STM32MP257F-EV1, STM32MP257FAI3, STM32MP257FAK3, STM32MP257FAL3, STM32U031C6T6, STM32U031C6U6, STM32U031C8T6, STM32U031C8U6, STM32U031F4P6, STM32U031F6P6, STM32U031F8P6, STM32U031G6Y6TR, STM32U031G8Y6TR, STM32U031K4U6, STM32U031K6U6, STM32U031K8U6, STM32U031R6I6, STM32U031R6T6, STM32U031R8I6, STM32U031R8T6, STM32U073C8T6, STM32U073C8U6, STM32U073CBT6, STM32U073CBU6, STM32U073CCT6, STM32U073CCU6, STM32U073H8Y6TR, STM32U073HBY6TR, STM32U073HCY6TR, STM32U073K8U6, STM32U073KBU6, STM32U073KCU6, STM32U073M8I6, STM32U073M8T6, STM32U073MBI6, STM32U073MBT6, STM32U073MCI6, STM32U073MCT6, STM32U073R8I6, STM32U073R8T6, STM32U073RBI6, STM32U073RBT6, STM32U073RCI6, STM32U073RCT6, STM32U083C-DK, STM32U083CCT6, STM32U083CCU6, STM32U083HCY6TR, STM32U083KCU6, STM32U083MCI6, STM32U083MCT6, STM32U083RCI6, STM32U083RCT6, STM32U535CBT6, STM32U535CBT6Q, STM32U535CBU6, STM32U535CBU6Q, STM32U535CCT6, STM32U535CCT6Q, STM32U535CCU6, STM32U535CCU6Q, STM32U535CET6, STM32U535CET6Q, STM32U535CEU6, STM32U535CEU6Q, STM32U535JEY6QTR, STM32U535NCY6QTR, STM32U535NEY6QTR, STM32U535RBI6, STM32U535RBI6Q, STM32U535RBT6, STM32U535RBT6Q, STM32U535RCI6, STM32U535RCI6Q, STM32U535RCT6, STM32U535RCT6Q, STM32U535REI6, STM32U535REI6Q, STM32U535RET6, STM32U535RET6Q, STM32U535VCI6, STM32U535VCI6Q, STM32U535VCT6, STM32U535VCT6Q, STM32U535VEI6, STM32U535VEI6Q, STM32U535VET6, STM32U535VET6Q, STM32U545CET6, STM32U545CET6Q, STM32U545CEU6, STM32U545CEU6Q, STM32U545JEY6QTR, STM32U545NEY6QTR, STM32U545REI6, STM32U545REI6Q, STM32U545RET6, STM32U545RET6Q, STM32U545VEI6, STM32U545VEI6Q, STM32U545VET6, STM32U545VET6Q, STM32U595AIH6, STM32U595AIH6Q, STM32U595AJH6, STM32U595AJH6Q, STM32U595QII6, STM32U595QII6Q, STM32U595QJI6, STM32U595QJI6Q, STM32U595RIT6, STM32U595RIT6Q, STM32U595RJT6, STM32U595RJT6Q, STM32U595VIT6, STM32U595VIT6Q, STM32U595VJT6, STM32U595VJT6Q, STM32U595ZIT6, STM32U595ZIT6Q, STM32U595ZIY6QTR, STM32U595ZJT6, STM32U595ZJT6Q, STM32U595ZJY6QTR, STM32U599BJY6QTR, STM32U599NIH6Q, STM32U599NJH6Q, STM32U599VIT6Q, STM32U599VJT6, STM32U599VJT6Q, STM32U599ZIT6Q, STM32U599ZIY6QTR, STM32U599ZJT6Q, STM32U599ZJY6QTR, STM32U5A5AJH6, STM32U5A5AJH6Q, STM32U5A5QII3Q , STM32U5A5QJI6, STM32U5A5QJI6Q, STM32U5A5RJT6, STM32U5A5RJT6Q, STM32U5A5VJT6, STM32U5A5VJT6Q, STM32U5A5ZJT6, STM32U5A5ZJT6Q, STM32U5A5ZJY6QTR, STM32U5A9BJY6QTR, STM32U5A9J-DK, STM32U5A9NJH6Q, STM32U5A9VJT6Q, STM32U5A9ZJT6Q, STM32U5A9ZJY6QTR, STM32U5F7VIT6, STM32U5F7VIT6Q, STM32U5F7VJT6, STM32U5F7VJT6Q, STM32U5F9BJY6QTR, STM32U5F9NJH6Q, STM32U5F9VIT6Q, STM32U5F9VJT6Q, STM32U5F9ZIJ6QTR, STM32U5F9ZIT6Q, STM32U5F9ZJJ6QTR, STM32U5F9ZJT6Q, STM32U5G7VJT6, STM32U5G7VJT6Q, STM32U5G9BJY6QTR, STM32U5G9J-DK1, STM32U5G9J-DK2, STM32U5G9NJH6Q, STM32U5G9VJT6Q, STM32U5G9ZJJ6QTR, STM32U5G9ZJT6Q, STM32WB05KZV6TR, STM32WB05KZV7TR, STM32WB05TZF6TR, STM32WB05TZF7TR, STM32WB06CCF6TR, STM32WB06CCF7TR, STM32WB06CCV6TR, STM32WB06CCV7TR, STM32WB06KCV6TR, STM32WB06KCV7TR, STM32WB07CCF6TR, STM32WB07CCF7TR, STM32WB07CCV6TR, STM32WB07CCV7TR, STM32WB07KCV6TR, STM32WB07KCV7TR, STM32WB09KEV6TR, STM32WB09KEV7TR, STM32WB09TEF6TR, STM32WB09TEF7TR, STM32WB1MMCH6, STM32WBA50KGU6, STM32WBA50KGU6TR, STM32WBA52CEU6, STM32WBA52CEU6TR, STM32WBA52CEU7, STM32WBA52CEU7TR, STM32WBA52CGU6, STM32WBA52CGU6TR, STM32WBA52CGU6U, STM32WBA52CGU7, STM32WBA52CGU7TR, STM32WBA52KEU6, STM32WBA52KEU6TR, STM32WBA52KGU6, STM32WBA52KGU6TR, STM32WBA54CEU6, STM32WBA54CEU6TR, STM32WBA54CEU7, STM32WBA54CEU7TR, STM32WBA54CGU6, STM32WBA54CGU6TR, STM32WBA54CGU7, STM32WBA54CGU7TR, STM32WBA54KEU6, STM32WBA54KEU6TR, STM32WBA54KEU7, STM32WBA54KEU7TR, STM32WBA54KGU6, STM32WBA54KGU6TR, STM32WBA54KGU7, STM32WBA54KGU7TR, STM32WBA55CEU6, STM32WBA55CEU6TR, STM32WBA55CEU7, STM32WBA55CEU7TR, STM32WBA55CGU6, STM32WBA55CGU6TR, STM32WBA55CGU6U, STM32WBA55CGU7, STM32WBA55CGU7TR, STM32WBA55G-DK1, STM32WBA55HEF6, STM32WBA55HEF7, STM32WBA55HGF6, STM32WBA55HGF7, STM32WBA55UEI6, STM32WBA55UEI6TR, STM32WBA55UEI7, STM32WBA55UEI7TR, STM32WBA55UGI6, STM32WBA55UGI6TR, STM32WBA55UGI7, STM32WBA55UGI7TR, STM32WL5MOCH6, STM32WL5MOCH6TR]
2026-09-03 13:06:28,793 [INFO] DbMcus:218 - Found 5304 MCUs, 5116 are supported
2026-09-03 13:06:28,796 [INFO] ApiDb:423 - Load user favorites file C:\Users\user/.stm32cubeide/favorites.mcus.txt: 0 item(s)
2026-09-03 13:06:28,797 [INFO] ApiDb:427 - User favorites MCUs=[]
2026-09-03 13:06:28,798 [INFO] DbMcus:224 - Set 0 / 0 favorites MCUs
2026-09-03 13:06:30,041 [INFO] BoardInfo:889 - No configuration file found for board B-WBA5M-WPAN
2026-09-03 13:06:30,042 [INFO] DbBoards:161 - Board is not supported: B-WBA5M-WPAN
2026-09-03 13:06:30,053 [INFO] BoardInfo:889 - No configuration file found for board NUCLEO-C051C8
2026-09-03 13:06:30,054 [INFO] DbBoards:161 - Board is not supported: NUCLEO-C051C8
2026-09-03 13:06:30,060 [INFO] BoardInfo:889 - No configuration file found for board NUCLEO-C092RC
2026-09-03 13:06:30,061 [INFO] DbBoards:161 - Board is not supported: NUCLEO-C092RC
2026-09-03 13:06:30,188 [INFO] BoardInfo:889 - No configuration file found for board NUCLEO-H553ZG
2026-09-03 13:06:30,189 [INFO] DbBoards:161 - Board is not supported: NUCLEO-H553ZG
2026-09-03 13:06:30,194 [INFO] BoardInfo:889 - No configuration file found for board NUCLEO-H5E5ZJ
2026-09-03 13:06:30,195 [INFO] DbBoards:161 - Board is not supported: NUCLEO-H5E5ZJ
2026-09-03 13:06:30,303 [INFO] BoardInfo:889 - No configuration file found for board NUCLEO-N657X0-Q
2026-09-03 13:06:30,304 [INFO] DbBoards:161 - Board is not supported: NUCLEO-N657X0-Q
2026-09-03 13:06:30,314 [INFO] BoardInfo:889 - No configuration file found for board NUCLEO-U385RG-Q
2026-09-03 13:06:30,315 [INFO] DbBoards:161 - Board is not supported: NUCLEO-U385RG-Q
2026-09-03 13:06:30,318 [INFO] BoardInfo:889 - No configuration file found for board NUCLEO-U3C5ZI-Q
2026-09-03 13:06:30,341 [INFO] DbBoards:161 - Board is not supported: NUCLEO-U3C5ZI-Q
2026-09-03 13:06:30,375 [INFO] BoardInfo:889 - No configuration file found for board NUCLEO-WBA25CE1
2026-09-03 13:06:30,376 [INFO] DbBoards:161 - Board is not supported: NUCLEO-WBA25CE1
2026-09-03 13:06:30,388 [INFO] BoardInfo:889 - No configuration file found for board NUCLEO-WBA65RI
2026-09-03 13:06:30,390 [INFO] DbBoards:161 - Board is not supported: NUCLEO-WBA65RI
2026-09-03 13:06:30,394 [INFO] BoardInfo:889 - No configuration file found for board NUCLEO-WL33CC1
2026-09-03 13:06:30,395 [INFO] DbBoards:161 - Board is not supported: NUCLEO-WL33CC1
2026-09-03 13:06:30,400 [INFO] BoardInfo:889 - No configuration file found for board NUCLEO-WL33CC2
2026-09-03 13:06:30,401 [INFO] DbBoards:161 - Board is not supported: NUCLEO-WL33CC2
2026-09-03 13:06:30,405 [INFO] BoardInfo:889 - No configuration file found for board NUCLEO-WL3RKB1
2026-09-03 13:06:30,406 [INFO] DbBoards:161 - Board is not supported: NUCLEO-WL3RKB1
2026-09-03 13:06:30,411 [INFO] BoardInfo:889 - No configuration file found for board NUCLEO-WL3RKB2
2026-09-03 13:06:30,412 [INFO] DbBoards:161 - Board is not supported: NUCLEO-WL3RKB2
2026-09-03 13:06:30,431 [INFO] BoardInfo:889 - No configuration file found for board P-NUCLEO-WB55
2026-09-03 13:06:30,432 [INFO] DbBoards:161 - Kit is not supported: P-NUCLEO-WB55
2026-09-03 13:06:30,447 [INFO] BoardInfo:889 - No configuration file found for board STEVAL-BFA001V1B
2026-09-03 13:06:30,448 [INFO] DbBoards:161 - Kit is not supported: STEVAL-BFA001V1B
2026-09-03 13:06:30,451 [INFO] BoardInfo:889 - No configuration file found for board STEVAL-BFA001V2B
2026-09-03 13:06:30,452 [INFO] DbBoards:161 - Kit is not supported: STEVAL-BFA001V2B
2026-09-03 13:06:30,664 [INFO] BoardInfo:889 - No configuration file found for board STM32H5F5J-DK
2026-09-03 13:06:30,665 [INFO] DbBoards:161 - Board is not supported: STM32H5F5J-DK
2026-09-03 13:06:30,801 [INFO] BoardInfo:889 - No configuration file found for board STM32MP215F-DK
2026-09-03 13:06:30,801 [INFO] DbBoards:161 - Board is not supported: STM32MP215F-DK
2026-09-03 13:06:30,811 [INFO] BoardInfo:889 - No configuration file found for board STM32N6570-DK
2026-09-03 13:06:30,816 [INFO] DbBoards:161 - Board is not supported: STM32N6570-DK
2026-09-03 13:06:30,845 [INFO] BoardInfo:889 - No configuration file found for board STM32WBA65I-DK1
2026-09-03 13:06:30,846 [INFO] DbBoards:161 - Board is not supported: STM32WBA65I-DK1
2026-09-03 13:06:30,846 [INFO] DbBoards:168 - Found 219 boards, 198 are supported
2026-09-03 13:06:30,846 [INFO] DbBoards:169 - Found 219 boards, 25 of them is supported for  Bsp
2026-09-03 13:06:30,854 [INFO] ApiDb:423 - Load user favorites file C:\Users\user/.stm32cubeide/favorites.boards.txt: 0 item(s)
2026-09-03 13:06:30,854 [INFO] ApiDb:427 - User favorites Boards=[]
2026-09-03 13:06:30,855 [INFO] DbBoards:198 - Set 0 / 0 favorites Boards
2026-09-03 13:06:30,855 [INFO] McuFinderGlobals:76 - Set McuFinderConnectedMode to true
2026-09-03 13:06:30,869 [INFO] MultiScanPanel:200 - Auto-refresh data requested => check proxy status ongoing
2026-09-03 13:06:30,876 [INFO] FinderPluginLoader:95 - Searching for filters in installed packs
2026-09-03 13:06:36,482 [INFO] ServerAccessManage:473 - Download File 
2026-09-03 13:06:36,543 [INFO] LoadUrlFilesThread:185 - End of LoadServerUrlFiles without Thread
2026-09-03 13:06:36,573 [INFO] DetailPanel:341 - Set advertising image to C:/Users/user/STM32Cube/Repository/\en.stm32h5cubemxbanner.png
2026-09-03 13:06:40,021 [INFO] WebApp:189 - Connection lost
2026-09-03 13:06:40,810 [INFO] WebApp:186 - Connection restablished
2026-09-03 13:07:15,025 [INFO] WebApp:189 - Connection lost
2026-09-03 13:07:15,469 [INFO] WebApp:186 - Connection restablished
2026-09-03 13:08:00,014 [INFO] WebApp:189 - Connection lost
2026-09-03 13:08:00,541 [INFO] WebApp:186 - Connection restablished
2026-09-03 13:08:53,001 [INFO] WebApp:189 - Connection lost
2026-09-03 13:08:53,389 [INFO] WebApp:186 - Connection restablished
2026-09-03 13:10:06,041 [INFO] MainUpdater:2873 - connection check result : 10
2026-09-03 13:10:06,041 [INFO] McuFinderGlobals:76 - Set McuFinderConnectedMode to true
2026-09-03 13:10:06,861 [INFO] ServerAccessManage:473 - Download File mcusAds.json._tmp_
2026-09-03 13:10:07,013 [INFO] LoadUrlFilesThread:156 - End of LoadUrlFiles Thread
2026-09-03 13:10:07,520 [INFO] ServerAccessManage:473 - Download File cube-finder-db.zip
2026-09-03 13:10:23,172 [INFO] FileExtend:240 - Unzip File : cube-finder-db.zip
2026-09-03 13:10:23,172 [INFO] FileExtend:255 - Standard Zip Deflate
2026-09-03 13:10:25,234 [INFO] LoadUrlFilesThread:156 - End of LoadUrlFiles Thread
2026-09-03 13:10:33,506 [INFO] WebApp:189 - Connection lost
2026-09-03 13:10:33,906 [INFO] WebApp:186 - Connection restablished
2026-09-03 13:10:46,505 [ERROR] ServerAccessManage:1172 - Problem during Server Connection :  IO error Connection timed out: getsockopt
2026-09-03 13:10:46,506 [ERROR] ServerAccessManage:651 - Problem during Server Connection :  : crdb.zip.
2026-09-03 13:10:51,512 [INFO] LoadUrlFilesThread:156 - End of LoadUrlFiles Thread
2026-09-03 13:10:53,671 [INFO] DbMcusAds:53 - JSON generation date=Wed Jul 15 15:14:54 IST 2026 (1784108694001)
2026-09-03 13:10:53,682 [INFO] ApiDb:448 - Save user favorites file C:\Users\user/.stm32cubeide/favorites.mcus.txt: 0 item(s)
2026-09-03 13:10:53,683 [INFO] ApiDb:452 - User favorites MCUs=[]
2026-09-03 13:10:53,688 [INFO] ApiDb:581 - Connected to CubeFinder SQLite database (C:\Users\user\.stmcufinder\plugins\mcufinder\mcu\cube-finder-db.db)
2026-09-03 13:10:53,921 [INFO] ApiDb:668 - CubeFinder database Data Model version=2.1
2026-09-03 13:10:53,921 [INFO] ApiDb:669 - CubeFinder database Configuration version=3.0.42
2026-09-03 13:10:53,923 [INFO] ApiDb:670 - CubeFinder database generation date=2026-08-04 (1785840812)
2026-09-03 13:10:53,923 [INFO] ApiDb:671 - CubeFinder database FW Pack versions=[FP-ATR-ASTRA1_V2.0.0, FP-SNS-FLIGHT1_V5.1.0, FP-SNS-MOTENV1_V5.1.0, FP-SNS-MOTENVWB1_V1.5.0, FP-SNS-SMARTAG2_V1.2.0, FP-SNS-STBOX1_V2.1.0, STM32Cube_FW_C0_V1.4.1, STM32Cube_FW_F4_V1.28.3, STM32Cube_FW_F7_V1.17.4, STM32Cube_FW_G0_V1.6.3, STM32Cube_FW_G4_V1.6.2, STM32Cube_FW_H5_V1.7.0, STM32Cube_FW_H7RS_V1.3.0, STM32Cube_FW_H7_V1.13.0, STM32Cube_FW_L0_V1.12.2, STM32Cube_FW_L4_V1.18.2, STM32Cube_FW_L5_V1.6.0, STM32Cube_FW_N6_V1.4.0, STM32Cube_FW_U0_V1.3.0, STM32Cube_FW_U3_V1.4.0, STM32Cube_FW_U5_V1.9.0, STM32Cube_FW_WB0_V1.5.0, STM32Cube_FW_WBA_V1.10.0, STM32Cube_FW_WB_V1.24.0, STM32Cube_FW_WL3_V1.5.0, STM32Cube_FW_WL_V1.6.0, X-CUBE-ALGOBUILD_V1.5.0, X-CUBE-ALS_V1.0.2, X-CUBE-AZRTOS-F4_V1.1.0, X-CUBE-AZRTOS-F7_V1.1.0, X-CUBE-AZRTOS-G0_V1.1.0, X-CUBE-AZRTOS-G4_V2.0.0, X-CUBE-AZRTOS-H7RS_V1.3.0, X-CUBE-AZRTOS-H7_V3.5.0, X-CUBE-AZRTOS-L4_V2.0.0, X-CUBE-AZRTOS-L5_V2.0.0, X-CUBE-AZRTOS-WB_V2.0.0, X-CUBE-AZRTOS-WL_V2.0.0, X-CUBE-BLE1_V7.1.0, X-CUBE-BLE2_V3.3.0, X-CUBE-BLEMGR_V4.2.0, X-CUBE-EEPRMA1_V5.2.0, X-CUBE-FREERTOS_V1.6.0, X-CUBE-GNSS1_V7.1.1, X-CUBE-MEMS1_V13.0.0, X-CUBE-NFC4_V3.0.0, X-CUBE-NFC7_V2.0.0, X-CUBE-SFXS2LP1_V4.0.0, X-CUBE-ST67W61_V1.3.0, X-CUBE-SUBG2_V5.0.0, X-CUBE-TOF1_V3.4.3]
2026-09-03 13:11:01,044 [INFO] ApiDb:240 - Found 646 in-development CPN: [B-G473E-ZEST1S, B-WB1M-WPAN1, B-WL5M-SUBG1, NUCLEO-C031C6, NUCLEO-C071RB, NUCLEO-H503RB, NUCLEO-H533RE, NUCLEO-H563ZI, NUCLEO-H7S3L8, NUCLEO-U031R8, NUCLEO-U083RC, NUCLEO-U545RE-Q, NUCLEO-U5A5ZJ-Q, NUCLEO-WB05KZ, NUCLEO-WB07CC, NUCLEO-WB09KE, NUCLEO-WBA52CG, NUCLEO-WBA55CG, STEVAL-PROTEUS1, STEVAL-SMARTAG2, STEVAL-STWINBX1, STM320518-EVAL, STM32C0116-DK, STM32C011D6Y3TR, STM32C011D6Y6TR, STM32C011F4P3, STM32C011F4P6, STM32C011F4U3, STM32C011F4U6TR, STM32C011F6P3, STM32C011F6P6, STM32C011F6U3, STM32C011F6U6TR, STM32C011J4M3, STM32C011J4M6, STM32C011J6M3, STM32C011J6M6, STM32C0316-DK, STM32C031C4T3, STM32C031C4T6, STM32C031C4U3, STM32C031C4U6, STM32C031C6T3, STM32C031C6T6, STM32C031C6U3, STM32C031C6U6, STM32C031F4P3, STM32C031F4P6, STM32C031F6P3, STM32C031F6P6, STM32C031G4U3, STM32C031G4U6, STM32C031G6U3, STM32C031G6U6, STM32C031K4T3, STM32C031K4T6, STM32C031K4U3, STM32C031K4U6, STM32C031K6T3, STM32C031K6T6, STM32C031K6U3, STM32C031K6U6, STM32C071C8T6, STM32C071C8T6N, STM32C071C8U6, STM32C071C8U6N, STM32C071CBT6, STM32C071CBT6N, STM32C071CBU6, STM32C071CBU6N, STM32C071F8P6, STM32C071F8P6N, STM32C071FBP6, STM32C071FBP6N, STM32C071FBY6TR, STM32C071G8U6, STM32C071G8U6N, STM32C071GBU6, STM32C071GBU6N, STM32C071K8T6, STM32C071K8T6N, STM32C071K8U6, STM32C071K8U6N, STM32C071KBT6, STM32C071KBT6N, STM32C071KBU6, STM32C071KBU6N, STM32C071R8T6, STM32C071R8T6N, STM32C071RBI6N, STM32C071RBT6, STM32C071RBT6N, STM32G071K8TXN, STM32G071K8UXN, STM32G081GBU6N, STM32G081KBT6N, STM32G081KBUXN, STM32G0B1CCT6N, STM32G0B1KCT6, STM32G0B1NEY6TR, STM32G0B1RCT6N, STM32G0C1CCT6, STM32G0C1CCT6N, STM32G0C1CCU6N, STM32G0C1CET6N, STM32G0C1CEU6N, STM32G0C1KCT6, STM32G0C1NEY6TR, STM32G0C1RCI6N, STM32G0C1RCT6N, STM32G0C1REI6N, STM32G0C1RET6N, STM32G0C1VCI6, STM32G0C1VEI6, STM32G411C6T3, STM32G411C6T6, STM32G411C6U3, STM32G411C6U6, STM32G411C8T3, STM32G411C8T6, STM32G411C8U3, STM32G411C8U6, STM32G411CBT3, STM32G411CBT6, STM32G411CBU3, STM32G411CBU6, STM32G411K6T3, STM32G411K6T6, STM32G411K6U3, STM32G411K6U6, STM32G411K8T3, STM32G411K8T6, STM32G411K8U3, STM32G411K8U6, STM32G411KBT3, STM32G411KBT6, STM32G411KBU3, STM32G411KBU6, STM32G411M6T3, STM32G411M6T6, STM32G411M8T3, STM32G411M8T6, STM32G411MBT3, STM32G411MBT6, STM32G411R6T3, STM32G411R6T6, STM32G411R8T3, STM32G411R8T6, STM32G411RBT3, STM32G411RBT6, STM32G414CBT3, STM32G414CBT6, STM32G414CBU3, STM32G414CBU6, STM32G414CCT3, STM32G414CCT6, STM32G414CCU3, STM32G414CCU6, STM32G414MBT3, STM32G414MBT6, STM32G414MCT3, STM32G414MCT6, STM32G414RBT3, STM32G414RBT6, STM32G414RCT3, STM32G414RCT6, STM32G414VBT3, STM32G414VBT6, STM32G414VCT3, STM32G414VCT6, STM32G431CBT3Z, STM32G431RBT3Z, STM32G471CCT6, STM32G471CCU6, STM32G471CET3, STM32G471CET6, STM32G471CEU3, STM32G471CEU6, STM32G471MCT6, STM32G471MET3, STM32G471MET6, STM32G471MEY6TR, STM32G471QCT6, STM32G471QET3, STM32G471RCT6, STM32G471RET3, STM32G471RET6, STM32G471VCH6, STM32G471VCI6, STM32G471VCT6, STM32G471VEH3, STM32G471VEH6, STM32G471VEI3, STM32G471VEI6, STM32G471VET3, STM32G471VET6, STM32G473QET3Z, STM32G473RET3Z, STM32G474CCT6, STM32G491RET3Z, STM32H503CBT6, STM32H503CBU6, STM32H503EBY6TR, STM32H503KBU6, STM32H503RBT6, STM32H523CCT6, STM32H523CCU6, STM32H523CET6, STM32H523CEU6, STM32H523HEY6TR, STM32H523RCT6, STM32H523RET6, STM32H523VCI6, STM32H523VCT6, STM32H523VEI6, STM32H523VET6, STM32H523ZCJ6, STM32H523ZCT6, STM32H523ZEJ6, STM32H523ZET6, STM32H533CET6, STM32H533CEU6, STM32H533HEY6TR, STM32H533RET6, STM32H533VEI6, STM32H533VET6, STM32H533ZEJ6, STM32H533ZET6, STM32H562AGI6, STM32H562AII6, STM32H562IGK6, STM32H562IGT6, STM32H562IIK6, STM32H562IIT6, STM32H562RGT6, STM32H562RGV6, STM32H562RIT6, STM32H562RIV6, STM32H562VGT6, STM32H562VIT6, STM32H562ZGT6, STM32H562ZIT6, STM32H563AGI6, STM32H563AII3Q, STM32H563AII6, STM32H563IGK6, STM32H563IGT6, STM32H563IIK3Q, STM32H563IIK6, STM32H563IIT3Q, STM32H563IIT6, STM32H563MIY3QTR, STM32H563RGT6, STM32H563RGV6, STM32H563RIT6, STM32H563RIV6, STM32H563VGT6, STM32H563VIT3Q, STM32H563VIT6, STM32H563ZGT6, STM32H563ZIT3Q, STM32H563ZIT6, STM32H573AII3Q, STM32H573AII6, STM32H573I-DK, STM32H573IIK3Q, STM32H573IIK6, STM32H573IIT3Q, STM32H573IIT6, STM32H573MIY3QTR, STM32H573RIT6, STM32H573RIV6, STM32H573VIT3Q, STM32H573VIT6, STM32H573ZIT3Q, STM32H573ZIT6, STM32H7R3A8I6, STM32H7R3I8K6, STM32H7R3I8T6, STM32H7R3L8H6, STM32H7R3L8H6H, STM32H7R3R8V6, STM32H7R3V8H6, STM32H7R3V8T6, STM32H7R3V8Y6TR, STM32H7R3Z8J6, STM32H7R3Z8T6, STM32H7R7A8I6, STM32H7R7I8K6, STM32H7R7I8T6, STM32H7R7L8H6, STM32H7R7L8H6H, STM32H7R7Z8J6, STM32H7S3A8I6, STM32H7S3I8K6, STM32H7S3I8T6, STM32H7S3L8H6, STM32H7S3L8H6H, STM32H7S3R8V6, STM32H7S3V8H6, STM32H7S3V8T6, STM32H7S3V8Y6TR, STM32H7S3Z8J6, STM32H7S3Z8T6, STM32H7S78-DK, STM32H7S7A8I6, STM32H7S7I8K6, STM32H7S7I8T6, STM32H7S7L8H6, STM32H7S7L8H6H, STM32H7S7Z8J6, STM32L4R5QGI6STR, STM32MP131AAE3, STM32MP131AAF3, STM32MP131AAG3, STM32MP131CAE3, STM32MP131CAF3, STM32MP131CAG3, STM32MP131DAE7, STM32MP131DAF7, STM32MP131DAG7, STM32MP131FAE7, STM32MP131FAF7, STM32MP131FAG7, STM32MP133AAE3, STM32MP133AAF3, STM32MP133AAG3, STM32MP133CAE3, STM32MP133CAF3, STM32MP133CAG3, STM32MP133DAE7, STM32MP133DAF7, STM32MP133DAG7, STM32MP133FAE7, STM32MP133FAF7, STM32MP133FAG7, STM32MP135AAE3, STM32MP135AAF3, STM32MP135AAG3, STM32MP135CAE3, STM32MP135CAF3, STM32MP135CAG3, STM32MP135DAE7, STM32MP135DAF7, STM32MP135DAG7, STM32MP135F-DK, STM32MP135FAE7, STM32MP135FAF7, STM32MP135FAF7T, STM32MP135FAF7U, STM32MP135FAG7, STM32MP251AAI3, STM32MP251AAK3, STM32MP251AAL3, STM32MP251CAI3, STM32MP251CAK3, STM32MP251CAL3, STM32MP251DAI3, STM32MP251DAK3, STM32MP251DAL3, STM32MP251FAI3, STM32MP251FAK3, STM32MP251FAL3, STM32MP253AAI3, STM32MP253AAK3, STM32MP253AAL3, STM32MP253CAI3, STM32MP253CAK3, STM32MP253CAL3, STM32MP253DAI3, STM32MP253DAK3, STM32MP253DAL3, STM32MP253FAI3, STM32MP253FAK3, STM32MP253FAL3, STM32MP255AAI3, STM32MP255AAK3, STM32MP255AAL3, STM32MP255CAI3, STM32MP255CAK3, STM32MP255CAL3, STM32MP255DAI3, STM32MP255DAK3, STM32MP255DAL3, STM32MP255FAI3, STM32MP255FAK3, STM32MP255FAL3, STM32MP257AAI3, STM32MP257AAK3, STM32MP257AAL3, STM32MP257CAI3, STM32MP257CAK3, STM32MP257CAL3, STM32MP257DAI3, STM32MP257DAK3, STM32MP257DAL3, STM32MP257F-DK, STM32MP257F-EV1, STM32MP257FAI3, STM32MP257FAK3, STM32MP257FAL3, STM32U031C6T6, STM32U031C6U6, STM32U031C8T6, STM32U031C8U6, STM32U031F4P6, STM32U031F6P6, STM32U031F8P6, STM32U031G6Y6TR, STM32U031G8Y6TR, STM32U031K4U6, STM32U031K6U6, STM32U031K8U6, STM32U031R6I6, STM32U031R6T6, STM32U031R8I6, STM32U031R8T6, STM32U073C8T6, STM32U073C8U6, STM32U073CBT6, STM32U073CBU6, STM32U073CCT6, STM32U073CCU6, STM32U073H8Y6TR, STM32U073HBY6TR, STM32U073HCY6TR, STM32U073K8U6, STM32U073KBU6, STM32U073KCU6, STM32U073M8I6, STM32U073M8T6, STM32U073MBI6, STM32U073MBT6, STM32U073MCI6, STM32U073MCT6, STM32U073R8I6, STM32U073R8T6, STM32U073RBI6, STM32U073RBT6, STM32U073RCI6, STM32U073RCT6, STM32U083C-DK, STM32U083CCT6, STM32U083CCU6, STM32U083HCY6TR, STM32U083KCU6, STM32U083MCI6, STM32U083MCT6, STM32U083RCI6, STM32U083RCT6, STM32U535CBT6, STM32U535CBT6Q, STM32U535CBU6, STM32U535CBU6Q, STM32U535CCT6, STM32U535CCT6Q, STM32U535CCU6, STM32U535CCU6Q, STM32U535CET6, STM32U535CET6Q, STM32U535CEU6, STM32U535CEU6Q, STM32U535JEY6QTR, STM32U535NCY6QTR, STM32U535NEY6QTR, STM32U535RBI6, STM32U535RBI6Q, STM32U535RBT6, STM32U535RBT6Q, STM32U535RCI6, STM32U535RCI6Q, STM32U535RCT6, STM32U535RCT6Q, STM32U535REI6, STM32U535REI6Q, STM32U535RET6, STM32U535RET6Q, STM32U535VCI6, STM32U535VCI6Q, STM32U535VCT6, STM32U535VCT6Q, STM32U535VEI6, STM32U535VEI6Q, STM32U535VET6, STM32U535VET6Q, STM32U545CET6, STM32U545CET6Q, STM32U545CEU6, STM32U545CEU6Q, STM32U545JEY6QTR, STM32U545NEY6QTR, STM32U545REI6, STM32U545REI6Q, STM32U545RET6, STM32U545RET6Q, STM32U545VEI6, STM32U545VEI6Q, STM32U545VET6, STM32U545VET6Q, STM32U595AIH6, STM32U595AIH6Q, STM32U595AJH6, STM32U595AJH6Q, STM32U595QII6, STM32U595QII6Q, STM32U595QJI6, STM32U595QJI6Q, STM32U595RIT6, STM32U595RIT6Q, STM32U595RJT6, STM32U595RJT6Q, STM32U595VIT6, STM32U595VIT6Q, STM32U595VJT6, STM32U595VJT6Q, STM32U595ZIT6, STM32U595ZIT6Q, STM32U595ZIY6QTR, STM32U595ZJT6, STM32U595ZJT6Q, STM32U595ZJY6QTR, STM32U599BJY6QTR, STM32U599NIH6Q, STM32U599NJH6Q, STM32U599VIT6Q, STM32U599VJT6, STM32U599VJT6Q, STM32U599ZIT6Q, STM32U599ZIY6QTR, STM32U599ZJT6Q, STM32U599ZJY6QTR, STM32U5A5AJH6, STM32U5A5AJH6Q, STM32U5A5QII3Q , STM32U5A5QJI6, STM32U5A5QJI6Q, STM32U5A5RJT6, STM32U5A5RJT6Q, STM32U5A5VJT6, STM32U5A5VJT6Q, STM32U5A5ZJT6, STM32U5A5ZJT6Q, STM32U5A5ZJY6QTR, STM32U5A9BJY6QTR, STM32U5A9J-DK, STM32U5A9NJH6Q, STM32U5A9VJT6Q, STM32U5A9ZJT6Q, STM32U5A9ZJY6QTR, STM32U5F7VIT6, STM32U5F7VIT6Q, STM32U5F7VJT6, STM32U5F7VJT6Q, STM32U5F9BJY6QTR, STM32U5F9NJH6Q, STM32U5F9VIT6Q, STM32U5F9VJT6Q, STM32U5F9ZIJ6QTR, STM32U5F9ZIT6Q, STM32U5F9ZJJ6QTR, STM32U5F9ZJT6Q, STM32U5G7VJT6, STM32U5G7VJT6Q, STM32U5G9BJY6QTR, STM32U5G9J-DK1, STM32U5G9J-DK2, STM32U5G9NJH6Q, STM32U5G9VJT6Q, STM32U5G9ZJJ6QTR, STM32U5G9ZJT6Q, STM32WB05KZV6TR, STM32WB05KZV7TR, STM32WB05TZF6TR, STM32WB05TZF7TR, STM32WB06CCF6TR, STM32WB06CCF7TR, STM32WB06CCV6TR, STM32WB06CCV7TR, STM32WB06KCV6TR, STM32WB06KCV7TR, STM32WB07CCF6TR, STM32WB07CCF7TR, STM32WB07CCV6TR, STM32WB07CCV7TR, STM32WB07KCV6TR, STM32WB07KCV7TR, STM32WB09KEV6TR, STM32WB09KEV7TR, STM32WB09TEF6TR, STM32WB09TEF7TR, STM32WB1MMCH6, STM32WBA50KGU6, STM32WBA50KGU6TR, STM32WBA52CEU6, STM32WBA52CEU6TR, STM32WBA52CEU7, STM32WBA52CEU7TR, STM32WBA52CGU6, STM32WBA52CGU6TR, STM32WBA52CGU6U, STM32WBA52CGU7, STM32WBA52CGU7TR, STM32WBA52KEU6, STM32WBA52KEU6TR, STM32WBA52KGU6, STM32WBA52KGU6TR, STM32WBA54CEU6, STM32WBA54CEU6TR, STM32WBA54CEU7, STM32WBA54CEU7TR, STM32WBA54CGU6, STM32WBA54CGU6TR, STM32WBA54CGU7, STM32WBA54CGU7TR, STM32WBA54KEU6, STM32WBA54KEU6TR, STM32WBA54KEU7, STM32WBA54KEU7TR, STM32WBA54KGU6, STM32WBA54KGU6TR, STM32WBA54KGU7, STM32WBA54KGU7TR, STM32WBA55CEU6, STM32WBA55CEU6TR, STM32WBA55CEU7, STM32WBA55CEU7TR, STM32WBA55CGU6, STM32WBA55CGU6TR, STM32WBA55CGU6U, STM32WBA55CGU7, STM32WBA55CGU7TR, STM32WBA55G-DK1, STM32WBA55HEF6, STM32WBA55HEF7, STM32WBA55HGF6, STM32WBA55HGF7, STM32WBA55UEI6, STM32WBA55UEI6TR, STM32WBA55UEI7, STM32WBA55UEI7TR, STM32WBA55UGI6, STM32WBA55UGI6TR, STM32WBA55UGI7, STM32WBA55UGI7TR, STM32WL5MOCH6, STM32WL5MOCH6TR]
2026-09-03 13:11:01,053 [INFO] DbMcus:218 - Found 5304 MCUs, 5116 are supported
2026-09-03 13:11:01,055 [INFO] ApiDb:423 - Load user favorites file C:\Users\user/.stm32cubeide/favorites.mcus.txt: 0 item(s)
2026-09-03 13:11:01,056 [INFO] ApiDb:427 - User favorites MCUs=[]
2026-09-03 13:11:01,056 [INFO] DbMcus:224 - Set 0 / 0 favorites MCUs
2026-09-03 13:11:04,717 [INFO] ApiDb:448 - Save user favorites file C:\Users\user/.stm32cubeide/favorites.boards.txt: 0 item(s)
2026-09-03 13:11:04,717 [INFO] ApiDb:452 - User favorites Boards=[]
2026-09-03 13:11:04,721 [INFO] ApiDb:581 - Connected to CubeFinder SQLite database (C:\Users\user\.stmcufinder\plugins\mcufinder\mcu\cube-finder-db.db)
2026-09-03 13:11:04,918 [INFO] ApiDb:668 - CubeFinder database Data Model version=2.1
2026-09-03 13:11:04,919 [INFO] ApiDb:669 - CubeFinder database Configuration version=3.0.42
2026-09-03 13:11:04,919 [INFO] ApiDb:670 - CubeFinder database generation date=2026-08-04 (1785840812)
2026-09-03 13:11:04,919 [INFO] ApiDb:671 - CubeFinder database FW Pack versions=[FP-ATR-ASTRA1_V2.0.0, FP-SNS-FLIGHT1_V5.1.0, FP-SNS-MOTENV1_V5.1.0, FP-SNS-MOTENVWB1_V1.5.0, FP-SNS-SMARTAG2_V1.2.0, FP-SNS-STBOX1_V2.1.0, STM32Cube_FW_C0_V1.4.1, STM32Cube_FW_F4_V1.28.3, STM32Cube_FW_F7_V1.17.4, STM32Cube_FW_G0_V1.6.3, STM32Cube_FW_G4_V1.6.2, STM32Cube_FW_H5_V1.7.0, STM32Cube_FW_H7RS_V1.3.0, STM32Cube_FW_H7_V1.13.0, STM32Cube_FW_L0_V1.12.2, STM32Cube_FW_L4_V1.18.2, STM32Cube_FW_L5_V1.6.0, STM32Cube_FW_N6_V1.4.0, STM32Cube_FW_U0_V1.3.0, STM32Cube_FW_U3_V1.4.0, STM32Cube_FW_U5_V1.9.0, STM32Cube_FW_WB0_V1.5.0, STM32Cube_FW_WBA_V1.10.0, STM32Cube_FW_WB_V1.24.0, STM32Cube_FW_WL3_V1.5.0, STM32Cube_FW_WL_V1.6.0, X-CUBE-ALGOBUILD_V1.5.0, X-CUBE-ALS_V1.0.2, X-CUBE-AZRTOS-F4_V1.1.0, X-CUBE-AZRTOS-F7_V1.1.0, X-CUBE-AZRTOS-G0_V1.1.0, X-CUBE-AZRTOS-G4_V2.0.0, X-CUBE-AZRTOS-H7RS_V1.3.0, X-CUBE-AZRTOS-H7_V3.5.0, X-CUBE-AZRTOS-L4_V2.0.0, X-CUBE-AZRTOS-L5_V2.0.0, X-CUBE-AZRTOS-WB_V2.0.0, X-CUBE-AZRTOS-WL_V2.0.0, X-CUBE-BLE1_V7.1.0, X-CUBE-BLE2_V3.3.0, X-CUBE-BLEMGR_V4.2.0, X-CUBE-EEPRMA1_V5.2.0, X-CUBE-FREERTOS_V1.6.0, X-CUBE-GNSS1_V7.1.1, X-CUBE-MEMS1_V13.0.0, X-CUBE-NFC4_V3.0.0, X-CUBE-NFC7_V2.0.0, X-CUBE-SFXS2LP1_V4.0.0, X-CUBE-ST67W61_V1.3.0, X-CUBE-SUBG2_V5.0.0, X-CUBE-TOF1_V3.4.3]
2026-09-03 13:11:05,049 [INFO] DbBoardsSqlite:226 - include board P-NUCLEO-WB55-NUCLEO as a kit item of type 'Nucleo-64'
2026-09-03 13:11:05,049 [INFO] DbBoardsSqlite:226 - include board P-NUCLEO-WB55-USBDONGLE as a kit item of type 'Nucleo USB Dongle'
2026-09-03 13:11:05,050 [INFO] DbBoardsSqlite:226 - include board STEVAL-IDP005V1 as a kit item of type 'Evaluation Board'
2026-09-03 13:11:05,050 [INFO] DbBoardsSqlite:226 - include board STEVAL-IDP005V2 as a kit item of type 'Evaluation Board'
2026-09-03 13:11:05,206 [INFO] ApiDb:240 - Found 646 in-development CPN: [B-G473E-ZEST1S, B-WB1M-WPAN1, B-WL5M-SUBG1, NUCLEO-C031C6, NUCLEO-C071RB, NUCLEO-H503RB, NUCLEO-H533RE, NUCLEO-H563ZI, NUCLEO-H7S3L8, NUCLEO-U031R8, NUCLEO-U083RC, NUCLEO-U545RE-Q, NUCLEO-U5A5ZJ-Q, NUCLEO-WB05KZ, NUCLEO-WB07CC, NUCLEO-WB09KE, NUCLEO-WBA52CG, NUCLEO-WBA55CG, STEVAL-PROTEUS1, STEVAL-SMARTAG2, STEVAL-STWINBX1, STM320518-EVAL, STM32C0116-DK, STM32C011D6Y3TR, STM32C011D6Y6TR, STM32C011F4P3, STM32C011F4P6, STM32C011F4U3, STM32C011F4U6TR, STM32C011F6P3, STM32C011F6P6, STM32C011F6U3, STM32C011F6U6TR, STM32C011J4M3, STM32C011J4M6, STM32C011J6M3, STM32C011J6M6, STM32C0316-DK, STM32C031C4T3, STM32C031C4T6, STM32C031C4U3, STM32C031C4U6, STM32C031C6T3, STM32C031C6T6, STM32C031C6U3, STM32C031C6U6, STM32C031F4P3, STM32C031F4P6, STM32C031F6P3, STM32C031F6P6, STM32C031G4U3, STM32C031G4U6, STM32C031G6U3, STM32C031G6U6, STM32C031K4T3, STM32C031K4T6, STM32C031K4U3, STM32C031K4U6, STM32C031K6T3, STM32C031K6T6, STM32C031K6U3, STM32C031K6U6, STM32C071C8T6, STM32C071C8T6N, STM32C071C8U6, STM32C071C8U6N, STM32C071CBT6, STM32C071CBT6N, STM32C071CBU6, STM32C071CBU6N, STM32C071F8P6, STM32C071F8P6N, STM32C071FBP6, STM32C071FBP6N, STM32C071FBY6TR, STM32C071G8U6, STM32C071G8U6N, STM32C071GBU6, STM32C071GBU6N, STM32C071K8T6, STM32C071K8T6N, STM32C071K8U6, STM32C071K8U6N, STM32C071KBT6, STM32C071KBT6N, STM32C071KBU6, STM32C071KBU6N, STM32C071R8T6, STM32C071R8T6N, STM32C071RBI6N, STM32C071RBT6, STM32C071RBT6N, STM32G071K8TXN, STM32G071K8UXN, STM32G081GBU6N, STM32G081KBT6N, STM32G081KBUXN, STM32G0B1CCT6N, STM32G0B1KCT6, STM32G0B1NEY6TR, STM32G0B1RCT6N, STM32G0C1CCT6, STM32G0C1CCT6N, STM32G0C1CCU6N, STM32G0C1CET6N, STM32G0C1CEU6N, STM32G0C1KCT6, STM32G0C1NEY6TR, STM32G0C1RCI6N, STM32G0C1RCT6N, STM32G0C1REI6N, STM32G0C1RET6N, STM32G0C1VCI6, STM32G0C1VEI6, STM32G411C6T3, STM32G411C6T6, STM32G411C6U3, STM32G411C6U6, STM32G411C8T3, STM32G411C8T6, STM32G411C8U3, STM32G411C8U6, STM32G411CBT3, STM32G411CBT6, STM32G411CBU3, STM32G411CBU6, STM32G411K6T3, STM32G411K6T6, STM32G411K6U3, STM32G411K6U6, STM32G411K8T3, STM32G411K8T6, STM32G411K8U3, STM32G411K8U6, STM32G411KBT3, STM32G411KBT6, STM32G411KBU3, STM32G411KBU6, STM32G411M6T3, STM32G411M6T6, STM32G411M8T3, STM32G411M8T6, STM32G411MBT3, STM32G411MBT6, STM32G411R6T3, STM32G411R6T6, STM32G411R8T3, STM32G411R8T6, STM32G411RBT3, STM32G411RBT6, STM32G414CBT3, STM32G414CBT6, STM32G414CBU3, STM32G414CBU6, STM32G414CCT3, STM32G414CCT6, STM32G414CCU3, STM32G414CCU6, STM32G414MBT3, STM32G414MBT6, STM32G414MCT3, STM32G414MCT6, STM32G414RBT3, STM32G414RBT6, STM32G414RCT3, STM32G414RCT6, STM32G414VBT3, STM32G414VBT6, STM32G414VCT3, STM32G414VCT6, STM32G431CBT3Z, STM32G431RBT3Z, STM32G471CCT6, STM32G471CCU6, STM32G471CET3, STM32G471CET6, STM32G471CEU3, STM32G471CEU6, STM32G471MCT6, STM32G471MET3, STM32G471MET6, STM32G471MEY6TR, STM32G471QCT6, STM32G471QET3, STM32G471RCT6, STM32G471RET3, STM32G471RET6, STM32G471VCH6, STM32G471VCI6, STM32G471VCT6, STM32G471VEH3, STM32G471VEH6, STM32G471VEI3, STM32G471VEI6, STM32G471VET3, STM32G471VET6, STM32G473QET3Z, STM32G473RET3Z, STM32G474CCT6, STM32G491RET3Z, STM32H503CBT6, STM32H503CBU6, STM32H503EBY6TR, STM32H503KBU6, STM32H503RBT6, STM32H523CCT6, STM32H523CCU6, STM32H523CET6, STM32H523CEU6, STM32H523HEY6TR, STM32H523RCT6, STM32H523RET6, STM32H523VCI6, STM32H523VCT6, STM32H523VEI6, STM32H523VET6, STM32H523ZCJ6, STM32H523ZCT6, STM32H523ZEJ6, STM32H523ZET6, STM32H533CET6, STM32H533CEU6, STM32H533HEY6TR, STM32H533RET6, STM32H533VEI6, STM32H533VET6, STM32H533ZEJ6, STM32H533ZET6, STM32H562AGI6, STM32H562AII6, STM32H562IGK6, STM32H562IGT6, STM32H562IIK6, STM32H562IIT6, STM32H562RGT6, STM32H562RGV6, STM32H562RIT6, STM32H562RIV6, STM32H562VGT6, STM32H562VIT6, STM32H562ZGT6, STM32H562ZIT6, STM32H563AGI6, STM32H563AII3Q, STM32H563AII6, STM32H563IGK6, STM32H563IGT6, STM32H563IIK3Q, STM32H563IIK6, STM32H563IIT3Q, STM32H563IIT6, STM32H563MIY3QTR, STM32H563RGT6, STM32H563RGV6, STM32H563RIT6, STM32H563RIV6, STM32H563VGT6, STM32H563VIT3Q, STM32H563VIT6, STM32H563ZGT6, STM32H563ZIT3Q, STM32H563ZIT6, STM32H573AII3Q, STM32H573AII6, STM32H573I-DK, STM32H573IIK3Q, STM32H573IIK6, STM32H573IIT3Q, STM32H573IIT6, STM32H573MIY3QTR, STM32H573RIT6, STM32H573RIV6, STM32H573VIT3Q, STM32H573VIT6, STM32H573ZIT3Q, STM32H573ZIT6, STM32H7R3A8I6, STM32H7R3I8K6, STM32H7R3I8T6, STM32H7R3L8H6, STM32H7R3L8H6H, STM32H7R3R8V6, STM32H7R3V8H6, STM32H7R3V8T6, STM32H7R3V8Y6TR, STM32H7R3Z8J6, STM32H7R3Z8T6, STM32H7R7A8I6, STM32H7R7I8K6, STM32H7R7I8T6, STM32H7R7L8H6, STM32H7R7L8H6H, STM32H7R7Z8J6, STM32H7S3A8I6, STM32H7S3I8K6, STM32H7S3I8T6, STM32H7S3L8H6, STM32H7S3L8H6H, STM32H7S3R8V6, STM32H7S3V8H6, STM32H7S3V8T6, STM32H7S3V8Y6TR, STM32H7S3Z8J6, STM32H7S3Z8T6, STM32H7S78-DK, STM32H7S7A8I6, STM32H7S7I8K6, STM32H7S7I8T6, STM32H7S7L8H6, STM32H7S7L8H6H, STM32H7S7Z8J6, STM32L4R5QGI6STR, STM32MP131AAE3, STM32MP131AAF3, STM32MP131AAG3, STM32MP131CAE3, STM32MP131CAF3, STM32MP131CAG3, STM32MP131DAE7, STM32MP131DAF7, STM32MP131DAG7, STM32MP131FAE7, STM32MP131FAF7, STM32MP131FAG7, STM32MP133AAE3, STM32MP133AAF3, STM32MP133AAG3, STM32MP133CAE3, STM32MP133CAF3, STM32MP133CAG3, STM32MP133DAE7, STM32MP133DAF7, STM32MP133DAG7, STM32MP133FAE7, STM32MP133FAF7, STM32MP133FAG7, STM32MP135AAE3, STM32MP135AAF3, STM32MP135AAG3, STM32MP135CAE3, STM32MP135CAF3, STM32MP135CAG3, STM32MP135DAE7, STM32MP135DAF7, STM32MP135DAG7, STM32MP135F-DK, STM32MP135FAE7, STM32MP135FAF7, STM32MP135FAF7T, STM32MP135FAF7U, STM32MP135FAG7, STM32MP251AAI3, STM32MP251AAK3, STM32MP251AAL3, STM32MP251CAI3, STM32MP251CAK3, STM32MP251CAL3, STM32MP251DAI3, STM32MP251DAK3, STM32MP251DAL3, STM32MP251FAI3, STM32MP251FAK3, STM32MP251FAL3, STM32MP253AAI3, STM32MP253AAK3, STM32MP253AAL3, STM32MP253CAI3, STM32MP253CAK3, STM32MP253CAL3, STM32MP253DAI3, STM32MP253DAK3, STM32MP253DAL3, STM32MP253FAI3, STM32MP253FAK3, STM32MP253FAL3, STM32MP255AAI3, STM32MP255AAK3, STM32MP255AAL3, STM32MP255CAI3, STM32MP255CAK3, STM32MP255CAL3, STM32MP255DAI3, STM32MP255DAK3, STM32MP255DAL3, STM32MP255FAI3, STM32MP255FAK3, STM32MP255FAL3, STM32MP257AAI3, STM32MP257AAK3, STM32MP257AAL3, STM32MP257CAI3, STM32MP257CAK3, STM32MP257CAL3, STM32MP257DAI3, STM32MP257DAK3, STM32MP257DAL3, STM32MP257F-DK, STM32MP257F-EV1, STM32MP257FAI3, STM32MP257FAK3, STM32MP257FAL3, STM32U031C6T6, STM32U031C6U6, STM32U031C8T6, STM32U031C8U6, STM32U031F4P6, STM32U031F6P6, STM32U031F8P6, STM32U031G6Y6TR, STM32U031G8Y6TR, STM32U031K4U6, STM32U031K6U6, STM32U031K8U6, STM32U031R6I6, STM32U031R6T6, STM32U031R8I6, STM32U031R8T6, STM32U073C8T6, STM32U073C8U6, STM32U073CBT6, STM32U073CBU6, STM32U073CCT6, STM32U073CCU6, STM32U073H8Y6TR, STM32U073HBY6TR, STM32U073HCY6TR, STM32U073K8U6, STM32U073KBU6, STM32U073KCU6, STM32U073M8I6, STM32U073M8T6, STM32U073MBI6, STM32U073MBT6, STM32U073MCI6, STM32U073MCT6, STM32U073R8I6, STM32U073R8T6, STM32U073RBI6, STM32U073RBT6, STM32U073RCI6, STM32U073RCT6, STM32U083C-DK, STM32U083CCT6, STM32U083CCU6, STM32U083HCY6TR, STM32U083KCU6, STM32U083MCI6, STM32U083MCT6, STM32U083RCI6, STM32U083RCT6, STM32U535CBT6, STM32U535CBT6Q, STM32U535CBU6, STM32U535CBU6Q, STM32U535CCT6, STM32U535CCT6Q, STM32U535CCU6, STM32U535CCU6Q, STM32U535CET6, STM32U535CET6Q, STM32U535CEU6, STM32U535CEU6Q, STM32U535JEY6QTR, STM32U535NCY6QTR, STM32U535NEY6QTR, STM32U535RBI6, STM32U535RBI6Q, STM32U535RBT6, STM32U535RBT6Q, STM32U535RCI6, STM32U535RCI6Q, STM32U535RCT6, STM32U535RCT6Q, STM32U535REI6, STM32U535REI6Q, STM32U535RET6, STM32U535RET6Q, STM32U535VCI6, STM32U535VCI6Q, STM32U535VCT6, STM32U535VCT6Q, STM32U535VEI6, STM32U535VEI6Q, STM32U535VET6, STM32U535VET6Q, STM32U545CET6, STM32U545CET6Q, STM32U545CEU6, STM32U545CEU6Q, STM32U545JEY6QTR, STM32U545NEY6QTR, STM32U545REI6, STM32U545REI6Q, STM32U545RET6, STM32U545RET6Q, STM32U545VEI6, STM32U545VEI6Q, STM32U545VET6, STM32U545VET6Q, STM32U595AIH6, STM32U595AIH6Q, STM32U595AJH6, STM32U595AJH6Q, STM32U595QII6, STM32U595QII6Q, STM32U595QJI6, STM32U595QJI6Q, STM32U595RIT6, STM32U595RIT6Q, STM32U595RJT6, STM32U595RJT6Q, STM32U595VIT6, STM32U595VIT6Q, STM32U595VJT6, STM32U595VJT6Q, STM32U595ZIT6, STM32U595ZIT6Q, STM32U595ZIY6QTR, STM32U595ZJT6, STM32U595ZJT6Q, STM32U595ZJY6QTR, STM32U599BJY6QTR, STM32U599NIH6Q, STM32U599NJH6Q, STM32U599VIT6Q, STM32U599VJT6, STM32U599VJT6Q, STM32U599ZIT6Q, STM32U599ZIY6QTR, STM32U599ZJT6Q, STM32U599ZJY6QTR, STM32U5A5AJH6, STM32U5A5AJH6Q, STM32U5A5QII3Q , STM32U5A5QJI6, STM32U5A5QJI6Q, STM32U5A5RJT6, STM32U5A5RJT6Q, STM32U5A5VJT6, STM32U5A5VJT6Q, STM32U5A5ZJT6, STM32U5A5ZJT6Q, STM32U5A5ZJY6QTR, STM32U5A9BJY6QTR, STM32U5A9J-DK, STM32U5A9NJH6Q, STM32U5A9VJT6Q, STM32U5A9ZJT6Q, STM32U5A9ZJY6QTR, STM32U5F7VIT6, STM32U5F7VIT6Q, STM32U5F7VJT6, STM32U5F7VJT6Q, STM32U5F9BJY6QTR, STM32U5F9NJH6Q, STM32U5F9VIT6Q, STM32U5F9VJT6Q, STM32U5F9ZIJ6QTR, STM32U5F9ZIT6Q, STM32U5F9ZJJ6QTR, STM32U5F9ZJT6Q, STM32U5G7VJT6, STM32U5G7VJT6Q, STM32U5G9BJY6QTR, STM32U5G9J-DK1, STM32U5G9J-DK2, STM32U5G9NJH6Q, STM32U5G9VJT6Q, STM32U5G9ZJJ6QTR, STM32U5G9ZJT6Q, STM32WB05KZV6TR, STM32WB05KZV7TR, STM32WB05TZF6TR, STM32WB05TZF7TR, STM32WB06CCF6TR, STM32WB06CCF7TR, STM32WB06CCV6TR, STM32WB06CCV7TR, STM32WB06KCV6TR, STM32WB06KCV7TR, STM32WB07CCF6TR, STM32WB07CCF7TR, STM32WB07CCV6TR, STM32WB07CCV7TR, STM32WB07KCV6TR, STM32WB07KCV7TR, STM32WB09KEV6TR, STM32WB09KEV7TR, STM32WB09TEF6TR, STM32WB09TEF7TR, STM32WB1MMCH6, STM32WBA50KGU6, STM32WBA50KGU6TR, STM32WBA52CEU6, STM32WBA52CEU6TR, STM32WBA52CEU7, STM32WBA52CEU7TR, STM32WBA52CGU6, STM32WBA52CGU6TR, STM32WBA52CGU6U, STM32WBA52CGU7, STM32WBA52CGU7TR, STM32WBA52KEU6, STM32WBA52KEU6TR, STM32WBA52KGU6, STM32WBA52KGU6TR, STM32WBA54CEU6, STM32WBA54CEU6TR, STM32WBA54CEU7, STM32WBA54CEU7TR, STM32WBA54CGU6, STM32WBA54CGU6TR, STM32WBA54CGU7, STM32WBA54CGU7TR, STM32WBA54KEU6, STM32WBA54KEU6TR, STM32WBA54KEU7, STM32WBA54KEU7TR, STM32WBA54KGU6, STM32WBA54KGU6TR, STM32WBA54KGU7, STM32WBA54KGU7TR, STM32WBA55CEU6, STM32WBA55CEU6TR, STM32WBA55CEU7, STM32WBA55CEU7TR, STM32WBA55CGU6, STM32WBA55CGU6TR, STM32WBA55CGU6U, STM32WBA55CGU7, STM32WBA55CGU7TR, STM32WBA55G-DK1, STM32WBA55HEF6, STM32WBA55HEF7, STM32WBA55HGF6, STM32WBA55HGF7, STM32WBA55UEI6, STM32WBA55UEI6TR, STM32WBA55UEI7, STM32WBA55UEI7TR, STM32WBA55UGI6, STM32WBA55UGI6TR, STM32WBA55UGI7, STM32WBA55UGI7TR, STM32WL5MOCH6, STM32WL5MOCH6TR]
2026-09-03 13:11:05,244 [INFO] BoardInfo:889 - No configuration file found for board B-WBA5M-WPAN
2026-09-03 13:11:05,245 [INFO] DbBoards:161 - Board is not supported: B-WBA5M-WPAN
2026-09-03 13:11:05,253 [INFO] BoardInfo:889 - No configuration file found for board NUCLEO-C051C8
2026-09-03 13:11:05,254 [INFO] DbBoards:161 - Board is not supported: NUCLEO-C051C8
2026-09-03 13:11:05,258 [INFO] BoardInfo:889 - No configuration file found for board NUCLEO-C092RC
2026-09-03 13:11:05,259 [INFO] DbBoards:161 - Board is not supported: NUCLEO-C092RC
2026-09-03 13:11:05,381 [INFO] BoardInfo:889 - No configuration file found for board NUCLEO-H553ZG
2026-09-03 13:11:05,382 [INFO] DbBoards:161 - Board is not supported: NUCLEO-H553ZG
2026-09-03 13:11:05,390 [INFO] BoardInfo:889 - No configuration file found for board NUCLEO-H5E5ZJ
2026-09-03 13:11:05,391 [INFO] DbBoards:161 - Board is not supported: NUCLEO-H5E5ZJ
2026-09-03 13:11:05,481 [INFO] BoardInfo:889 - No configuration file found for board NUCLEO-N657X0-Q
2026-09-03 13:11:05,482 [INFO] DbBoards:161 - Board is not supported: NUCLEO-N657X0-Q
2026-09-03 13:11:05,491 [INFO] BoardInfo:889 - No configuration file found for board NUCLEO-U385RG-Q
2026-09-03 13:11:05,492 [INFO] DbBoards:161 - Board is not supported: NUCLEO-U385RG-Q
2026-09-03 13:11:05,494 [INFO] BoardInfo:889 - No configuration file found for board NUCLEO-U3C5ZI-Q
2026-09-03 13:11:05,495 [INFO] DbBoards:161 - Board is not supported: NUCLEO-U3C5ZI-Q
2026-09-03 13:11:05,518 [INFO] BoardInfo:889 - No configuration file found for board NUCLEO-WBA25CE1
2026-09-03 13:11:05,519 [INFO] DbBoards:161 - Board is not supported: NUCLEO-WBA25CE1
2026-09-03 13:11:05,527 [INFO] BoardInfo:889 - No configuration file found for board NUCLEO-WBA65RI
2026-09-03 13:11:05,528 [INFO] DbBoards:161 - Board is not supported: NUCLEO-WBA65RI
2026-09-03 13:11:05,530 [INFO] BoardInfo:889 - No configuration file found for board NUCLEO-WL33CC1
2026-09-03 13:11:05,531 [INFO] DbBoards:161 - Board is not supported: NUCLEO-WL33CC1
2026-09-03 13:11:05,533 [INFO] BoardInfo:889 - No configuration file found for board NUCLEO-WL33CC2
2026-09-03 13:11:05,534 [INFO] DbBoards:161 - Board is not supported: NUCLEO-WL33CC2
2026-09-03 13:11:05,537 [INFO] BoardInfo:889 - No configuration file found for board NUCLEO-WL3RKB1
2026-09-03 13:11:05,538 [INFO] DbBoards:161 - Board is not supported: NUCLEO-WL3RKB1
2026-09-03 13:11:05,540 [INFO] BoardInfo:889 - No configuration file found for board NUCLEO-WL3RKB2
2026-09-03 13:11:05,541 [INFO] DbBoards:161 - Board is not supported: NUCLEO-WL3RKB2
2026-09-03 13:11:05,556 [INFO] BoardInfo:889 - No configuration file found for board P-NUCLEO-WB55
2026-09-03 13:11:05,558 [INFO] DbBoards:161 - Kit is not supported: P-NUCLEO-WB55
2026-09-03 13:11:05,567 [INFO] BoardInfo:889 - No configuration file found for board STEVAL-BFA001V1B
2026-09-03 13:11:05,568 [INFO] DbBoards:161 - Kit is not supported: STEVAL-BFA001V1B
2026-09-03 13:11:05,571 [INFO] BoardInfo:889 - No configuration file found for board STEVAL-BFA001V2B
2026-09-03 13:11:05,572 [INFO] DbBoards:161 - Kit is not supported: STEVAL-BFA001V2B
2026-09-03 13:11:05,814 [INFO] BoardInfo:889 - No configuration file found for board STM32H5F5J-DK
2026-09-03 13:11:05,815 [INFO] DbBoards:161 - Board is not supported: STM32H5F5J-DK
2026-09-03 13:11:05,948 [INFO] BoardInfo:889 - No configuration file found for board STM32MP215F-DK
2026-09-03 13:11:05,949 [INFO] DbBoards:161 - Board is not supported: STM32MP215F-DK
2026-09-03 13:11:05,961 [INFO] BoardInfo:889 - No configuration file found for board STM32N6570-DK
2026-09-03 13:11:05,962 [INFO] DbBoards:161 - Board is not supported: STM32N6570-DK
2026-09-03 13:11:05,995 [INFO] BoardInfo:889 - No configuration file found for board STM32WBA65I-DK1
2026-09-03 13:11:05,996 [INFO] DbBoards:161 - Board is not supported: STM32WBA65I-DK1
2026-09-03 13:11:05,996 [INFO] DbBoards:168 - Found 219 boards, 198 are supported
2026-09-03 13:11:05,996 [INFO] DbBoards:169 - Found 219 boards, 25 of them is supported for  Bsp
2026-09-03 13:11:06,002 [INFO] ApiDb:423 - Load user favorites file C:\Users\user/.stm32cubeide/favorites.boards.txt: 0 item(s)
2026-09-03 13:11:06,002 [INFO] ApiDb:427 - User favorites Boards=[]
2026-09-03 13:11:06,002 [INFO] DbBoards:198 - Set 0 / 0 favorites Boards
2026-09-03 13:11:09,097 [ERROR] TargetSelectorAdapter:267 - Unable to refresh data
2026-09-03 13:11:09,405 [INFO] McuFinderGlobals:76 - Set McuFinderConnectedMode to true
2026-09-03 13:11:09,410 [INFO] MultiScanPanel:200 - Auto-refresh data requested => check proxy status ongoing
2026-09-03 13:11:09,412 [INFO] FinderPluginLoader:95 - Searching for filters in installed packs
2026-09-03 13:11:09,594 [INFO] WebApp:189 - Connection lost
2026-09-03 13:11:10,556 [INFO] WebApp:186 - Connection restablished
2026-09-03 13:11:12,575 [INFO] LoadUrlFilesThread:185 - End of LoadServerUrlFiles without Thread
2026-09-03 13:11:12,576 [INFO] DetailPanel:341 - Set advertising image to C:/Users/user/STM32Cube/Repository/\en.stm32h5cubemxbanner.png
2026-09-03 13:11:28,495 [INFO] WebApp:189 - Connection lost
2026-09-03 13:11:28,823 [INFO] WebApp:186 - Connection restablished
2026-09-03 13:11:55,528 [INFO] WebApp:189 - Connection lost
2026-09-03 13:11:55,850 [INFO] WebApp:186 - Connection restablished
2026-09-03 13:12:41,014 [INFO] WebApp:189 - Connection lost
2026-09-03 13:12:42,818 [INFO] WebApp:186 - Connection restablished
2026-09-03 13:13:08,514 [INFO] WebApp:189 - Connection lost
2026-09-03 13:13:08,851 [INFO] WebApp:186 - Connection restablished
2026-09-03 13:13:23,032 [INFO] WebApp:189 - Connection lost
2026-09-03 13:13:23,357 [INFO] WebApp:186 - Connection restablished
2026-09-03 13:13:43,011 [INFO] WebApp:189 - Connection lost
2026-09-03 13:13:43,327 [INFO] WebApp:186 - Connection restablished
2026-09-03 13:14:04,062 [INFO] MultiScanPanel:200 - Auto-refresh data requested => check proxy status ongoing
2026-09-03 13:14:04,363 [INFO] LoadUrlFilesThread:185 - End of LoadServerUrlFiles without Thread
2026-09-03 13:14:04,364 [INFO] DetailPanel:341 - Set advertising image to C:/Users/user/STM32Cube/Repository/\en.stm32h5cubemxbanner.png
2026-09-03 13:14:04,397 [INFO] DbBoards:642 - Loading board mini-images...
2026-09-03 13:14:05,753 [ERROR] DbBoards:659 - Image file not found for board NUCLEO-H553ZG: C:\Users\user\.stmcufinder\plugins\mcufinder//mcu//boards_images/NUCLEO-H553ZG.jpg
2026-09-03 13:14:10,032 [INFO] DbBoards:665 - Loaded 218 board mini-images
2026-09-03 13:14:40,509 [INFO] WebApp:189 - Connection lost
2026-09-03 13:14:42,613 [INFO] WebApp:186 - Connection restablished
2026-09-03 13:14:45,005 [INFO] WebApp:189 - Connection lost
2026-09-03 13:14:45,297 [INFO] WebApp:186 - Connection restablished
2026-09-03 13:16:00,504 [INFO] WebApp:189 - Connection lost
2026-09-03 13:16:00,918 [INFO] WebApp:186 - Connection restablished
2026-09-03 13:16:19,525 [INFO] WebApp:189 - Connection lost
2026-09-03 13:16:19,846 [INFO] WebApp:186 - Connection restablished
2026-09-03 13:16:53,034 [INFO] WebApp:189 - Connection lost
2026-09-03 13:16:53,437 [INFO] WebApp:186 - Connection restablished
2026-09-03 13:17:34,571 [INFO] MainUpdater:2873 - connection check result : 10
2026-09-03 13:17:34,571 [INFO] MainUpdater:2873 - connection check result : 10
2026-09-03 13:17:34,710 [INFO] RulesReader:64 - Compatibility file has been processed (297 Rules)
2026-09-03 13:17:34,739 [INFO] RulesReader:64 - Compatibility file has been processed (297 Rules)
2026-09-03 13:17:34,762 [INFO] MicroXplorer:468 - Change Database Path : 
2026-09-03 13:17:34,763 [INFO] MicroXplorer:498 - Change Database Version : DB.6.0.120
2026-09-03 13:17:34,794 [WARN] ThirdParty:871 - waiting for thirdparty lock release [close project]
2026-09-03 13:17:34,794 [INFO] ThirdParty:873 - entering critical section [close project]
2026-09-03 13:17:34,797 [INFO] ThirdParty:883 - exiting critical section [close project]
2026-09-03 13:17:34,805 [INFO] PinOutPanel:1561 - setPackage(No Configuration,No Configuration)
2026-09-03 13:17:34,821 [INFO] UtilMem:75 - Begin LoadConfig() Used Memory: 791357016 Bytes (1073741824)
2026-09-03 13:17:34,828 [INFO] MicroXplorer:468 - Change Database Path : 
2026-09-03 13:17:34,828 [INFO] MicroXplorer:498 - Change Database Version : DB.6.0.120
2026-09-03 13:17:34,828 [INFO] OpenFileManager:332 - Change cursor
2026-09-03 13:17:34,888 [WARN] IntegrityCheckThread:84 - waiting for thirdparty lock release [integrity check]
2026-09-03 13:17:34,888 [INFO] IntegrityCheckThread:86 - entering critical section [integrity check]
2026-09-03 13:17:35,900 [WARN] PackLoader:240 - Cannot read IP mode file for STMicroelectronics.X-CUBE-AZRTOS-H7.3.5.0
2026-09-03 13:17:35,927 [WARN] PackLoader:240 - Cannot read IP mode file for STMicroelectronics.FP-SNS-MOTENVWB1.1.4.0
2026-09-03 13:17:35,941 [WARN] PackLoader:240 - Cannot read IP mode file for STMicroelectronics.FP-ATR-ASTRA1.2.0.3
2026-09-03 13:17:35,956 [WARN] PackLoader:240 - Cannot read IP mode file for STMicroelectronics.FP-ATR-ASTRA1.2.0.2
2026-09-03 13:17:35,963 [ERROR] Engine:466 - C:\Users\user\.stm32cubemx\thirdparties\pdsc\STMicroelectronics.X-CUBE-SMBUS.2.1.1.pdsc: PDSC version is not supported
2026-09-03 13:17:36,001 [WARN] PackLoader:240 - Cannot read IP mode file for STMicroelectronics.X-CUBE-SMBUS.2.1.0
2026-09-03 13:17:36,030 [ERROR] Engine:466 - C:\Users\user\.stm32cubemx\thirdparties\pdsc\STMicroelectronics.X-CUBE-ST60.1.0.0.pdsc: PDSC version is not supported
2026-09-03 13:17:36,098 [WARN] PackLoader:240 - Cannot read IP mode file for STMicroelectronics.X-CUBE-AZRTOS-F7.1.1.0
2026-09-03 13:17:36,107 [ERROR] Engine:466 - C:\Users\user\.stm32cubemx\thirdparties\pdsc\STMicroelectronics.X-CUBE-FREERTOS.1.6.0.pdsc: PDSC version is not supported
2026-09-03 13:17:36,113 [ERROR] Engine:466 - C:\Users\user\.stm32cubemx\thirdparties\pdsc\STMicroelectronics.FP-SNS-MOTENV1.5.1.0.pdsc: PDSC version is not supported
2026-09-03 13:17:36,154 [WARN] PackLoader:240 - Cannot read IP mode file for STMicroelectronics.X-CUBE-AZRTOS-H7RS.1.3.0
2026-09-03 13:17:36,247 [WARN] PackLoader:240 - Cannot read IP mode file for Infineon.AIROC-Wi-Fi-Bluetooth-STM32.1.7.0
2026-09-03 13:17:36,303 [WARN] PackLoader:240 - Cannot read IP mode file for STMicroelectronics.X-CUBE-DISPLAY.3.0.0
2026-09-03 13:17:36,327 [WARN] PackLoader:240 - Cannot read IP mode file for STMicroelectronics.X-CUBE-GNSS1.7.1.1
2026-09-03 13:17:36,333 [ERROR] Engine:466 - C:\Users\user\.stm32cubemx\thirdparties\pdsc\STMicroelectronics.FP-SNS-MOTENVWB1.1.5.0.pdsc: PDSC version is not supported
2026-09-03 13:17:36,374 [WARN] PackLoader:240 - Cannot read IP mode file for STMicroelectronics.X-CUBE-NFC10.1.0.0
2026-09-03 13:17:36,422 [WARN] PackLoader:240 - Cannot read IP mode file for STMicroelectronics.X-CUBE-BLEMGR.4.0.0
2026-09-03 13:17:36,433 [ERROR] Engine:466 - C:\Users\user\.stm32cubemx\thirdparties\pdsc\STMicroelectronics.X-CUBE-ST60.1.1.0.pdsc: PDSC version is not supported
2026-09-03 13:17:36,474 [WARN] PackLoader:240 - Cannot read IP mode file for emotas.I-CUBE-CANOPEN.1.3.0
2026-09-03 13:17:36,481 [ERROR] Engine:466 - C:\Users\user\.stm32cubemx\thirdparties\pdsc\STMicroelectronics.X-CUBE-WBA.1.1.0.pdsc: PDSC version is not supported
2026-09-03 13:17:36,497 [WARN] ConditionMgr:438 - getConditionDescription Invalid condition id : Cortex-A Device cause : null
2026-09-03 13:17:36,549 [WARN] ConditionMgr:1039 - genDependencies : Invalid condition id : Cortex-A Device cause : null
2026-09-03 13:17:36,549 [WARN] ConditionMgr:1039 - genDependencies : Invalid condition id : Cortex-A Device cause : null
2026-09-03 13:17:36,549 [WARN] ConditionMgr:1039 - genDependencies : Invalid condition id : Cortex-A Device cause : null
2026-09-03 13:17:36,554 [ERROR] Engine:466 - C:\Users\user\.stm32cubemx\thirdparties\pdsc\STMicroelectronics.FP-SNS-STBOX1.2.1.0.pdsc: PDSC version is not supported
2026-09-03 13:17:36,589 [WARN] PackLoader:240 - Cannot read IP mode file for STMicroelectronics.FP-SNS-SMARTAG2.1.2.0
2026-09-03 13:17:36,597 [ERROR] Engine:466 - C:\Users\user\.stm32cubemx\thirdparties\pdsc\STMicroelectronics.FP-SNS-FLIGHT1.5.1.0.pdsc: PDSC version is not supported
2026-09-03 13:17:36,649 [INFO] LogOutputStream:77 - [STDOUT_REDIRECT] 1 : Invalid condition id : UX_CORESTACK_Condition cause : null
2026-09-03 13:17:36,650 [INFO] LogOutputStream:77 - [STDOUT_REDIRECT] 1 : Invalid condition id : UX_CORESTACK_Condition cause : null
2026-09-03 13:17:36,653 [INFO] LogOutputStream:77 - [STDOUT_REDIRECT] 1 : Invalid condition id : UX_CORESTACK_Condition cause : null
2026-09-03 13:17:36,656 [INFO] LogOutputStream:77 - [STDOUT_REDIRECT] 1 : Invalid condition id : UX_CORESTACK_Condition cause : null
2026-09-03 13:17:36,660 [INFO] LogOutputStream:77 - [STDOUT_REDIRECT] 1 : Invalid condition id : UX_CORESTACK_Condition cause : null
2026-09-03 13:17:36,664 [WARN] PackLoader:240 - Cannot read IP mode file for STMicroelectronics.X-CUBE-AZRTOS-WL.2.0.0
2026-09-03 13:17:36,695 [WARN] PackLoader:240 - Cannot read IP mode file for STMicroelectronics.FP-SNS-MOTENV1.5.0.0
2026-09-03 13:17:36,733 [WARN] PackLoader:240 - Cannot read IP mode file for WES.I-CUBE-Cesium.1.3.0
2026-09-03 13:17:36,765 [WARN] PackLoader:240 - Cannot read IP mode file for STMicroelectronics.X-CUBE-BLE2.3.3.0
2026-09-03 13:17:36,768 [ERROR] Engine:466 - C:\Users\user\.stm32cubemx\thirdparties\pdsc\Avnet-IOTCONNECT.X-CUBE-iotc-st67-sdk.1.0.0.pdsc: PDSC version is not supported
2026-09-03 13:17:36,801 [WARN] PackLoader:240 - Cannot read IP mode file for STMicroelectronics.X-CUBE-NFC9.1.0.0
2026-09-03 13:17:36,839 [WARN] PackLoader:240 - Cannot read IP mode file for STMicroelectronics.X-CUBE-BLE1.7.1.0
2026-09-03 13:17:36,854 [WARN] PackLoader:240 - Cannot read IP mode file for wolfSSL.I-CUBE-wolfMQTT.1.19.2
2026-09-03 13:17:36,868 [WARN] PackLoader:240 - Cannot read IP mode file for STMicroelectronics.X-CUBE-EEPRMA1.5.2.0
2026-09-03 13:17:36,907 [WARN] PackLoader:240 - Cannot read IP mode file for STMicroelectronics.X-CUBE-AI.10.1.0
2026-09-03 13:17:36,964 [WARN] PackLoader:240 - Cannot read IP mode file for STMicroelectronics.X-CUBE-AZRTOS-G0.1.1.0
2026-09-03 13:17:37,005 [WARN] PackLoader:240 - Cannot read IP mode file for STMicroelectronics.X-CUBE-SAFEA1.1.2.2
2026-09-03 13:17:37,041 [WARN] PackLoader:240 - Cannot read IP mode file for STMicroelectronics.X-CUBE-NFC4.3.0.0
2026-09-03 13:17:37,084 [WARN] PackLoader:240 - Cannot read IP mode file for EmbeddedOffice.I-CUBE-FS-RTOS.1.0.1
2026-09-03 13:17:37,085 [ERROR] ConditionMgr:805 - Attr not supported : Dmpu
2026-09-03 13:17:37,085 [ERROR] ConditionMgr:805 - Attr not supported : Dmpu
2026-09-03 13:17:37,085 [ERROR] ConditionMgr:805 - Attr not supported : Dmpu
2026-09-03 13:17:37,085 [ERROR] ConditionMgr:805 - Attr not supported : Dmpu
2026-09-03 13:17:37,086 [ERROR] ConditionMgr:805 - Attr not supported : Dmpu
2026-09-03 13:17:37,086 [ERROR] ConditionMgr:805 - Attr not supported : Dmpu
2026-09-03 13:17:37,086 [ERROR] ConditionMgr:805 - Attr not supported : Dmpu
2026-09-03 13:17:37,086 [ERROR] ConditionMgr:805 - Attr not supported : Dmpu
2026-09-03 13:17:37,086 [ERROR] ConditionMgr:805 - Attr not supported : Dmpu
2026-09-03 13:17:37,086 [ERROR] ConditionMgr:805 - Attr not supported : Dmpu
2026-09-03 13:17:37,086 [ERROR] ConditionMgr:805 - Attr not supported : Dmpu
2026-09-03 13:17:37,086 [ERROR] ConditionMgr:805 - Attr not supported : Dmpu
2026-09-03 13:17:37,086 [ERROR] ConditionMgr:805 - Attr not supported : Dmpu
2026-09-03 13:17:37,087 [ERROR] ConditionMgr:805 - Attr not supported : Dmpu
2026-09-03 13:17:37,087 [ERROR] ConditionMgr:805 - Attr not supported : Dmpu
2026-09-03 13:17:37,087 [ERROR] ConditionMgr:805 - Attr not supported : Dmpu
2026-09-03 13:17:37,087 [ERROR] ConditionMgr:805 - Attr not supported : Dmpu
2026-09-03 13:17:37,087 [ERROR] ConditionMgr:805 - Attr not supported : Dmpu
2026-09-03 13:17:37,087 [ERROR] ConditionMgr:805 - Attr not supported : Dmpu
2026-09-03 13:17:37,088 [ERROR] ConditionMgr:805 - Attr not supported : Dmpu
2026-09-03 13:17:37,088 [ERROR] ConditionMgr:805 - Attr not supported : Dmpu
2026-09-03 13:17:37,088 [ERROR] ConditionMgr:805 - Attr not supported : Dmpu
2026-09-03 13:17:37,088 [ERROR] ConditionMgr:805 - Attr not supported : Dmpu
2026-09-03 13:17:37,088 [ERROR] ConditionMgr:805 - Attr not supported : Dmpu
2026-09-03 13:17:37,088 [ERROR] ConditionMgr:805 - Attr not supported : Dmpu
2026-09-03 13:17:37,088 [ERROR] ConditionMgr:805 - Attr not supported : Dmpu
2026-09-03 13:17:37,088 [ERROR] ConditionMgr:805 - Attr not supported : Dmpu
2026-09-03 13:17:37,089 [ERROR] ConditionMgr:805 - Attr not supported : Dmpu
2026-09-03 13:17:37,089 [ERROR] ConditionMgr:805 - Attr not supported : Dmpu
2026-09-03 13:17:37,089 [ERROR] ConditionMgr:805 - Attr not supported : Dmpu
2026-09-03 13:17:37,089 [ERROR] ConditionMgr:805 - Attr not supported : Dmpu
2026-09-03 13:17:37,089 [ERROR] ConditionMgr:805 - Attr not supported : Dmpu
2026-09-03 13:17:37,089 [ERROR] ConditionMgr:805 - Attr not supported : Dmpu
2026-09-03 13:17:37,089 [ERROR] ConditionMgr:805 - Attr not supported : Dmpu
2026-09-03 13:17:37,089 [ERROR] ConditionMgr:805 - Attr not supported : Dmpu
2026-09-03 13:17:37,089 [ERROR] ConditionMgr:805 - Attr not supported : Dmpu
2026-09-03 13:17:37,089 [ERROR] ConditionMgr:805 - Attr not supported : Dmpu
2026-09-03 13:17:37,089 [ERROR] ConditionMgr:805 - Attr not supported : Dmpu
2026-09-03 13:17:37,089 [ERROR] ConditionMgr:805 - Attr not supported : Dmpu
2026-09-03 13:17:37,089 [ERROR] ConditionMgr:805 - Attr not supported : Dmpu
2026-09-03 13:17:37,091 [ERROR] ConditionMgr:805 - Attr not supported : Dmpu
2026-09-03 13:17:37,091 [ERROR] ConditionMgr:805 - Attr not supported : Dmpu
2026-09-03 13:17:37,092 [ERROR] ConditionMgr:805 - Attr not supported : Dmpu
2026-09-03 13:17:37,092 [ERROR] ConditionMgr:805 - Attr not supported : Dmpu
2026-09-03 13:17:37,092 [ERROR] ConditionMgr:805 - Attr not supported : Dmpu
2026-09-03 13:17:37,092 [ERROR] ConditionMgr:805 - Attr not supported : Dmpu
2026-09-03 13:17:37,092 [ERROR] ConditionMgr:805 - Attr not supported : Dmpu
2026-09-03 13:17:37,092 [ERROR] ConditionMgr:805 - Attr not supported : Dmpu
2026-09-03 13:17:37,093 [ERROR] ConditionMgr:805 - Attr not supported : Dmpu
2026-09-03 13:17:37,093 [ERROR] ConditionMgr:805 - Attr not supported : Dmpu
2026-09-03 13:17:37,093 [ERROR] ConditionMgr:805 - Attr not supported : Dmpu
2026-09-03 13:17:37,093 [ERROR] ConditionMgr:805 - Attr not supported : Dmpu
2026-09-03 13:17:37,093 [ERROR] ConditionMgr:805 - Attr not supported : Dmpu
2026-09-03 13:17:37,093 [ERROR] ConditionMgr:805 - Attr not supported : Dmpu
2026-09-03 13:17:37,093 [ERROR] ConditionMgr:805 - Attr not supported : Dmpu
2026-09-03 13:17:37,093 [ERROR] ConditionMgr:805 - Attr not supported : Dmpu
2026-09-03 13:17:37,093 [ERROR] ConditionMgr:805 - Attr not supported : Dmpu
2026-09-03 13:17:37,093 [ERROR] ConditionMgr:805 - Attr not supported : Dmpu
2026-09-03 13:17:37,094 [ERROR] ConditionMgr:805 - Attr not supported : Dmpu
2026-09-03 13:17:37,094 [ERROR] ConditionMgr:805 - Attr not supported : Dmpu
2026-09-03 13:17:37,094 [ERROR] ConditionMgr:805 - Attr not supported : Dmpu
2026-09-03 13:17:37,094 [ERROR] ConditionMgr:805 - Attr not supported : Dmpu
2026-09-03 13:17:37,094 [ERROR] ConditionMgr:805 - Attr not supported : Dmpu
2026-09-03 13:17:37,094 [ERROR] ConditionMgr:805 - Attr not supported : Dmpu
2026-09-03 13:17:37,130 [WARN] PackLoader:240 - Cannot read IP mode file for STMicroelectronics.X-CUBE-WB05N.2.0.0
2026-09-03 13:17:37,144 [WARN] PackLoader:240 - Cannot read IP mode file for wolfSSL.I-CUBE-wolfTPM.3.8.0
2026-09-03 13:17:37,171 [ERROR] Engine:466 - C:\Users\user\.stm32cubemx\thirdparties\pdsc\STMicroelectronics.X-CUBE-TCPP.4.2.0.pdsc: PDSC version is not supported
2026-09-03 13:17:37,216 [WARN] PackLoader:240 - Cannot read IP mode file for RealThread.X-CUBE-RT-Thread_Nano.4.1.1
2026-09-03 13:17:37,231 [WARN] PackLoader:240 - Cannot read IP mode file for STMicroelectronics.FP-ATR-SIGFOX1.3.2.0
2026-09-03 13:17:37,263 [WARN] PackLoader:240 - Cannot read IP mode file for STMicroelectronics.X-CUBE-EEPRMA1.5.1.0
2026-09-03 13:17:37,304 [WARN] PackLoader:240 - Cannot read IP mode file for ITTIA_DB.I-CUBE-ITTIADB.8.9.0
2026-09-03 13:17:37,319 [WARN] PackLoader:240 - Cannot read IP mode file for STMicroelectronics.X-CUBE-NFC6.3.2.0
2026-09-03 13:17:37,351 [ERROR] Engine:466 - C:\Users\user\.stm32cubemx\thirdparties\pdsc\STMicroelectronics.X-CUBE-ST67W61.1.0.0.pdsc: PDSC version is not supported
2026-09-03 13:17:37,357 [WARN] PackLoader:240 - Cannot read IP mode file for STMicroelectronics.X-CUBE-AI.10.2.1
2026-09-03 13:17:37,437 [WARN] PackLoader:240 - Cannot read IP mode file for SEGGER.I-CUBE-embOS.1.3.1
2026-09-03 13:17:37,552 [WARN] PackLoader:240 - Cannot read IP mode file for STMicroelectronics.X-CUBE-ALGOBUILD.1.4.0
2026-09-03 13:17:37,661 [WARN] PackLoader:240 - Cannot read IP mode file for STMicroelectronics.X-CUBE-MEMS1.11.3.0
2026-09-03 13:17:37,921 [ERROR] Engine:466 - C:\Users\user\.stm32cubemx\thirdparties\pdsc\STMicroelectronics.FP-SNS-STAIOTCFT.2.0.0.pdsc: PDSC version is not supported
2026-09-03 13:17:37,932 [WARN] PackLoader:240 - Cannot read IP mode file for STMicroelectronics.X-CUBE-NFC13.1.0.0
2026-09-03 13:17:37,972 [WARN] PackLoader:240 - Cannot read IP mode file for STMicroelectronics.X-CUBE-PM33A1.1.0.0
2026-09-03 13:17:38,033 [WARN] PackLoader:240 - Cannot read IP mode file for STMicroelectronics.X-CUBE-AZRTOS-F4.1.1.0
2026-09-03 13:17:38,062 [ERROR] Engine:466 - C:\Users\user\.stm32cubemx\thirdparties\pdsc\Avnet-IotConnect.X-CUBE-IoTC-DA16k-PMOD.1.0.0.pdsc: PDSC version is not supported
2026-09-03 13:17:38,092 [WARN] PackLoader:240 - Cannot read IP mode file for STMicroelectronics.X-CUBE-ISPU.2.1.0
2026-09-03 13:17:38,101 [ERROR] Engine:466 - C:\Users\user\.stm32cubemx\thirdparties\pdsc\STMicroelectronics.X-CUBE-IPS.3.2.0.pdsc: PDSC version is not supported
2026-09-03 13:17:38,104 [ERROR] Engine:466 - C:\Users\user\.stm32cubemx\thirdparties\pdsc\STMicroelectronics.eDS-WB_DPC_TT-BIDIR.2.1.1.pdsc: PDSC version is not supported
2026-09-03 13:17:38,117 [WARN] PackLoader:240 - Cannot read IP mode file for STMicroelectronics.X-CUBE-NFC12.1.0.0
2026-09-03 13:17:38,181 [WARN] PackLoader:240 - Cannot read IP mode file for STMicroelectronics.X-CUBE-AZRTOS-L5.2.0.0
2026-09-03 13:17:38,219 [WARN] PackLoader:240 - Cannot read IP mode file for STMicroelectronics.X-CUBE-NFC6.3.1.0
2026-09-03 13:17:38,233 [WARN] PackLoader:240 - Cannot read IP mode file for STMicroelectronics.X-CUBE-ALGOBUILD.1.5.0
2026-09-03 13:17:38,237 [ERROR] Engine:466 - C:\Users\user\.stm32cubemx\thirdparties\pdsc\STMicroelectronics.eDS-WB_DPC_VIENNA.1.2.0.pdsc: PDSC version is not supported
2026-09-03 13:17:38,305 [WARN] PackLoader:240 - Cannot read IP mode file for STMicroelectronics.X-CUBE-MEMS1.13.0.0
2026-09-03 13:17:38,437 [ERROR] Engine:466 - C:\Users\user\.stm32cubemx\thirdparties\pdsc\STMicroelectronics.eDS-WB_DPC_3PH2L-BIDIR.1.1.1.pdsc: PDSC version is not supported
2026-09-03 13:17:38,443 [ERROR] Engine:466 - C:\Users\user\.stm32cubemx\thirdparties\pdsc\STMicroelectronics.X-CUBE-ST67W61.1.3.0.pdsc: PDSC version is not supported
2026-09-03 13:17:38,490 [WARN] PackLoader:240 - Cannot read IP mode file for STMicroelectronics.X-CUBE-FREERTOS.1.3.1
2026-09-03 13:17:38,501 [WARN] PackLoader:240 - Cannot read IP mode file for STMicroelectronics.X-CUBE-TOUCHGFX.4.26.1
2026-09-03 13:17:38,532 [ERROR] Engine:466 - C:\Users\user\.stm32cubemx\thirdparties\pdsc\STMicroelectronics.FP-SNS-STAIOTCFT.1.0.0.pdsc: PDSC version is not supported
2026-09-03 13:17:38,568 [WARN] PackLoader:240 - Cannot read IP mode file for STMicroelectronics.X-CUBE-DPower.1.3.0
2026-09-03 13:17:38,636 [WARN] ConditionMgr:438 - getConditionDescription Invalid condition id : LAN8742 Phy interface Condition cause : null
2026-09-03 13:17:38,637 [WARN] PackLoader:240 - Cannot read IP mode file for STMicroelectronics.X-CUBE-AZRTOS-L4.2.0.0
2026-09-03 13:17:38,638 [WARN] ConditionMgr:1039 - genDependencies : Invalid condition id : LAN8742 Phy interface Condition cause : null
2026-09-03 13:17:38,639 [WARN] ConditionMgr:1039 - genDependencies : Invalid condition id : LAN8742 Phy interface Condition cause : null
2026-09-03 13:17:38,640 [WARN] ConditionMgr:1039 - genDependencies : Invalid condition id : LAN8742 Phy interface Condition cause : null
2026-09-03 13:17:38,681 [WARN] PackLoader:240 - Cannot read IP mode file for STMicroelectronics.X-CUBE-SFXS2LP1.4.0.0
2026-09-03 13:17:38,691 [WARN] PackLoader:240 - Cannot read IP mode file for STMicroelectronics.X-CUBE-WB05N.2.1.0
2026-09-03 13:17:38,753 [WARN] PackLoader:240 - Cannot read IP mode file for STMicroelectronics.X-CUBE-AZRTOS-H7.3.3.0
2026-09-03 13:17:38,820 [WARN] ConditionMgr:438 - getConditionDescription Invalid condition id : UX DEVICE CLASS RTOS Condition cause : null
2026-09-03 13:17:38,820 [WARN] ConditionMgr:438 - getConditionDescription Invalid condition id : UX DEVICE CLASS RTOS Condition cause : null
2026-09-03 13:17:38,824 [WARN] PackLoader:240 - Cannot read IP mode file for STMicroelectronics.X-CUBE-AZRTOS-WB.2.0.0
2026-09-03 13:17:38,825 [WARN] ConditionMgr:1039 - genDependencies : Invalid condition id : UX DEVICE CLASS RTOS Condition cause : null
2026-09-03 13:17:38,826 [WARN] ConditionMgr:1039 - genDependencies : Invalid condition id : UX DEVICE CLASS RTOS Condition cause : null
2026-09-03 13:17:38,827 [WARN] ConditionMgr:1039 - genDependencies : Invalid condition id : UX DEVICE CLASS RTOS Condition cause : null
2026-09-03 13:17:38,828 [WARN] ConditionMgr:1039 - genDependencies : Invalid condition id : UX DEVICE CLASS RTOS Condition cause : null
2026-09-03 13:17:38,828 [WARN] ConditionMgr:1039 - genDependencies : Invalid condition id : UX DEVICE CLASS RTOS Condition cause : null
2026-09-03 13:17:38,863 [WARN] PackLoader:240 - Cannot read IP mode file for STMicroelectronics.X-CUBE-GNSS1.7.0.1
2026-09-03 13:17:38,899 [WARN] PackLoader:240 - Cannot read IP mode file for STMicroelectronics.X-CUBE-TOUCHGFX.4.25.0
2026-09-03 13:17:38,938 [WARN] PackLoader:240 - Cannot read IP mode file for STMicroelectronics.FP-SNS-STBOX1.2.0.0
2026-09-03 13:17:38,958 [WARN] PackLoader:240 - Cannot read IP mode file for STMicroelectronics.X-CUBE-STSE01.2.0.0
2026-09-03 13:17:39,003 [WARN] PackLoader:240 - Cannot read IP mode file for STMicroelectronics.X-CUBE-SUBG2.5.0.0
2026-09-03 13:17:39,082 [WARN] PackLoader:240 - Cannot read IP mode file for STMicroelectronics.X-CUBE-AZRTOS-H7RS.1.1.0
2026-09-03 13:17:39,102 [WARN] PackLoader:240 - Cannot read IP mode file for Cesanta.I-CUBE-Mongoose.7.13.0
2026-09-03 13:17:39,173 [WARN] PackLoader:240 - Cannot read IP mode file for STMicroelectronics.X-CUBE-AZRTOS-G4.2.0.0
2026-09-03 13:17:39,191 [WARN] PackLoader:240 - Cannot read IP mode file for wolfSSL.I-CUBE-wolfSSH.1.4.20
2026-09-03 13:17:39,227 [WARN] PackLoader:240 - Cannot read IP mode file for STMicroelectronics.X-CUBE-NFC7.2.0.0
2026-09-03 13:17:39,265 [ERROR] Engine:466 - C:\Users\user\.stm32cubemx\thirdparties\pdsc\STMicroelectronics.X-CUBE-IPS.3.1.0.pdsc: PDSC version is not supported
2026-09-03 13:17:39,271 [ERROR] Engine:466 - C:\Users\user\.stm32cubemx\thirdparties\pdsc\STMicroelectronics.X-CUBE-BLEMGR.4.2.0.pdsc: PDSC version is not supported
2026-09-03 13:17:39,303 [WARN] PackLoader:240 - Cannot read IP mode file for STMicroelectronics.X-CUBE-ALS.1.0.2
2026-09-03 13:17:39,334 [WARN] PackLoader:240 - Cannot read IP mode file for portGmbH.I-Cube-SoM-uGOAL.1.1.0
2026-09-03 13:17:39,368 [ERROR] Engine:466 - C:\Users\user\.stm32cubemx\thirdparties\pdsc\STMicroelectronics.X-CUBE-TOF1.3.4.3.pdsc: PDSC version is not supported
2026-09-03 13:17:39,369 [INFO] ThirdParty:978 - Integrity check success = true
2026-09-03 13:17:39,369 [INFO] IntegrityCheckThread:100 - exiting critical section [integrity check]
2026-09-03 13:17:39,369 [INFO] IntegrityCheckThread:103 - End integrity checks thread
2026-09-03 13:17:39,454 [INFO] Mcu:2032 - Initializing MCU STM32F446RETx STM32F446RETx STM32F446RET6
2026-09-03 13:17:44,791 [INFO] Context:742 - Trying to add GPIOservice into a context  which must be forbidden
2026-09-03 13:17:45,898 [INFO] ImportTextPane:205 - (OptionalMessage_ERROR) Unable to find key (Mcu.ThirdPartyNb) in loaded IOC file
2026-09-03 13:17:45,899 [INFO] ImportTextPane:205 - (OptionalMessage_ERROR) Unable to find key (Mcu.PinsNb) in loaded IOC file
2026-09-03 13:17:45,899 [INFO] ImportTextPane:205 - (OptionalMessage_ERROR) Unable to find key (Mcu.IPNb) in loaded IOC file
2026-09-03 13:17:46,182 [INFO] RtosManager:555 - Registered RTOS mode: class=CMSIS, group=RTOS, mode=CMSIS_V1, owner=FREERTOS
2026-09-03 13:17:46,182 [INFO] RtosManager:555 - Registered RTOS mode: class=CMSIS, group=RTOS2, mode=CMSIS_V2, owner=FREERTOS
2026-09-03 13:17:46,182 [INFO] RtosManager:555 - Registered RTOS mode: class=RTOS, group=Core, mode=CMSIS_V1, owner=FREERTOS
2026-09-03 13:17:46,182 [INFO] RtosManager:555 - Registered RTOS mode: class=RTOS, group=Core, mode=CMSIS_V2, owner=FREERTOS
2026-09-03 13:17:46,183 [WARN] ModelIntegratedComponent:184 - Missing modes for component STMicroelectronics:FreeRTOS:0.0.1:STMicroelectronics:RTOS:FreeRTOS:Core:::10.2.0:
2026-09-03 13:17:46,416 [WARN] ModelIntegratedComponent:63 - No mode defined for component null
2026-09-03 13:17:46,416 [WARN] ModelIntegratedComponent:63 - No mode defined for component null
2026-09-03 13:17:46,416 [WARN] ModelIntegratedComponent:63 - No mode defined for component null
2026-09-03 13:17:46,417 [WARN] ModelIntegratedComponent:63 - No mode defined for component null
2026-09-03 13:17:46,417 [WARN] ModelIntegratedComponent:63 - No mode defined for component null
2026-09-03 13:17:46,417 [WARN] ModelIntegratedComponent:63 - No mode defined for component null
2026-09-03 13:17:46,417 [WARN] ModelIntegratedComponent:63 - No mode defined for component null
2026-09-03 13:17:46,417 [WARN] ModelIntegratedComponent:63 - No mode defined for component null
2026-09-03 13:17:46,417 [WARN] ModelIntegratedComponent:63 - No mode defined for component null
2026-09-03 13:17:46,417 [WARN] ModelIntegratedComponent:63 - No mode defined for component null
2026-09-03 13:17:46,417 [WARN] ModelIntegratedComponent:63 - No mode defined for component null
2026-09-03 13:17:46,417 [WARN] ModelIntegratedComponent:63 - No mode defined for component null
2026-09-03 13:17:46,417 [WARN] ModelIntegratedComponent:63 - No mode defined for component null
2026-09-03 13:17:46,417 [WARN] ModelIntegratedComponent:63 - No mode defined for component null
2026-09-03 13:17:46,417 [WARN] ModelIntegratedComponent:63 - No mode defined for component null
2026-09-03 13:17:46,417 [WARN] ModelIntegratedComponent:63 - No mode defined for component null
2026-09-03 13:17:46,417 [WARN] ModelIntegratedComponent:63 - No mode defined for component null
2026-09-03 13:17:46,417 [WARN] ModelIntegratedComponent:63 - No mode defined for component null
2026-09-03 13:17:46,417 [WARN] ModelIntegratedComponent:63 - No mode defined for component null
2026-09-03 13:17:46,417 [WARN] ModelIntegratedComponent:63 - No mode defined for component null
2026-09-03 13:17:46,417 [WARN] ModelIntegratedComponent:63 - No mode defined for component null
2026-09-03 13:17:46,418 [WARN] ModelIntegratedComponent:63 - No mode defined for component null
2026-09-03 13:17:46,418 [WARN] ModelIntegratedComponent:63 - No mode defined for component null
2026-09-03 13:17:46,418 [WARN] ModelIntegratedComponent:63 - No mode defined for component null
2026-09-03 13:17:46,418 [WARN] ModelIntegratedComponent:63 - No mode defined for component null
2026-09-03 13:17:46,418 [WARN] ModelIntegratedComponent:63 - No mode defined for component null
2026-09-03 13:17:46,418 [WARN] ModelIntegratedComponent:63 - No mode defined for component null
2026-09-03 13:17:46,418 [WARN] ModelIntegratedComponent:63 - No mode defined for component null
2026-09-03 13:17:46,418 [WARN] ModelIntegratedComponent:63 - No mode defined for component null
2026-09-03 13:17:46,418 [WARN] ModelIntegratedComponent:63 - No mode defined for component null
2026-09-03 13:17:46,418 [WARN] ModelIntegratedComponent:63 - No mode defined for component null
2026-09-03 13:17:46,418 [WARN] ModelIntegratedComponent:63 - No mode defined for component null
2026-09-03 13:17:46,418 [WARN] ModelIntegratedComponent:63 - No mode defined for component null
2026-09-03 13:17:46,418 [WARN] ModelIntegratedComponent:63 - No mode defined for component null
2026-09-03 13:17:46,418 [WARN] ModelIntegratedComponent:63 - No mode defined for component null
2026-09-03 13:17:46,420 [WARN] ModelPack:524 - Component already loaded: STMicroelectronics:HAL Drivers:0.0.0:STMicroelectronics:Device:STMicro_Driver:XSPI:HAL::0.0.1:HAL_XSPI
2026-09-03 13:17:46,780 [INFO] ThirdPartyModel:298 - Start build external matchings
2026-09-03 13:17:48,849 [INFO] ThirdPartyModel:316 - End build external matchings
2026-09-03 13:17:49,856 [INFO] UtilMem:75 - End LoadConfig() Used Memory: 888679624 Bytes (1073741824)
2026-09-03 13:17:50,017 [WARN] ThirdParty:833 - waiting for thirdparty lock release [change project]
2026-09-03 13:17:50,017 [INFO] ThirdParty:835 - entering critical section [change project]
2026-09-03 13:17:50,017 [INFO] ThirdParty:1030 - CMSIS Pack Vendor :STMicroelectronics X-CUBE-AZRTOS-H7 3.5.0
2026-09-03 13:17:50,017 [INFO] ThirdParty:1030 - CMSIS Pack Vendor :STMicroelectronics X-CUBE-PM33A1 1.0.0
2026-09-03 13:17:50,017 [INFO] ThirdParty:1030 - CMSIS Pack Vendor :STMicroelectronics USBPD 4.1
2026-09-03 13:17:50,017 [INFO] ThirdParty:1030 - CMSIS Pack Vendor :STMicroelectronics X-CUBE-AZRTOS-H7 3.3.0
2026-09-03 13:17:50,017 [INFO] ThirdParty:1030 - CMSIS Pack Vendor :STMicroelectronics X-CUBE-NFC9 1.0.0
2026-09-03 13:17:50,017 [INFO] ThirdParty:1030 - CMSIS Pack Vendor :STMicroelectronics USB_HOST 2.0.0
2026-09-03 13:17:50,017 [INFO] ThirdParty:1030 - CMSIS Pack Vendor :STMicroelectronics FP-SNS-MOTENVWB1 1.4.0
2026-09-03 13:17:50,017 [INFO] ThirdParty:1030 - CMSIS Pack Vendor :STMicroelectronics FP-ATR-ASTRA1 2.0.3
2026-09-03 13:17:50,017 [INFO] ThirdParty:1030 - CMSIS Pack Vendor :STMicroelectronics X-CUBE-AZRTOS-F4 1.1.0
2026-09-03 13:17:50,017 [INFO] ThirdParty:1030 - CMSIS Pack Vendor :STMicroelectronics LIBJPEG 8.0.0
2026-09-03 13:17:50,017 [INFO] ThirdParty:1030 - CMSIS Pack Vendor :STMicroelectronics FP-ATR-ASTRA1 2.0.2
2026-09-03 13:17:50,018 [INFO] ThirdParty:1030 - CMSIS Pack Vendor :STMicroelectronics X-CUBE-BLE1 7.1.0
2026-09-03 13:17:50,018 [INFO] ThirdParty:1030 - CMSIS Pack Vendor :STMicroelectronics X-CUBE-SMBUS 2.1.0
2026-09-03 13:17:50,018 [INFO] ThirdParty:1030 - CMSIS Pack Vendor :wolfSSL I-CUBE-wolfMQTT 1.19.2
2026-09-03 13:17:50,018 [INFO] ThirdParty:1030 - CMSIS Pack Vendor :STMicroelectronics USB_DEVICE 3.0.0
2026-09-03 13:17:50,018 [INFO] ThirdParty:1030 - CMSIS Pack Vendor :STMicroelectronics X-CUBE-ISPU 2.1.0
2026-09-03 13:17:50,018 [INFO] ThirdParty:1030 - CMSIS Pack Vendor :STMicroelectronics X-CUBE-EEPRMA1 5.2.0
2026-09-03 13:17:50,018 [INFO] ThirdParty:1030 - CMSIS Pack Vendor :STMicroelectronics X-CUBE-AZRTOS-WB 2.0.0
2026-09-03 13:17:50,018 [INFO] ThirdParty:1030 - CMSIS Pack Vendor :STMicroelectronics X-CUBE-GNSS1 7.0.1
2026-09-03 13:17:50,018 [INFO] ThirdParty:1030 - CMSIS Pack Vendor :STMicroelectronics X-CUBE-NFC12 1.0.0
2026-09-03 13:17:50,018 [INFO] ThirdParty:1030 - CMSIS Pack Vendor :STMicroelectronics X-CUBE-AZRTOS-F7 1.1.0
2026-09-03 13:17:50,018 [INFO] ThirdParty:1030 - CMSIS Pack Vendor :STMicroelectronics X-CUBE-AZRTOS-L5 2.0.0
2026-09-03 13:17:50,018 [INFO] ThirdParty:1030 - CMSIS Pack Vendor :STMicroelectronics X-CUBE-TOUCHGFX 4.25.0
2026-09-03 13:17:50,018 [INFO] ThirdParty:1030 - CMSIS Pack Vendor :STMicroelectronics USB_DEVICE 2.0.0
2026-09-03 13:17:50,018 [INFO] ThirdParty:1030 - CMSIS Pack Vendor :STMicroelectronics X-CUBE-NFC6 3.1.0
2026-09-03 13:17:50,018 [INFO] ThirdParty:1030 - CMSIS Pack Vendor :STMicroelectronics X-CUBE-AI 10.1.0
2026-09-03 13:17:50,018 [INFO] ThirdParty:1030 - CMSIS Pack Vendor :STMicroelectronics FP-SNS-STBOX1 2.0.0
2026-09-03 13:17:50,018 [INFO] ThirdParty:1030 - CMSIS Pack Vendor :STMicroelectronics X-CUBE-STSE01 2.0.0
2026-09-03 13:17:50,018 [INFO] ThirdParty:1030 - CMSIS Pack Vendor :STMicroelectronics X-CUBE-ALGOBUILD 1.5.0
2026-09-03 13:17:50,018 [INFO] ThirdParty:1030 - CMSIS Pack Vendor :STMicroelectronics FreeRTOS 0.0.1
2026-09-03 13:17:50,018 [INFO] ThirdParty:1030 - CMSIS Pack Vendor :STMicroelectronics X-CUBE-AZRTOS-H7RS 1.3.0
2026-09-03 13:17:50,018 [INFO] ThirdParty:1030 - CMSIS Pack Vendor :STMicroelectronics X-CUBE-AZRTOS-G0 1.1.0
2026-09-03 13:17:50,018 [INFO] ThirdParty:1030 - CMSIS Pack Vendor :STMicroelectronics X-CUBE-SAFEA1 1.2.2
2026-09-03 13:17:50,018 [INFO] ThirdParty:1030 - CMSIS Pack Vendor :STMicroelectronics X-CUBE-NFC4 3.0.0
2026-09-03 13:17:50,019 [INFO] ThirdParty:1030 - CMSIS Pack Vendor :STMicroelectronics X-CUBE-SUBG2 5.0.0
2026-09-03 13:17:50,019 [INFO] ThirdParty:1030 - CMSIS Pack Vendor :STMicroelectronics X-CUBE-AZRTOS-H7RS 1.1.0
2026-09-03 13:17:50,019 [INFO] ThirdParty:1030 - CMSIS Pack Vendor :STMicroelectronics STM32_WPAN 1.0.0
2026-09-03 13:17:50,019 [INFO] ThirdParty:1030 - CMSIS Pack Vendor :EmbeddedOffice I-CUBE-FS-RTOS 1.0.1
2026-09-03 13:17:50,019 [INFO] ThirdParty:1030 - CMSIS Pack Vendor :STMicroelectronics lwIP 2.0.3
2026-09-03 13:17:50,019 [INFO] ThirdParty:1030 - CMSIS Pack Vendor :STMicroelectronics X-CUBE-MEMS1 13.0.0
2026-09-03 13:17:50,019 [INFO] ThirdParty:1030 - CMSIS Pack Vendor :Cesanta I-CUBE-Mongoose 7.13.0
2026-09-03 13:17:50,019 [INFO] ThirdParty:1030 - CMSIS Pack Vendor :STMicroelectronics USB_HOST 1.0.0
2026-09-03 13:17:50,019 [INFO] ThirdParty:1030 - CMSIS Pack Vendor :Infineon AIROC-Wi-Fi-Bluetooth-STM32 1.7.0
2026-09-03 13:17:50,019 [INFO] ThirdParty:1030 - CMSIS Pack Vendor :STMicroelectronics X-CUBE-AZRTOS-G4 2.0.0
2026-09-03 13:17:50,019 [INFO] ThirdParty:1030 - CMSIS Pack Vendor :STMicroelectronics X-CUBE-WB05N 2.0.0
2026-09-03 13:17:50,019 [INFO] ThirdParty:1030 - CMSIS Pack Vendor :STMicroelectronics PDM2PCM 3.1.0
2026-09-03 13:17:50,019 [INFO] ThirdParty:1030 - CMSIS Pack Vendor :STMicroelectronics PDM2PCM 3.3.0
2026-09-03 13:17:50,019 [INFO] ThirdParty:1030 - CMSIS Pack Vendor :wolfSSL I-CUBE-wolfTPM 3.8.0
2026-09-03 13:17:50,019 [INFO] ThirdParty:1030 - CMSIS Pack Vendor :STMicroelectronics X-CUBE-DISPLAY 3.0.0
2026-09-03 13:17:50,019 [INFO] ThirdParty:1030 - CMSIS Pack Vendor :wolfSSL I-CUBE-wolfSSH 1.4.20
2026-09-03 13:17:50,019 [INFO] ThirdParty:1030 - CMSIS Pack Vendor :STMicroelectronics X-CUBE-NFC7 2.0.0
2026-09-03 13:17:50,019 [INFO] ThirdParty:1030 - CMSIS Pack Vendor :STMicroelectronics X-CUBE-GNSS1 7.1.1
2026-09-03 13:17:50,019 [INFO] ThirdParty:1030 - CMSIS Pack Vendor :RealThread X-CUBE-RT-Thread_Nano 4.1.1
2026-09-03 13:17:50,019 [INFO] ThirdParty:1030 - CMSIS Pack Vendor :STMicroelectronics FP-ATR-SIGFOX1 3.2.0
2026-09-03 13:17:50,019 [INFO] ThirdParty:1030 - CMSIS Pack Vendor :STMicroelectronics X-CUBE-NFC10 1.0.0
2026-09-03 13:17:50,019 [INFO] ThirdParty:1030 - CMSIS Pack Vendor :STMicroelectronics X-CUBE-BLEMGR 4.0.0
2026-09-03 13:17:50,019 [INFO] ThirdParty:1030 - CMSIS Pack Vendor :STMicroelectronics X-CUBE-EEPRMA1 5.1.0
2026-09-03 13:17:50,019 [INFO] ThirdParty:1030 - CMSIS Pack Vendor :STMicroelectronics X-CUBE-FREERTOS 1.3.1
2026-09-03 13:17:50,019 [INFO] ThirdParty:1030 - CMSIS Pack Vendor :STMicroelectronics HAL Drivers 0.0.0
2026-09-03 13:17:50,019 [INFO] ThirdParty:1030 - CMSIS Pack Vendor :STMicroelectronics MBEDTLS 2.16.2
2026-09-03 13:17:50,020 [INFO] ThirdParty:1030 - CMSIS Pack Vendor :STMicroelectronics X-CUBE-ALS 1.0.2
2026-09-03 13:17:50,020 [INFO] ThirdParty:1030 - CMSIS Pack Vendor :emotas I-CUBE-CANOPEN 1.3.0
2026-09-03 13:17:50,020 [INFO] ThirdParty:1030 - CMSIS Pack Vendor :STMicroelectronics MBEDTLS 2.14.1
2026-09-03 13:17:50,020 [INFO] ThirdParty:1030 - CMSIS Pack Vendor :ITTIA_DB I-CUBE-ITTIADB 8.9.0
2026-09-03 13:17:50,020 [INFO] ThirdParty:1030 - CMSIS Pack Vendor :STMicroelectronics X-CUBE-TOUCHGFX 4.26.1
2026-09-03 13:17:50,020 [INFO] ThirdParty:1030 - CMSIS Pack Vendor :portGmbH I-Cube-SoM-uGOAL 1.1.0
2026-09-03 13:17:50,020 [INFO] ThirdParty:1030 - CMSIS Pack Vendor :STMicroelectronics X-CUBE-NFC6 3.2.0
2026-09-03 13:17:50,020 [INFO] ThirdParty:1030 - CMSIS Pack Vendor :quantropi X-CUBE-qispace-sdk-base 2.0.0
2026-09-03 13:17:50,020 [INFO] ThirdParty:1030 - CMSIS Pack Vendor :STMicroelectronics X-CUBE-AI 10.2.1
2026-09-03 13:17:50,020 [INFO] ThirdParty:1030 - CMSIS Pack Vendor :STMicroelectronics ThreadX 1.0.0
2026-09-03 13:17:50,020 [INFO] ThirdParty:1030 - CMSIS Pack Vendor :STMicroelectronics FP-SNS-SMARTAG2 1.2.0
2026-09-03 13:17:50,020 [INFO] ThirdParty:1030 - CMSIS Pack Vendor :STMicroelectronics X-CUBE-AZRTOS-WL 2.0.0
2026-09-03 13:17:50,020 [INFO] ThirdParty:1030 - CMSIS Pack Vendor :SEGGER I-CUBE-embOS 1.3.1
2026-09-03 13:17:50,020 [INFO] ThirdParty:1030 - CMSIS Pack Vendor :STMicroelectronics X-CUBE-ALGOBUILD 1.4.0
2026-09-03 13:17:50,020 [INFO] ThirdParty:1030 - CMSIS Pack Vendor :STMicroelectronics X-CUBE-DPower 1.3.0
2026-09-03 13:17:50,020 [INFO] ThirdParty:1030 - CMSIS Pack Vendor :STMicroelectronics X-CUBE-MEMS1 11.3.0
2026-09-03 13:17:50,020 [INFO] ThirdParty:1030 - CMSIS Pack Vendor :STMicroelectronics FP-SNS-MOTENV1 5.0.0
2026-09-03 13:17:50,020 [INFO] ThirdParty:1030 - CMSIS Pack Vendor :STMicroelectronics USB_DEVICE 1.0.0
2026-09-03 13:17:50,020 [INFO] ThirdParty:1030 - CMSIS Pack Vendor :STMicroelectronics X-CUBE-AZRTOS-L4 2.0.0
2026-09-03 13:17:50,020 [INFO] ThirdParty:1030 - CMSIS Pack Vendor :STMicroelectronics ThreadX 0.0.2
2026-09-03 13:17:50,020 [INFO] ThirdParty:1030 - CMSIS Pack Vendor :WES I-CUBE-Cesium 1.3.0
2026-09-03 13:17:50,020 [INFO] ThirdParty:1030 - CMSIS Pack Vendor :STMicroelectronics lwIP 2.1.2
2026-09-03 13:17:50,020 [INFO] ThirdParty:1030 - CMSIS Pack Vendor :STMicroelectronics X-CUBE-SFXS2LP1 4.0.0
2026-09-03 13:17:50,020 [INFO] ThirdParty:1030 - CMSIS Pack Vendor :STMicroelectronics X-CUBE-BLE2 3.3.0
2026-09-03 13:17:50,020 [INFO] ThirdParty:1030 - CMSIS Pack Vendor :STMicroelectronics X-CUBE-NFC13 1.0.0
2026-09-03 13:17:50,020 [INFO] ThirdParty:1030 - CMSIS Pack Vendor :STMicroelectronics PDM2PCM 3.2.0
2026-09-03 13:17:50,020 [INFO] ThirdParty:1030 - CMSIS Pack Vendor :STMicroelectronics X-CUBE-WB05N 2.1.0
2026-09-03 13:17:50,022 [INFO] ThirdParty:841 - exiting critical section [change project]
2026-09-03 13:17:50,861 [INFO] PinOutPanel:1561 - setPackage(No Configuration,No Configuration)
2026-09-03 13:17:50,862 [INFO] PinOutPanel:1561 - setPackage(STM32F446RETx,LQFP64)
2026-09-03 13:17:52,406 [INFO] UtilMem:75 - Before build in PCC Used Memory: 785462624 Bytes (1073741824)
2026-09-03 13:17:55,147 [INFO] UtilMem:75 - After build in PCC Used Memory: 860433760 Bytes (1073741824)
2026-09-03 13:17:55,229 [INFO] IPUIPlugin:80 - create IPUIPlugin
2026-09-03 13:17:55,229 [INFO] IPUIPlugin:80 - create IPUIPlugin
2026-09-03 13:17:55,229 [INFO] IPUIPlugin:80 - create IPUIPlugin
2026-09-03 13:17:55,229 [INFO] IPUIPlugin:80 - create IPUIPlugin
2026-09-03 13:17:55,229 [INFO] IPUIPlugin:80 - create IPUIPlugin
2026-09-03 13:17:55,229 [INFO] IPUIPlugin:80 - create IPUIPlugin
2026-09-03 13:17:55,230 [INFO] IPUIPlugin:80 - create IPUIPlugin
2026-09-03 13:17:55,230 [INFO] IPUIPlugin:80 - create IPUIPlugin
2026-09-03 13:17:55,230 [INFO] IPUIPlugin:80 - create IPUIPlugin
2026-09-03 13:17:55,230 [INFO] IPUIPlugin:80 - create IPUIPlugin
2026-09-03 13:17:55,230 [INFO] IPUIPlugin:80 - create IPUIPlugin
2026-09-03 13:17:55,232 [INFO] IPUIPlugin:80 - create IPUIPlugin
2026-09-03 13:17:55,232 [INFO] IPUIPlugin:80 - create IPUIPlugin
2026-09-03 13:17:55,232 [INFO] IPUIPlugin:80 - create IPUIPlugin
2026-09-03 13:17:55,232 [INFO] IPUIPlugin:80 - create IPUIPlugin
2026-09-03 13:17:55,233 [INFO] IPUIPlugin:80 - create IPUIPlugin
2026-09-03 13:17:55,233 [INFO] IPUIPlugin:80 - create IPUIPlugin
2026-09-03 13:17:55,233 [INFO] IPUIPlugin:80 - create IPUIPlugin
2026-09-03 13:17:55,233 [INFO] IPUIPlugin:80 - create IPUIPlugin
2026-09-03 13:17:55,234 [INFO] IPUIPlugin:80 - create IPUIPlugin
2026-09-03 13:17:55,234 [INFO] IPUIPlugin:80 - create IPUIPlugin
2026-09-03 13:17:55,235 [INFO] IPUIPlugin:80 - create IPUIPlugin
2026-09-03 13:17:55,235 [INFO] IPUIPlugin:80 - create IPUIPlugin
2026-09-03 13:17:55,236 [INFO] IPUIPlugin:80 - create IPUIPlugin
2026-09-03 13:17:55,236 [INFO] IPUIPlugin:80 - create IPUIPlugin
2026-09-03 13:17:55,236 [INFO] IPUIPlugin:80 - create IPUIPlugin
2026-09-03 13:17:55,237 [INFO] IPUIPlugin:80 - create IPUIPlugin
2026-09-03 13:17:55,237 [INFO] IPUIPlugin:80 - create IPUIPlugin
2026-09-03 13:17:55,238 [INFO] IPUIPlugin:80 - create IPUIPlugin
2026-09-03 13:17:55,238 [INFO] IPUIPlugin:80 - create IPUIPlugin
2026-09-03 13:17:55,239 [INFO] IPUIPlugin:80 - create IPUIPlugin
2026-09-03 13:17:55,240 [INFO] IPUIPlugin:80 - create IPUIPlugin
2026-09-03 13:17:55,240 [INFO] IPUIPlugin:80 - create IPUIPlugin
2026-09-03 13:17:55,241 [INFO] IPUIPlugin:80 - create IPUIPlugin
2026-09-03 13:17:55,242 [INFO] IPUIPlugin:80 - create IPUIPlugin
2026-09-03 13:17:55,243 [INFO] IPUIPlugin:80 - create IPUIPlugin
2026-09-03 13:17:55,244 [INFO] IPUIPlugin:80 - create IPUIPlugin
2026-09-03 13:17:55,244 [INFO] IPUIPlugin:80 - create IPUIPlugin
2026-09-03 13:17:55,245 [INFO] IPUIPlugin:80 - create IPUIPlugin
2026-09-03 13:17:55,246 [INFO] IPUIPlugin:80 - create IPUIPlugin
2026-09-03 13:17:55,246 [INFO] IPUIPlugin:80 - create IPUIPlugin
2026-09-03 13:17:55,247 [INFO] IPUIPlugin:80 - create IPUIPlugin
2026-09-03 13:17:55,247 [INFO] IPUIPlugin:80 - create IPUIPlugin
2026-09-03 13:17:55,248 [INFO] IPUIPlugin:80 - create IPUIPlugin
2026-09-03 13:17:55,248 [INFO] IPUIPlugin:80 - create IPUIPlugin
2026-09-03 13:17:55,249 [INFO] IPUIPlugin:80 - create IPUIPlugin
2026-09-03 13:17:55,250 [INFO] IPUIPlugin:80 - create IPUIPlugin
2026-09-03 13:17:55,250 [INFO] IPUIPlugin:80 - create IPUIPlugin
2026-09-03 13:17:55,251 [INFO] IPUIPlugin:80 - create IPUIPlugin
2026-09-03 13:17:55,252 [INFO] IPUIPlugin:80 - create IPUIPlugin
2026-09-03 13:17:55,252 [INFO] IPUIPlugin:80 - create IPUIPlugin
2026-09-03 13:17:55,253 [INFO] IPUIPlugin:80 - create IPUIPlugin
2026-09-03 13:17:55,254 [INFO] IPUIPlugin:80 - create IPUIPlugin
2026-09-03 13:17:55,254 [INFO] IPUIPlugin:80 - create IPUIPlugin
2026-09-03 13:17:55,255 [INFO] IPUIPlugin:80 - create IPUIPlugin
2026-09-03 13:17:55,256 [INFO] IPUIPlugin:80 - create IPUIPlugin
2026-09-03 13:17:55,257 [INFO] IPUIPlugin:80 - create IPUIPlugin
2026-09-03 13:17:55,259 [INFO] IPUIPlugin:80 - create IPUIPlugin
2026-09-03 13:17:55,261 [INFO] IPUIPlugin:80 - create IPUIPlugin
2026-09-03 13:17:55,262 [INFO] IPUIPlugin:80 - create IPUIPlugin
2026-09-03 13:17:55,634 [INFO] ApiDbMcu:508 - Load IP Config File for PDM2PCM
2026-09-03 13:17:56,140 [INFO] CADModel:165 - CPN selected for project levelSTM32F446RET6
2026-09-03 13:17:56,140 [INFO] CADModel:114 - Register for checkConnection events
2026-09-03 13:17:56,215 [INFO] OpenFileManager:363 - Restore cursor
2026-09-03 13:17:57,514 [INFO] WebApp:189 - Connection lost
2026-09-03 13:18:01,686 [INFO] WebApp:186 - Connection restablished
2026-09-03 13:18:02,060 [INFO] UtilMem:75 - End SaveConfig() Used Memory: 783758848 Bytes (1073741824)
2026-09-03 13:18:03,393 [INFO] ServerAccessManage:473 - Download File stm32cube_fw_f4_v1280.zip
2026-09-03 13:20:56,980 [INFO] WebApp:189 - Connection lost
2026-09-03 13:20:57,545 [INFO] WebApp:186 - Connection restablished
2026-09-03 13:22:07,424 [INFO] AnalyticsPlugin:368 - Accepted License(s): [FW.F4.1.28.0]
2026-09-03 13:22:07,425 [INFO] FileExtend:240 - Unzip File : stm32cube_fw_f4_v1280.zip
2026-09-03 13:22:07,425 [INFO] FileExtend:255 - Standard Zip Deflate
2026-09-03 13:23:56,200 [INFO] ServerAccessManage:473 - Download File stm32cube_fw_f4_v1283.zip
2026-09-03 13:26:02,977 [INFO] WebApp:189 - Connection lost
2026-09-03 13:26:03,417 [INFO] WebApp:186 - Connection restablished
2026-09-03 13:26:07,946 [INFO] FileExtend:240 - Unzip File : stm32cube_fw_f4_v1283.zip
2026-09-03 13:26:07,947 [INFO] FileExtend:255 - Standard Zip Deflate
2026-09-03 13:27:32,922 [INFO] LoadServerPackagesThread:196 - End of LoadServerPackages Thread
2026-09-03 13:27:33,119 [INFO] ThirdPartyModel:298 - Start build external matchings
2026-09-03 13:27:33,146 [INFO] UtilMem:75 - End SaveConfig() Used Memory: 793440432 Bytes (1073741824)
2026-09-03 13:27:34,016 [INFO] BlockDiagram:2766 - set Specific Code input for plugin: RCC
2026-09-03 13:27:34,016 [INFO] BlockDiagram:2766 - set Specific Code input for plugin: NVIC
2026-09-03 13:27:34,018 [INFO] CodeGenerator:807 - code generatio: config db path: D:\ST\STM32CubeIDE_1.16.0\STM32CubeIDE\plugins\com.st.stm32cube.common.mx_6.12.0.202406281431\\db\
2026-09-03 13:27:34,418 [INFO] CodeEngine:255 - oldGeneratedFile, D:\Neeraj_STM32_Projects\basics\MXTmpFiles\license.tmp_save
2026-09-03 13:27:34,497 [INFO] ThirdPartyModel:316 - End build external matchings
2026-09-03 13:27:34,519 [INFO] CheckServerUpdateThread:120 - End of CheckServer Thread
2026-09-03 13:27:35,050 [INFO] CodeEngine:279 - Generated code: D:\Neeraj_STM32_Projects\basics\MXTmpFiles\license.tmp
2026-09-03 13:27:35,095 [INFO] CodeEngine:255 - oldGeneratedFile, D:\Neeraj_STM32_Projects\basics\Core\Src\stm32f4xx_it.c_save
2026-09-03 13:27:35,440 [INFO] CodeEngine:279 - Generated code: D:\Neeraj_STM32_Projects\basics\Core\Src\stm32f4xx_it.c
2026-09-03 13:27:35,463 [INFO] CodeEngine:255 - oldGeneratedFile, D:\Neeraj_STM32_Projects\basics\Core\Inc\stm32f4xx_it.h_save
2026-09-03 13:27:35,681 [INFO] CodeEngine:279 - Generated code: D:\Neeraj_STM32_Projects\basics\Core\Inc\stm32f4xx_it.h
2026-09-03 13:27:35,887 [INFO] CodeEngine:255 - oldGeneratedFile, D:\Neeraj_STM32_Projects\basics\Core\Src\stm32f4xx_hal_msp.c_save
2026-09-03 13:27:36,155 [INFO] CodeEngine:279 - Generated code: D:\Neeraj_STM32_Projects\basics\Core\Src\stm32f4xx_hal_msp.c
2026-09-03 13:27:36,188 [INFO] CodeEngine:255 - oldGeneratedFile, D:\Neeraj_STM32_Projects\basics\MXTmpFiles\system.tmp_save
2026-09-03 13:27:36,326 [INFO] CodeEngine:279 - Generated code: D:\Neeraj_STM32_Projects\basics\MXTmpFiles\system.tmp
2026-09-03 13:27:36,358 [INFO] CodeEngine:311 - oldGeneratedFile, D:\Neeraj_STM32_Projects\basics\Core\Inc\stm32f4xx_hal_conf.h_save
2026-09-03 13:27:36,529 [INFO] CodeEngine:335 - Generated code: D:\Neeraj_STM32_Projects\basics\Core\Inc\stm32f4xx_hal_conf.h
2026-09-03 13:27:36,620 [WARN] IPConfigManager:3005 - Warning: the RefConfig PLL2P_FOR_MCO is not available in your config.xml file
2026-09-03 13:27:36,673 [INFO] CodeEngine:255 - oldGeneratedFile, D:\Neeraj_STM32_Projects\basics\Core\Inc\main.h_save
2026-09-03 13:27:36,863 [INFO] CodeEngine:279 - Generated code: D:\Neeraj_STM32_Projects\basics\Core\Inc\main.h
2026-09-03 13:27:36,884 [INFO] CodeEngine:255 - oldGeneratedFile, D:\Neeraj_STM32_Projects\basics\Core\Src\main.c_save
2026-09-03 13:27:37,115 [INFO] CodeEngine:279 - Generated code: D:\Neeraj_STM32_Projects\basics\Core\Src\main.c
2026-09-03 13:27:37,557 [INFO] ProjectBuilder:3249 - Time for Copy HAL[1] : 229mS.
2026-09-03 13:27:37,567 [INFO] ProjectBuilder:4828 - Project Generator version: 4.4.0-B60
2026-09-03 13:27:37,733 [INFO] ConfigFileManager:1531 - The Die is : DIE421
2026-09-03 13:27:37,766 [INFO] ApiDbMcu:508 - Load IP Config File for FATFS
2026-09-03 13:27:37,795 [INFO] ApiDbMcu:508 - Load IP Config File for FREERTOS
2026-09-03 13:27:37,821 [INFO] ApiDbMcu:508 - Load IP Config File for LIBJPEG
2026-09-03 13:27:37,848 [INFO] ApiDbMcu:508 - Load IP Config File for MBEDTLS
2026-09-03 13:27:37,878 [INFO] ApiDbMcu:508 - Load IP Config File for USB_DEVICE
2026-09-03 13:27:37,897 [INFO] ApiDbMcu:508 - Load IP Config File for USB_HOST
2026-09-03 13:27:38,870 [INFO] LogOutputStream:77 - [STDOUT_REDIRECT] 
2026-09-03 13:27:44,498 [INFO] ProjectBuilder:5097 - Time for Generating toolchain IDE Files: 6929mS.
2026-09-03 13:27:44,500 [INFO] ProjectBuilder:3107 - Time for Copy CMSIS : 1mS.
2026-09-03 13:27:44,502 [INFO] ProjectBuilder:3107 - Time for Copy CMSIS : 0mS.
2026-09-03 13:27:46,395 [INFO] McuFinderGlobals:76 - Set McuFinderConnectedMode to true
2026-09-03 13:27:46,412 [INFO] ApiDb:448 - Save user favorites file C:\Users\user/.stm32cubeide/favorites.mcus.txt: 0 item(s)
2026-09-03 13:27:46,412 [INFO] ApiDb:452 - User favorites MCUs=[]
2026-09-03 13:27:46,416 [INFO] ApiDb:448 - Save user favorites file C:\Users\user/.stm32cubeide/favorites.boards.txt: 0 item(s)
2026-09-03 13:27:46,417 [INFO] ApiDb:452 - User favorites Boards=[]
2026-09-03 17:54:38,661 [INFO] WebApp:189 - Connection lost
2026-09-03 17:55:30,273 [INFO] WebApp:186 - Connection restablished
2026-09-03 17:55:32,045 [INFO] WebApp:189 - Connection lost
2026-09-03 17:55:32,324 [INFO] WebApp:186 - Connection restablished
2026-09-03 17:56:15,991 [INFO] WebApp:189 - Connection lost
2026-09-03 17:56:16,329 [INFO] WebApp:186 - Connection restablished
2026-09-03 17:57:56,988 [INFO] WebApp:189 - Connection lost
2026-09-03 17:57:57,310 [INFO] WebApp:186 - Connection restablished
2026-09-03 17:58:24,988 [INFO] WebApp:189 - Connection lost
2026-09-03 17:58:27,172 [INFO] WebApp:186 - Connection restablished
2026-09-03 17:58:31,476 [INFO] WebApp:189 - Connection lost
2026-09-03 17:58:31,701 [INFO] WebApp:186 - Connection restablished
2026-09-03 17:59:14,988 [INFO] WebApp:189 - Connection lost
2026-09-03 17:59:15,287 [INFO] WebApp:186 - Connection restablished
2026-09-03 17:59:27,493 [INFO] WebApp:189 - Connection lost
2026-09-03 17:59:27,737 [INFO] WebApp:186 - Connection restablished
2026-09-03 18:00:16,986 [INFO] WebApp:189 - Connection lost
2026-09-03 18:00:17,339 [INFO] WebApp:186 - Connection restablished
2026-09-03 18:01:42,477 [INFO] WebApp:189 - Connection lost
2026-09-03 18:01:42,764 [INFO] WebApp:186 - Connection restablished
2026-09-03 18:02:17,480 [INFO] WebApp:189 - Connection lost
2026-09-03 18:02:17,804 [INFO] WebApp:186 - Connection restablished
2026-09-03 18:02:36,984 [INFO] WebApp:189 - Connection lost
2026-09-03 18:02:37,245 [INFO] WebApp:186 - Connection restablished
2026-09-03 18:04:18,472 [INFO] WebApp:189 - Connection lost
2026-09-03 18:04:18,788 [INFO] WebApp:186 - Connection restablished
2026-09-03 18:04:46,976 [INFO] WebApp:189 - Connection lost
2026-09-03 18:04:47,219 [INFO] WebApp:186 - Connection restablished
2026-09-03 18:05:27,971 [INFO] WebApp:189 - Connection lost
2026-09-03 18:05:28,234 [INFO] WebApp:186 - Connection restablished
2026-09-03 18:06:02,981 [INFO] WebApp:189 - Connection lost
2026-09-03 18:06:03,295 [INFO] WebApp:186 - Connection restablished
2026-09-03 18:06:51,982 [INFO] WebApp:189 - Connection lost
2026-09-03 18:06:52,257 [INFO] WebApp:186 - Connection restablished
2026-09-03 18:07:56,469 [INFO] WebApp:189 - Connection lost
2026-09-03 18:07:56,797 [INFO] WebApp:186 - Connection restablished
2026-09-03 18:09:08,530 [INFO] WebApp:189 - Connection lost
2026-09-03 18:09:08,796 [INFO] WebApp:186 - Connection restablished
2026-09-03 18:09:27,970 [INFO] WebApp:189 - Connection lost
2026-09-03 18:09:28,207 [INFO] WebApp:186 - Connection restablished
2026-09-03 18:09:46,984 [INFO] WebApp:189 - Connection lost
2026-09-03 18:09:47,226 [INFO] WebApp:186 - Connection restablished
2026-09-03 18:11:14,471 [INFO] WebApp:189 - Connection lost
2026-09-03 18:11:14,805 [INFO] WebApp:186 - Connection restablished
2026-09-03 18:12:03,488 [INFO] WebApp:189 - Connection lost
2026-09-03 18:12:03,804 [INFO] WebApp:186 - Connection restablished
2026-09-03 18:12:39,472 [INFO] WebApp:189 - Connection lost
2026-09-03 18:12:39,780 [INFO] WebApp:186 - Connection restablished
2026-09-03 18:13:13,486 [INFO] WebApp:189 - Connection lost
2026-09-03 18:13:13,853 [INFO] WebApp:186 - Connection restablished
2026-09-03 18:13:32,980 [INFO] WebApp:189 - Connection lost
2026-09-03 18:13:33,227 [INFO] WebApp:186 - Connection restablished
2026-09-03 18:14:36,983 [INFO] WebApp:189 - Connection lost
2026-09-03 18:14:37,245 [INFO] WebApp:186 - Connection restablished
2026-09-03 18:15:06,492 [INFO] WebApp:189 - Connection lost
2026-09-03 18:15:06,746 [INFO] WebApp:186 - Connection restablished
2026-09-03 18:15:31,972 [INFO] WebApp:189 - Connection lost
2026-09-03 18:15:32,258 [INFO] WebApp:186 - Connection restablished
2026-09-03 18:16:06,974 [INFO] WebApp:189 - Connection lost
2026-09-03 18:16:07,355 [INFO] WebApp:186 - Connection restablished
2026-09-03 18:16:26,980 [INFO] WebApp:189 - Connection lost
2026-09-03 18:16:27,224 [INFO] WebApp:186 - Connection restablished
2026-09-03 18:16:53,975 [INFO] WebApp:189 - Connection lost
2026-09-03 18:16:54,215 [INFO] WebApp:186 - Connection restablished
2026-09-03 18:17:16,989 [INFO] WebApp:189 - Connection lost
2026-09-03 18:17:17,226 [INFO] WebApp:186 - Connection restablished
2026-09-03 18:17:45,488 [INFO] WebApp:189 - Connection lost
2026-09-03 18:17:45,721 [INFO] WebApp:186 - Connection restablished
2026-09-03 18:18:22,494 [INFO] WebApp:189 - Connection lost
2026-09-03 18:18:22,761 [INFO] WebApp:186 - Connection restablished
2026-09-03 19:09:20,570 [INFO] WebApp:189 - Connection lost
2026-09-03 19:11:28,658 [INFO] WebApp:186 - Connection restablished
2026-09-03 19:12:04,989 [INFO] WebApp:189 - Connection lost
2026-09-03 19:12:05,358 [INFO] WebApp:186 - Connection restablished
2026-09-03 19:12:20,470 [INFO] WebApp:189 - Connection lost
2026-09-03 19:12:20,711 [INFO] WebApp:186 - Connection restablished
2026-09-03 19:12:45,970 [INFO] WebApp:189 - Connection lost
2026-09-03 19:12:46,229 [INFO] WebApp:186 - Connection restablished
2026-09-03 19:13:05,478 [INFO] WebApp:189 - Connection lost
2026-09-03 19:13:05,856 [INFO] WebApp:186 - Connection restablished
2026-09-03 19:13:22,994 [INFO] WebApp:189 - Connection lost
2026-09-03 19:13:23,245 [INFO] WebApp:186 - Connection restablished
2026-09-03 19:13:42,993 [INFO] WebApp:189 - Connection lost
2026-09-03 19:13:43,253 [INFO] WebApp:186 - Connection restablished
2026-09-03 19:13:57,477 [INFO] WebApp:189 - Connection lost
2026-09-03 19:13:57,741 [INFO] WebApp:186 - Connection restablished
2026-09-03 19:14:59,478 [INFO] WebApp:189 - Connection lost
2026-09-03 19:14:59,933 [INFO] WebApp:186 - Connection restablished
2026-09-03 19:15:39,982 [INFO] WebApp:189 - Connection lost
2026-09-03 19:15:40,405 [INFO] WebApp:186 - Connection restablished
2026-09-03 19:15:57,987 [INFO] WebApp:189 - Connection lost
2026-09-03 19:15:58,207 [INFO] WebApp:186 - Connection restablished
2026-09-03 19:16:15,484 [INFO] WebApp:189 - Connection lost
2026-09-03 19:16:15,762 [INFO] WebApp:186 - Connection restablished
2026-09-03 19:16:35,487 [INFO] WebApp:189 - Connection lost
2026-09-03 19:16:35,792 [INFO] WebApp:186 - Connection restablished
2026-09-03 19:17:04,970 [INFO] WebApp:189 - Connection lost
2026-09-03 19:17:10,018 [INFO] WebApp:186 - Connection restablished
2026-09-03 19:17:58,975 [INFO] WebApp:189 - Connection lost
2026-09-03 19:17:59,756 [INFO] WebApp:186 - Connection restablished
2026-09-03 19:18:24,986 [INFO] WebApp:189 - Connection lost
2026-09-03 19:18:25,243 [INFO] WebApp:186 - Connection restablished
2026-09-03 19:18:42,987 [INFO] WebApp:189 - Connection lost
2026-09-03 19:18:43,220 [INFO] WebApp:186 - Connection restablished
2026-09-03 19:19:30,998 [INFO] WebApp:189 - Connection lost
2026-09-03 19:19:31,349 [INFO] WebApp:186 - Connection restablished
2026-09-03 19:20:00,493 [INFO] WebApp:189 - Connection lost
2026-09-03 19:20:00,733 [INFO] WebApp:186 - Connection restablished
2026-09-03 19:20:36,977 [INFO] WebApp:189 - Connection lost
2026-09-03 19:20:37,321 [INFO] WebApp:186 - Connection restablished
2026-09-03 19:21:19,494 [INFO] WebApp:189 - Connection lost
2026-09-03 19:21:19,921 [INFO] WebApp:186 - Connection restablished
2026-09-03 19:21:47,000 [INFO] WebApp:189 - Connection lost
2026-09-03 19:21:47,261 [INFO] WebApp:186 - Connection restablished
2026-09-03 19:22:06,504 [INFO] WebApp:189 - Connection lost
2026-09-03 19:22:06,925 [INFO] WebApp:186 - Connection restablished
2026-09-03 19:23:49,496 [INFO] WebApp:189 - Connection lost
2026-09-03 19:23:49,826 [INFO] WebApp:186 - Connection restablished
2026-09-03 19:24:37,005 [INFO] WebApp:189 - Connection lost
2026-09-03 19:24:37,314 [INFO] WebApp:186 - Connection restablished
2026-09-03 19:25:10,982 [INFO] WebApp:189 - Connection lost
2026-09-03 19:25:11,419 [INFO] WebApp:186 - Connection restablished
2026-09-03 19:25:40,500 [INFO] WebApp:189 - Connection lost
2026-09-03 19:25:40,780 [INFO] WebApp:186 - Connection restablished
2026-09-03 19:26:10,498 [INFO] WebApp:189 - Connection lost
2026-09-03 19:26:10,820 [INFO] WebApp:186 - Connection restablished
2026-09-03 19:26:27,990 [INFO] WebApp:189 - Connection lost
2026-09-03 19:26:28,269 [INFO] WebApp:186 - Connection restablished
2026-09-03 19:27:29,484 [INFO] WebApp:189 - Connection lost
2026-09-03 19:27:29,837 [INFO] WebApp:186 - Connection restablished
2026-09-03 19:28:04,981 [INFO] WebApp:189 - Connection lost
2026-09-03 19:28:05,321 [INFO] WebApp:186 - Connection restablished
2026-09-03 19:28:20,505 [INFO] WebApp:189 - Connection lost
2026-09-03 19:28:20,784 [INFO] WebApp:186 - Connection restablished
2026-09-03 19:28:58,971 [INFO] WebApp:189 - Connection lost
2026-09-03 19:28:59,575 [INFO] WebApp:186 - Connection restablished
2026-09-03 19:29:19,468 [INFO] WebApp:189 - Connection lost
2026-09-03 19:29:19,747 [INFO] WebApp:186 - Connection restablished
2026-09-03 19:29:35,989 [INFO] WebApp:189 - Connection lost
2026-09-03 19:29:36,280 [INFO] WebApp:186 - Connection restablished
2026-09-03 19:30:39,984 [INFO] WebApp:189 - Connection lost
2026-09-03 19:30:40,436 [INFO] WebApp:186 - Connection restablished
2026-09-03 19:31:31,988 [INFO] WebApp:189 - Connection lost
2026-09-03 19:31:32,431 [INFO] WebApp:186 - Connection restablished
2026-09-03 19:32:00,502 [INFO] WebApp:189 - Connection lost
2026-09-03 19:32:00,734 [INFO] WebApp:186 - Connection restablished
2026-09-03 19:32:29,501 [INFO] WebApp:189 - Connection lost
2026-09-03 19:32:29,762 [INFO] WebApp:186 - Connection restablished
2026-09-03 19:34:21,468 [INFO] WebApp:189 - Connection lost
2026-09-03 19:34:21,869 [INFO] WebApp:186 - Connection restablished
2026-09-03 19:34:41,491 [INFO] WebApp:189 - Connection lost
2026-09-03 19:34:41,735 [INFO] WebApp:186 - Connection restablished
2026-09-03 19:35:00,497 [INFO] WebApp:189 - Connection lost
2026-09-03 19:35:00,720 [INFO] WebApp:186 - Connection restablished
2026-09-03 19:35:40,470 [INFO] WebApp:189 - Connection lost
2026-09-03 19:35:40,878 [INFO] WebApp:186 - Connection restablished
2026-09-03 19:36:23,008 [INFO] WebApp:189 - Connection lost
2026-09-03 19:36:23,466 [INFO] WebApp:186 - Connection restablished
2026-09-03 19:37:18,986 [INFO] WebApp:189 - Connection lost
2026-09-03 19:37:19,672 [INFO] WebApp:186 - Connection restablished
2026-09-03 19:37:57,500 [INFO] WebApp:189 - Connection lost
2026-09-03 19:37:57,952 [INFO] WebApp:186 - Connection restablished
2026-09-03 19:39:29,478 [INFO] WebApp:189 - Connection lost
2026-09-03 19:39:29,868 [INFO] WebApp:186 - Connection restablished
2026-09-03 19:40:05,009 [INFO] WebApp:189 - Connection lost
2026-09-03 19:40:05,501 [INFO] WebApp:186 - Connection restablished
2026-09-03 19:40:11,490 [INFO] WebApp:189 - Connection lost
2026-09-03 19:40:11,759 [INFO] WebApp:186 - Connection restablished
2026-09-03 19:41:40,500 [INFO] WebApp:189 - Connection lost
2026-09-03 19:41:41,008 [INFO] WebApp:186 - Connection restablished
2026-09-03 19:42:19,979 [INFO] WebApp:189 - Connection lost
2026-09-03 19:42:20,505 [INFO] WebApp:186 - Connection restablished
2026-09-03 19:42:57,495 [INFO] WebApp:189 - Connection lost
2026-09-03 19:42:57,870 [INFO] WebApp:186 - Connection restablished
2026-09-03 19:44:30,482 [INFO] WebApp:189 - Connection lost
2026-09-03 19:44:30,821 [INFO] WebApp:186 - Connection restablished
2026-09-03 19:45:37,494 [INFO] WebApp:189 - Connection lost
2026-09-03 19:45:37,914 [INFO] WebApp:186 - Connection restablished
2026-09-03 19:47:00,488 [INFO] WebApp:189 - Connection lost
2026-09-03 19:47:00,908 [INFO] WebApp:186 - Connection restablished
2026-09-03 19:47:30,499 [INFO] WebApp:189 - Connection lost
2026-09-03 19:47:30,839 [INFO] WebApp:186 - Connection restablished
2026-09-03 19:47:49,995 [INFO] WebApp:189 - Connection lost
2026-09-03 19:47:50,256 [INFO] WebApp:186 - Connection restablished
2026-09-03 19:48:14,480 [INFO] WebApp:189 - Connection lost
2026-09-03 19:48:14,755 [INFO] WebApp:186 - Connection restablished
2026-09-03 19:49:06,500 [INFO] WebApp:189 - Connection lost
2026-09-03 19:49:06,881 [INFO] WebApp:186 - Connection restablished
2026-09-03 19:49:52,498 [INFO] WebApp:189 - Connection lost
2026-09-03 19:49:52,861 [INFO] WebApp:186 - Connection restablished
2026-09-03 19:50:20,002 [INFO] WebApp:189 - Connection lost
2026-09-03 19:50:20,248 [INFO] WebApp:186 - Connection restablished
2026-09-03 19:51:07,500 [INFO] WebApp:189 - Connection lost
2026-09-03 19:51:07,863 [INFO] WebApp:186 - Connection restablished
2026-09-03 19:53:38,492 [INFO] WebApp:189 - Connection lost
2026-09-03 19:53:39,153 [INFO] WebApp:186 - Connection restablished
2026-09-03 19:54:17,989 [INFO] WebApp:189 - Connection lost
2026-09-03 19:54:18,284 [INFO] WebApp:186 - Connection restablished
2026-09-03 19:56:14,989 [INFO] WebApp:189 - Connection lost
2026-09-03 19:56:15,454 [INFO] WebApp:186 - Connection restablished
2026-09-03 19:56:32,490 [INFO] WebApp:189 - Connection lost
2026-09-03 19:56:32,863 [INFO] WebApp:186 - Connection restablished
2026-09-03 19:57:40,495 [INFO] WebApp:189 - Connection lost
2026-09-03 19:57:40,795 [INFO] WebApp:186 - Connection restablished
2026-09-03 19:58:20,498 [INFO] WebApp:189 - Connection lost
2026-09-03 19:58:20,841 [INFO] WebApp:186 - Connection restablished
2026-09-03 19:58:40,489 [INFO] WebApp:189 - Connection lost
2026-09-03 19:58:40,754 [INFO] WebApp:186 - Connection restablished
2026-09-03 19:59:15,501 [INFO] WebApp:189 - Connection lost
2026-09-03 19:59:15,995 [INFO] WebApp:186 - Connection restablished
2026-09-03 20:00:50,491 [INFO] WebApp:189 - Connection lost
2026-09-03 20:00:50,885 [INFO] WebApp:186 - Connection restablished
2026-09-03 20:02:37,000 [INFO] WebApp:189 - Connection lost
2026-09-03 20:02:37,329 [INFO] WebApp:186 - Connection restablished
2026-09-03 20:03:25,510 [INFO] WebApp:189 - Connection lost
2026-09-03 20:03:26,037 [INFO] WebApp:186 - Connection restablished
2026-09-03 20:04:10,500 [INFO] WebApp:189 - Connection lost
2026-09-03 20:04:10,936 [INFO] WebApp:186 - Connection restablished
2026-09-03 20:04:30,004 [INFO] WebApp:189 - Connection lost
2026-09-03 20:04:30,383 [INFO] WebApp:186 - Connection restablished
2026-09-03 20:04:49,506 [INFO] WebApp:189 - Connection lost
2026-09-03 20:04:49,867 [INFO] WebApp:186 - Connection restablished
2026-09-03 20:05:18,497 [INFO] WebApp:189 - Connection lost
2026-09-03 20:05:18,962 [INFO] WebApp:186 - Connection restablished
2026-09-03 20:06:17,990 [INFO] WebApp:189 - Connection lost
2026-09-03 20:06:18,326 [INFO] WebApp:186 - Connection restablished
2026-09-03 20:07:10,486 [INFO] WebApp:189 - Connection lost
2026-09-03 20:07:10,960 [INFO] WebApp:186 - Connection restablished
2026-09-03 20:07:19,007 [INFO] WebApp:189 - Connection lost
2026-09-03 20:07:19,340 [INFO] WebApp:186 - Connection restablished
2026-09-03 20:07:35,500 [INFO] WebApp:189 - Connection lost
2026-09-03 20:07:35,887 [INFO] WebApp:186 - Connection restablished
2026-09-03 20:07:54,991 [INFO] WebApp:189 - Connection lost
2026-09-03 20:07:55,338 [INFO] WebApp:186 - Connection restablished
2026-09-03 20:08:58,998 [INFO] WebApp:189 - Connection lost
2026-09-03 20:08:59,428 [INFO] WebApp:186 - Connection restablished
2026-09-03 20:10:10,492 [INFO] WebApp:189 - Connection lost
2026-09-03 20:10:10,949 [INFO] WebApp:186 - Connection restablished
2026-09-03 20:10:29,998 [INFO] WebApp:189 - Connection lost
2026-09-03 20:10:30,349 [INFO] WebApp:186 - Connection restablished
2026-09-03 20:11:26,508 [INFO] WebApp:189 - Connection lost
2026-09-03 20:11:26,831 [INFO] WebApp:186 - Connection restablished
2026-09-03 20:12:00,486 [INFO] WebApp:189 - Connection lost
2026-09-03 20:12:00,965 [INFO] WebApp:186 - Connection restablished
2026-09-03 20:12:55,495 [INFO] WebApp:189 - Connection lost
2026-09-03 20:12:55,877 [INFO] WebApp:186 - Connection restablished
2026-09-03 20:13:58,001 [INFO] WebApp:189 - Connection lost
2026-09-03 20:13:58,507 [INFO] WebApp:186 - Connection restablished
2026-09-03 20:15:04,979 [INFO] WebApp:189 - Connection lost
2026-09-03 20:15:05,327 [INFO] WebApp:186 - Connection restablished
2026-09-03 20:15:40,474 [INFO] WebApp:189 - Connection lost
2026-09-03 20:15:41,213 [INFO] WebApp:186 - Connection restablished
2026-09-03 20:15:59,478 [INFO] WebApp:189 - Connection lost
2026-09-03 20:15:59,843 [INFO] WebApp:186 - Connection restablished
2026-09-03 20:18:47,984 [INFO] WebApp:189 - Connection lost
2026-09-03 20:18:48,500 [INFO] WebApp:186 - Connection restablished
2026-09-03 20:19:58,001 [INFO] WebApp:189 - Connection lost
2026-09-03 20:19:58,431 [INFO] WebApp:186 - Connection restablished
2026-09-03 20:20:17,494 [INFO] WebApp:189 - Connection lost
2026-09-03 20:20:17,867 [INFO] WebApp:186 - Connection restablished
2026-09-03 20:20:47,507 [INFO] WebApp:189 - Connection lost
2026-09-03 20:20:47,966 [INFO] WebApp:186 - Connection restablished
2026-09-03 20:21:45,494 [INFO] WebApp:189 - Connection lost
2026-09-03 20:21:46,146 [INFO] WebApp:186 - Connection restablished
2026-09-03 20:22:29,994 [INFO] WebApp:189 - Connection lost
2026-09-03 20:22:30,341 [INFO] WebApp:186 - Connection restablished
2026-09-03 20:22:49,496 [INFO] WebApp:189 - Connection lost
2026-09-03 20:22:49,860 [INFO] WebApp:186 - Connection restablished
2026-09-03 20:23:19,503 [INFO] WebApp:189 - Connection lost
2026-09-03 20:23:21,064 [INFO] WebApp:186 - Connection restablished
2026-09-03 20:23:59,495 [INFO] WebApp:189 - Connection lost
2026-09-03 20:23:59,936 [INFO] WebApp:186 - Connection restablished
2026-09-03 20:24:17,484 [INFO] WebApp:189 - Connection lost
2026-09-03 20:24:17,864 [INFO] WebApp:186 - Connection restablished
2026-09-03 20:25:11,003 [INFO] WebApp:189 - Connection lost
2026-09-03 20:25:11,640 [INFO] WebApp:186 - Connection restablished
2026-09-03 20:26:18,997 [INFO] WebApp:189 - Connection lost
2026-09-03 20:26:19,520 [INFO] WebApp:186 - Connection restablished
2026-09-03 20:26:35,469 [INFO] WebApp:189 - Connection lost
2026-09-03 20:26:35,729 [INFO] WebApp:186 - Connection restablished
2026-09-03 20:27:01,489 [INFO] WebApp:189 - Connection lost
2026-09-03 20:27:01,758 [INFO] WebApp:186 - Connection restablished
2026-09-03 20:27:20,990 [INFO] WebApp:189 - Connection lost
2026-09-03 20:27:21,275 [INFO] WebApp:186 - Connection restablished
2026-09-03 20:28:07,493 [INFO] WebApp:189 - Connection lost
2026-09-03 20:28:07,956 [INFO] WebApp:186 - Connection restablished
2026-09-03 20:28:40,499 [INFO] WebApp:189 - Connection lost
2026-09-03 20:28:40,941 [INFO] WebApp:186 - Connection restablished
2026-09-03 20:29:09,479 [INFO] WebApp:189 - Connection lost
2026-09-03 20:29:09,872 [INFO] WebApp:186 - Connection restablished
2026-09-03 20:29:46,498 [INFO] WebApp:189 - Connection lost
2026-09-03 20:29:46,927 [INFO] WebApp:186 - Connection restablished
2026-09-03 20:30:30,502 [INFO] WebApp:189 - Connection lost
2026-09-03 20:30:30,833 [INFO] WebApp:186 - Connection restablished
2026-09-03 20:31:15,506 [INFO] WebApp:189 - Connection lost
2026-09-03 20:31:15,985 [INFO] WebApp:186 - Connection restablished
2026-09-03 20:32:41,488 [INFO] WebApp:189 - Connection lost
2026-09-03 20:32:41,924 [INFO] WebApp:186 - Connection restablished
2026-09-03 20:33:30,475 [INFO] WebApp:189 - Connection lost
2026-09-03 20:33:30,989 [INFO] WebApp:186 - Connection restablished
2026-09-03 20:34:07,992 [INFO] WebApp:189 - Connection lost
2026-09-03 20:34:08,412 [INFO] WebApp:186 - Connection restablished
2026-09-03 20:35:10,497 [INFO] WebApp:189 - Connection lost
2026-09-03 20:35:10,974 [INFO] WebApp:186 - Connection restablished
2026-09-03 20:35:49,503 [INFO] WebApp:189 - Connection lost
2026-09-03 20:35:50,047 [INFO] WebApp:186 - Connection restablished
2026-09-03 20:36:26,495 [INFO] WebApp:189 - Connection lost
2026-09-03 20:36:26,984 [INFO] WebApp:186 - Connection restablished
2026-09-03 20:37:49,498 [INFO] WebApp:189 - Connection lost
2026-09-03 20:37:49,918 [INFO] WebApp:186 - Connection restablished
2026-09-03 20:38:06,985 [INFO] WebApp:189 - Connection lost
2026-09-03 20:38:07,330 [INFO] WebApp:186 - Connection restablished
2026-09-03 20:38:45,998 [INFO] WebApp:189 - Connection lost
2026-09-03 20:38:46,377 [INFO] WebApp:186 - Connection restablished
2026-09-03 20:40:56,512 [INFO] WebApp:189 - Connection lost
2026-09-03 20:40:56,909 [INFO] WebApp:186 - Connection restablished
2026-09-03 20:42:00,493 [INFO] WebApp:189 - Connection lost
2026-09-03 20:42:00,806 [INFO] WebApp:186 - Connection restablished
2026-09-03 20:59:27,510 [INFO] WebApp:189 - Connection lost
2026-09-03 21:03:34,921 [INFO] WebApp:186 - Connection restablished
2026-09-03 21:04:38,012 [INFO] WebApp:189 - Connection lost
2026-09-03 21:04:38,453 [INFO] WebApp:186 - Connection restablished
2026-09-03 21:05:04,994 [INFO] WebApp:189 - Connection lost
2026-09-03 21:05:05,363 [INFO] WebApp:186 - Connection restablished
2026-09-03 21:05:40,497 [INFO] WebApp:189 - Connection lost
2026-09-03 21:05:41,012 [INFO] WebApp:186 - Connection restablished
2026-09-03 21:06:35,004 [INFO] WebApp:189 - Connection lost
2026-09-03 21:06:35,774 [INFO] WebApp:186 - Connection restablished
2026-09-03 21:07:02,495 [INFO] WebApp:189 - Connection lost
2026-09-03 21:07:02,866 [INFO] WebApp:186 - Connection restablished
2026-09-03 21:07:31,017 [INFO] WebApp:189 - Connection lost
2026-09-03 21:07:31,321 [INFO] WebApp:186 - Connection restablished
2026-09-03 21:07:50,996 [INFO] WebApp:189 - Connection lost
2026-09-03 21:07:51,342 [INFO] WebApp:186 - Connection restablished
2026-09-03 21:09:32,511 [INFO] WebApp:189 - Connection lost
2026-09-03 21:09:33,134 [INFO] WebApp:186 - Connection restablished
2026-09-03 21:09:51,498 [INFO] WebApp:189 - Connection lost
2026-09-03 21:09:51,847 [INFO] WebApp:186 - Connection restablished
2026-09-03 21:10:31,004 [INFO] WebApp:189 - Connection lost
2026-09-03 21:10:31,388 [INFO] WebApp:186 - Connection restablished
2026-09-03 21:10:50,494 [INFO] WebApp:189 - Connection lost
2026-09-03 21:10:50,853 [INFO] WebApp:186 - Connection restablished
2026-09-03 21:11:06,011 [INFO] WebApp:189 - Connection lost
2026-09-03 21:11:06,355 [INFO] WebApp:186 - Connection restablished
2026-09-03 21:11:54,511 [INFO] WebApp:189 - Connection lost
2026-09-03 21:11:55,015 [INFO] WebApp:186 - Connection restablished
2026-09-03 21:12:21,516 [INFO] WebApp:189 - Connection lost
2026-09-03 21:12:21,902 [INFO] WebApp:186 - Connection restablished
2026-09-03 21:13:04,004 [INFO] WebApp:189 - Connection lost
2026-09-03 21:13:04,467 [INFO] WebApp:186 - Connection restablished
2026-09-03 21:13:17,529 [INFO] WebApp:189 - Connection lost
2026-09-03 21:13:17,917 [INFO] WebApp:186 - Connection restablished
2026-09-03 21:13:55,995 [INFO] WebApp:189 - Connection lost
2026-09-03 21:13:56,415 [INFO] WebApp:186 - Connection restablished
2026-09-03 21:14:14,496 [INFO] WebApp:189 - Connection lost
2026-09-03 21:14:14,912 [INFO] WebApp:186 - Connection restablished
2026-09-03 21:14:46,505 [INFO] WebApp:189 - Connection lost
2026-09-03 21:14:46,884 [INFO] WebApp:186 - Connection restablished
2026-09-03 21:15:15,514 [INFO] WebApp:189 - Connection lost
2026-09-03 21:15:15,796 [INFO] WebApp:186 - Connection restablished
2026-09-03 21:16:16,004 [INFO] WebApp:189 - Connection lost
2026-09-03 21:16:16,392 [INFO] WebApp:186 - Connection restablished
2026-09-03 21:16:33,520 [INFO] WebApp:189 - Connection lost
2026-09-03 21:16:33,803 [INFO] WebApp:186 - Connection restablished
2026-09-03 21:16:56,500 [INFO] WebApp:189 - Connection lost
2026-09-03 21:16:56,796 [INFO] WebApp:186 - Connection restablished
2026-09-03 21:19:52,025 [INFO] WebApp:189 - Connection lost
2026-09-03 21:19:52,700 [INFO] WebApp:186 - Connection restablished
2026-09-03 21:20:21,505 [INFO] WebApp:189 - Connection lost
2026-09-03 21:20:21,885 [INFO] WebApp:186 - Connection restablished
2026-09-03 21:20:52,001 [INFO] WebApp:189 - Connection lost
2026-09-03 21:20:52,544 [INFO] WebApp:186 - Connection restablished
2026-09-03 21:21:25,994 [INFO] WebApp:189 - Connection lost
2026-09-03 21:21:26,554 [INFO] WebApp:186 - Connection restablished
2026-09-03 21:21:44,512 [INFO] WebApp:189 - Connection lost
2026-09-03 21:21:44,852 [INFO] WebApp:186 - Connection restablished
2026-09-03 21:23:23,515 [INFO] WebApp:189 - Connection lost
2026-09-03 21:23:23,946 [INFO] WebApp:186 - Connection restablished
2026-09-03 21:23:43,012 [INFO] WebApp:189 - Connection lost
2026-09-03 21:23:43,397 [INFO] WebApp:186 - Connection restablished
2026-09-03 21:24:33,996 [INFO] WebApp:189 - Connection lost
2026-09-03 21:24:34,331 [INFO] WebApp:186 - Connection restablished
2026-09-03 21:24:54,004 [INFO] WebApp:189 - Connection lost
2026-09-03 21:24:54,320 [INFO] WebApp:186 - Connection restablished
2026-09-03 21:25:10,502 [INFO] WebApp:189 - Connection lost
2026-09-03 21:25:10,881 [INFO] WebApp:186 - Connection restablished
2026-09-03 21:25:25,999 [INFO] WebApp:189 - Connection lost
2026-09-03 21:25:26,301 [INFO] WebApp:186 - Connection restablished
2026-09-03 21:26:11,014 [INFO] WebApp:189 - Connection lost
2026-09-03 21:26:11,514 [INFO] WebApp:186 - Connection restablished
2026-09-03 21:26:28,034 [INFO] WebApp:189 - Connection lost
2026-09-03 21:26:28,359 [INFO] WebApp:186 - Connection restablished
2026-09-03 21:26:55,522 [INFO] WebApp:189 - Connection lost
2026-09-03 21:26:55,935 [INFO] WebApp:186 - Connection restablished
2026-09-03 21:27:26,996 [INFO] WebApp:189 - Connection lost
2026-09-03 21:27:27,360 [INFO] WebApp:186 - Connection restablished
2026-09-03 21:30:32,485 [INFO] WebApp:189 - Connection lost
2026-09-03 21:30:32,796 [INFO] WebApp:186 - Connection restablished
2026-09-03 21:33:37,975 [INFO] WebApp:189 - Connection lost
2026-09-03 21:33:38,286 [INFO] WebApp:186 - Connection restablished
2026-09-03 21:34:41,475 [INFO] WebApp:189 - Connection lost
2026-09-03 21:34:41,787 [INFO] WebApp:186 - Connection restablished
2026-09-03 21:37:48,473 [INFO] WebApp:189 - Connection lost
2026-09-03 21:37:48,759 [INFO] WebApp:186 - Connection restablished
2026-09-03 21:41:25,983 [INFO] WebApp:189 - Connection lost
2026-09-03 21:41:26,367 [INFO] WebApp:186 - Connection restablished
2026-09-03 21:44:32,479 [INFO] WebApp:189 - Connection lost
2026-09-03 21:44:32,901 [INFO] WebApp:186 - Connection restablished
2026-09-03 21:46:55,987 [INFO] WebApp:189 - Connection lost
2026-09-03 21:46:56,374 [INFO] WebApp:186 - Connection restablished
2026-09-03 21:50:01,981 [INFO] WebApp:189 - Connection lost
2026-09-03 21:50:02,355 [INFO] WebApp:186 - Connection restablished
2026-09-03 21:51:38,470 [INFO] WebApp:189 - Connection lost
2026-09-03 21:51:38,837 [INFO] WebApp:186 - Connection restablished
2026-09-03 21:54:43,483 [INFO] WebApp:189 - Connection lost
2026-09-03 21:54:43,800 [INFO] WebApp:186 - Connection restablished
2026-09-03 22:04:37,982 [INFO] WebApp:189 - Connection lost
2026-09-03 22:04:38,280 [INFO] WebApp:186 - Connection restablished
2026-09-03 22:05:30,502 [INFO] WebApp:189 - Connection lost
2026-09-03 22:05:30,983 [INFO] WebApp:186 - Connection restablished
2026-09-03 22:05:37,994 [INFO] WebApp:189 - Connection lost
2026-09-03 22:05:38,340 [INFO] WebApp:186 - Connection restablished
2026-09-03 22:07:07,549 [INFO] WebApp:189 - Connection lost
2026-09-03 22:07:08,105 [INFO] WebApp:186 - Connection restablished
2026-09-03 22:07:35,001 [INFO] WebApp:189 - Connection lost
2026-09-03 22:07:35,359 [INFO] WebApp:186 - Connection restablished
2026-09-03 22:08:02,972 [INFO] WebApp:189 - Connection lost
2026-09-03 22:08:03,315 [INFO] WebApp:186 - Connection restablished
2026-09-03 22:08:07,481 [INFO] WebApp:189 - Connection lost
2026-09-03 22:08:07,818 [INFO] WebApp:186 - Connection restablished
2026-09-03 22:09:23,990 [INFO] WebApp:189 - Connection lost
2026-09-03 22:09:24,508 [INFO] WebApp:186 - Connection restablished
2026-09-03 22:09:57,472 [INFO] WebApp:189 - Connection lost
2026-09-03 22:09:57,824 [INFO] WebApp:186 - Connection restablished
2026-09-03 22:10:26,007 [INFO] WebApp:189 - Connection lost
2026-09-03 22:10:26,245 [INFO] WebApp:186 - Connection restablished
2026-09-03 22:10:51,492 [INFO] WebApp:189 - Connection lost
2026-09-03 22:10:51,723 [INFO] WebApp:186 - Connection restablished
2026-09-03 22:11:26,008 [INFO] WebApp:189 - Connection lost
2026-09-03 22:11:26,284 [INFO] WebApp:186 - Connection restablished
2026-09-03 22:11:53,999 [INFO] WebApp:189 - Connection lost
2026-09-03 22:11:54,240 [INFO] WebApp:186 - Connection restablished
2026-09-03 22:12:36,002 [INFO] WebApp:189 - Connection lost
2026-09-03 22:12:36,517 [INFO] WebApp:186 - Connection restablished
2026-09-03 22:13:25,485 [INFO] WebApp:189 - Connection lost
2026-09-03 22:13:25,883 [INFO] WebApp:186 - Connection restablished
2026-09-03 22:14:07,493 [INFO] WebApp:189 - Connection lost
2026-09-03 22:14:07,836 [INFO] WebApp:186 - Connection restablished
2026-09-03 22:14:25,988 [INFO] WebApp:189 - Connection lost
2026-09-03 22:14:26,223 [INFO] WebApp:186 - Connection restablished
2026-09-03 22:15:55,989 [INFO] WebApp:189 - Connection lost
2026-09-03 22:15:56,318 [INFO] WebApp:186 - Connection restablished
2026-09-03 22:17:36,002 [INFO] WebApp:189 - Connection lost
2026-09-03 22:17:36,292 [INFO] WebApp:186 - Connection restablished
2026-09-03 22:18:43,506 [INFO] WebApp:189 - Connection lost
2026-09-03 22:18:43,923 [INFO] WebApp:186 - Connection restablished
2026-09-03 22:20:25,994 [INFO] WebApp:189 - Connection lost
2026-09-03 22:20:26,333 [INFO] WebApp:186 - Connection restablished
2026-09-03 22:20:45,983 [INFO] WebApp:189 - Connection lost
2026-09-03 22:20:46,205 [INFO] WebApp:186 - Connection restablished
2026-09-03 22:21:04,486 [INFO] WebApp:189 - Connection lost
2026-09-03 22:21:04,731 [INFO] WebApp:186 - Connection restablished
2026-09-03 22:21:41,489 [INFO] WebApp:189 - Connection lost
2026-09-03 22:21:41,812 [INFO] WebApp:186 - Connection restablished
2026-09-03 22:21:55,992 [INFO] WebApp:189 - Connection lost
2026-09-03 22:21:56,255 [INFO] WebApp:186 - Connection restablished
2026-09-03 22:23:17,990 [INFO] WebApp:189 - Connection lost
2026-09-03 22:23:18,319 [INFO] WebApp:186 - Connection restablished
2026-09-03 22:24:32,511 [INFO] WebApp:189 - Connection lost
2026-09-03 22:24:32,895 [INFO] WebApp:186 - Connection restablished
2026-09-03 22:24:51,485 [INFO] WebApp:189 - Connection lost
2026-09-03 22:24:51,752 [INFO] WebApp:186 - Connection restablished
2026-09-03 22:25:07,487 [INFO] WebApp:189 - Connection lost
2026-09-03 22:25:07,721 [INFO] WebApp:186 - Connection restablished
2026-09-03 22:27:27,999 [INFO] WebApp:189 - Connection lost
2026-09-03 22:27:28,292 [INFO] WebApp:186 - Connection restablished
2026-09-03 22:28:07,491 [INFO] WebApp:189 - Connection lost
2026-09-03 22:28:07,825 [INFO] WebApp:186 - Connection restablished
2026-09-03 22:28:45,985 [INFO] WebApp:189 - Connection lost
2026-09-03 22:28:46,361 [INFO] WebApp:186 - Connection restablished
2026-09-03 22:29:04,486 [INFO] WebApp:189 - Connection lost
2026-09-03 22:29:04,837 [INFO] WebApp:186 - Connection restablished
2026-09-03 22:30:21,492 [INFO] WebApp:189 - Connection lost
2026-09-03 22:30:21,772 [INFO] WebApp:186 - Connection restablished
2026-09-03 22:32:07,497 [INFO] WebApp:189 - Connection lost
2026-09-03 22:32:09,835 [INFO] WebApp:186 - Connection restablished
2026-09-03 22:32:45,995 [INFO] WebApp:189 - Connection lost
2026-09-03 22:32:46,395 [INFO] WebApp:186 - Connection restablished
2026-09-03 22:33:03,504 [INFO] WebApp:189 - Connection lost
2026-09-03 22:33:03,824 [INFO] WebApp:186 - Connection restablished
2026-09-03 22:33:26,494 [INFO] WebApp:189 - Connection lost
2026-09-03 22:33:26,827 [INFO] WebApp:186 - Connection restablished
2026-09-03 22:34:55,987 [INFO] WebApp:189 - Connection lost
2026-09-03 22:34:56,424 [INFO] WebApp:186 - Connection restablished
2026-09-03 22:35:21,487 [INFO] WebApp:189 - Connection lost
2026-09-03 22:35:21,818 [INFO] WebApp:186 - Connection restablished
2026-09-03 22:35:30,492 [INFO] WebApp:189 - Connection lost
2026-09-03 22:35:30,760 [INFO] WebApp:186 - Connection restablished
2026-09-03 22:36:03,987 [INFO] WebApp:189 - Connection lost
2026-09-03 22:36:04,303 [INFO] WebApp:186 - Connection restablished
2026-09-03 22:36:46,000 [INFO] WebApp:189 - Connection lost
2026-09-03 22:36:46,387 [INFO] WebApp:186 - Connection restablished
2026-09-03 22:37:16,506 [INFO] WebApp:189 - Connection lost
2026-09-03 22:37:16,835 [INFO] WebApp:186 - Connection restablished
2026-09-03 22:37:36,003 [INFO] WebApp:189 - Connection lost
2026-09-03 22:37:36,250 [INFO] WebApp:186 - Connection restablished
2026-09-03 22:39:57,996 [INFO] WebApp:189 - Connection lost
2026-09-03 22:39:58,274 [INFO] WebApp:186 - Connection restablished
2026-09-03 22:40:40,507 [INFO] WebApp:189 - Connection lost
2026-09-03 22:40:40,752 [INFO] WebApp:186 - Connection restablished
2026-09-03 22:41:24,998 [INFO] WebApp:189 - Connection lost
2026-09-03 22:41:25,420 [INFO] WebApp:186 - Connection restablished
2026-09-03 22:42:05,985 [INFO] WebApp:189 - Connection lost
2026-09-03 22:42:06,387 [INFO] WebApp:186 - Connection restablished
2026-09-03 22:42:24,980 [INFO] WebApp:189 - Connection lost
2026-09-03 22:42:25,327 [INFO] WebApp:186 - Connection restablished
2026-09-03 22:43:17,523 [INFO] WebApp:189 - Connection lost
2026-09-03 22:43:17,802 [INFO] WebApp:186 - Connection restablished
2026-09-03 22:43:52,496 [INFO] WebApp:189 - Connection lost
2026-09-03 22:43:52,786 [INFO] WebApp:186 - Connection restablished
2026-09-03 22:45:17,003 [INFO] WebApp:189 - Connection lost
2026-09-03 22:45:17,399 [INFO] WebApp:186 - Connection restablished
2026-09-03 22:46:13,992 [INFO] WebApp:189 - Connection lost
2026-09-03 22:46:14,331 [INFO] WebApp:186 - Connection restablished
2026-09-03 22:46:33,487 [INFO] WebApp:189 - Connection lost
2026-09-03 22:46:33,730 [INFO] WebApp:186 - Connection restablished
2026-09-03 22:47:17,502 [INFO] WebApp:189 - Connection lost
2026-09-03 22:47:17,814 [INFO] WebApp:186 - Connection restablished
2026-09-03 22:47:35,992 [INFO] WebApp:189 - Connection lost
2026-09-03 22:47:36,231 [INFO] WebApp:186 - Connection restablished
2026-09-03 22:47:44,501 [INFO] WebApp:189 - Connection lost
2026-09-03 22:47:44,737 [INFO] WebApp:186 - Connection restablished
2026-09-03 22:48:38,014 [INFO] WebApp:189 - Connection lost
2026-09-03 22:48:38,272 [INFO] WebApp:186 - Connection restablished
2026-09-03 22:51:41,984 [INFO] WebApp:189 - Connection lost
2026-09-03 22:51:42,282 [INFO] WebApp:186 - Connection restablished
2026-09-03 22:52:05,489 [INFO] WebApp:189 - Connection lost
2026-09-03 22:52:05,743 [INFO] WebApp:186 - Connection restablished
2026-09-03 22:52:23,505 [INFO] WebApp:189 - Connection lost
2026-09-03 22:52:23,764 [INFO] WebApp:186 - Connection restablished
2026-09-03 22:53:15,984 [INFO] WebApp:189 - Connection lost
2026-09-03 22:53:16,358 [INFO] WebApp:186 - Connection restablished
2026-09-03 22:53:50,489 [INFO] WebApp:189 - Connection lost
2026-09-03 22:53:50,778 [INFO] WebApp:186 - Connection restablished
2026-09-03 22:54:34,989 [INFO] WebApp:189 - Connection lost
2026-09-03 22:54:35,310 [INFO] WebApp:186 - Connection restablished
2026-09-03 22:54:54,499 [INFO] WebApp:189 - Connection lost
2026-09-03 22:54:54,716 [INFO] WebApp:186 - Connection restablished
2026-09-03 22:55:23,994 [INFO] WebApp:189 - Connection lost
2026-09-03 22:55:24,320 [INFO] WebApp:186 - Connection restablished
2026-09-03 22:55:43,477 [INFO] WebApp:189 - Connection lost
2026-09-03 22:55:43,818 [INFO] WebApp:186 - Connection restablished
2026-09-03 22:56:22,491 [INFO] WebApp:189 - Connection lost
2026-09-03 22:56:22,869 [INFO] WebApp:186 - Connection restablished
2026-09-03 22:57:34,476 [INFO] WebApp:189 - Connection lost
2026-09-03 22:57:34,796 [INFO] WebApp:186 - Connection restablished
2026-09-03 22:58:54,503 [INFO] WebApp:189 - Connection lost
2026-09-03 22:58:54,836 [INFO] WebApp:186 - Connection restablished
2026-09-03 22:59:12,513 [INFO] WebApp:189 - Connection lost
2026-09-03 22:59:12,786 [INFO] WebApp:186 - Connection restablished
2026-09-03 22:59:21,493 [INFO] WebApp:189 - Connection lost
2026-09-03 22:59:21,729 [INFO] WebApp:186 - Connection restablished
2026-09-03 22:59:56,004 [INFO] WebApp:189 - Connection lost
2026-09-03 22:59:56,445 [INFO] WebApp:186 - Connection restablished
2026-09-03 23:00:38,004 [INFO] WebApp:189 - Connection lost
2026-09-03 23:00:38,322 [INFO] WebApp:186 - Connection restablished
2026-09-03 23:01:07,028 [INFO] WebApp:189 - Connection lost
2026-09-03 23:01:07,278 [INFO] WebApp:186 - Connection restablished
2026-09-03 23:02:42,964 [INFO] WebApp:189 - Connection lost
2026-09-03 23:02:43,246 [INFO] WebApp:186 - Connection restablished
2026-09-03 23:03:33,498 [INFO] WebApp:189 - Connection lost
2026-09-03 23:03:34,462 [INFO] WebApp:186 - Connection restablished
2026-09-03 23:03:56,483 [INFO] WebApp:189 - Connection lost
2026-09-03 23:03:56,833 [INFO] WebApp:186 - Connection restablished
2026-09-03 23:04:24,483 [INFO] WebApp:189 - Connection lost
2026-09-03 23:04:24,795 [INFO] WebApp:186 - Connection restablished
2026-09-03 23:05:17,492 [INFO] WebApp:189 - Connection lost
2026-09-03 23:05:17,907 [INFO] WebApp:186 - Connection restablished
2026-09-03 23:05:37,479 [INFO] WebApp:189 - Connection lost
2026-09-03 23:05:37,818 [INFO] WebApp:186 - Connection restablished
2026-09-03 23:07:24,974 [INFO] WebApp:189 - Connection lost
2026-09-03 23:07:25,732 [INFO] WebApp:186 - Connection restablished
2026-09-03 23:08:33,001 [INFO] WebApp:189 - Connection lost
2026-09-03 23:08:33,408 [INFO] WebApp:186 - Connection restablished
2026-09-03 23:09:03,009 [INFO] WebApp:189 - Connection lost
2026-09-03 23:09:03,346 [INFO] WebApp:186 - Connection restablished
2026-09-03 23:09:40,468 [INFO] WebApp:189 - Connection lost
2026-09-03 23:09:40,754 [INFO] WebApp:186 - Connection restablished
2026-09-03 23:09:57,974 [INFO] WebApp:189 - Connection lost
2026-09-03 23:09:58,219 [INFO] WebApp:186 - Connection restablished
2026-09-03 23:10:17,476 [INFO] WebApp:189 - Connection lost
2026-09-03 23:10:17,708 [INFO] WebApp:186 - Connection restablished
2026-09-03 23:12:23,988 [INFO] WebApp:189 - Connection lost
2026-09-03 23:12:24,452 [INFO] WebApp:186 - Connection restablished
2026-09-03 23:12:42,970 [INFO] WebApp:189 - Connection lost
2026-09-03 23:12:43,325 [INFO] WebApp:186 - Connection restablished
2026-09-03 23:13:21,993 [INFO] WebApp:189 - Connection lost
2026-09-03 23:13:22,248 [INFO] WebApp:186 - Connection restablished
2026-09-03 23:13:41,484 [INFO] WebApp:189 - Connection lost
2026-09-03 23:13:41,724 [INFO] WebApp:186 - Connection restablished
2026-09-03 23:13:57,508 [INFO] WebApp:189 - Connection lost
2026-09-03 23:13:57,736 [INFO] WebApp:186 - Connection restablished
2026-09-03 23:15:15,976 [INFO] WebApp:189 - Connection lost
2026-09-03 23:15:16,328 [INFO] WebApp:186 - Connection restablished
2026-09-03 23:16:06,993 [INFO] WebApp:189 - Connection lost
2026-09-03 23:16:07,330 [INFO] WebApp:186 - Connection restablished
2026-09-03 23:17:01,495 [INFO] WebApp:189 - Connection lost
2026-09-03 23:17:01,928 [INFO] WebApp:186 - Connection restablished
2026-09-03 23:17:21,495 [INFO] WebApp:189 - Connection lost
2026-09-03 23:17:21,840 [INFO] WebApp:186 - Connection restablished
